id,file,line,context,original,translation,status,error
92fe1579,__DEFINES/tgs.config.dm,5,to_chat,"[span_notice(""[html_encode(##message)]"")]","[span_notice(""[html_encode(##message)]"")]",translated,
d6d37491,__HELPERS/admin.dm,46,to_chat,"[span_prefix(""APPROVAL REQUEST:"")] <span class='message linkify'>[admin_message] | [admin_specific_options]</span>","[span_prefix(""APPROVAL REQUEST:"")] <span class='message linkify'>[admin_message] | [admin_specific_options]</span>",translated,
ca21bdee,_onclick/ai.dm,323,to_chat,"[icon2html(src, user)] [span_warning(""The rail gun hasn't cooled down yet!"")]","[icon2html(src, user)] [span_warning(""The rail gun hasn't cooled down yet!"")]",translated,
40741509,_onclick/ai.dm,326,to_chat,"[icon2html(src, user)] [span_warning(""No target detected!"")]","[icon2html(src, user)] [span_warning(""No target detected!"")]",translated,
60f23b79,_onclick/ventcrawl.dm,51,visible_message,"[stealthy ? ""[src] begins climbing into the ventilation system..."" : """"]","[stealthy ? ""[src] begins climbing into the ventilation system..."" : """"]",translated,
d77517a7,_onclick/ventcrawl.dm,67,visible_message,"[stealthy ? ""[src] scrambles into the ventilation ducts!"" : """"]","[stealthy ? ""[src] scrambles into the ventilation ducts!"" : """"]",translated,
d9118efc,controllers/master.dm,410,to_chat,"<i>CRITICAL:</i> These subsystems have circular dependencies and cannot be initialized: [jointext(usr_msg, "", "")]","<i>严重警告：</i>这些子系统存在循环依赖，无法初始化：[jointext(usr_msg, "", "")]",translated,
2c77a91b,controllers/subsystem/ticker.dm,352,to_chat,"The alive players limit has been released!<br><a href='byond://?src=[REF(NP)];lobby_choice=late_join;override=1'>[html_encode("">>Join Game<<"")]</a>","存活玩家限制已解除！<br><a href='byond://?src={{P0}};lobby_choice=late_join;override=1'>[html_encode("">>Join Game<<"")]</a>",translated,
0c266ebd,controllers/subsystem/timer.dm,498,name,"Timer: [id] (\ref[src]), TTR: [timeToRun], wait:[wait] Flags: [jointext(bitfield2list(flags, bitfield_flags), "", "")], \
","计时器：[id] (\ref[src])，TTR：[timeToRun]，等待：[wait] 标志：[jointext(bitfield2list(flags, bitfield_flags), "", "")]，\",translated,
68c49f21,datums/components/bump_attack.dm,29,balloon_alert,"[should_enable ? ""attacking"" : ""pushing""] enemies in your way","[should_enable ? ""attacking"" : ""pushing""] 清除前方敌人",translated,
6449f032,datums/components/chem_booster.dm,287,to_chat,"Commencing green blood injection.<b>[(automatic_meds_use && meds_beaker.reagents.total_volume) ? "" Adding additional reagents."" : """"]</b>","开始注入绿色血液。<b>[(automatic_meds_use && meds_beaker.reagents.total_volume) ? "" Adding additional reagents."" : """"]</b>",translated,
f7b5718d,datums/components/chem_booster.dm,447,balloon_alert,"[automatic_meds_use ? ""now"" : ""no longer""] injecting loaded reagents","[automatic_meds_use ? ""now"" : ""no longer""] 正在注入已装载的试剂",translated,
45d1efe8,datums/components/grillable.dm,76,visible_message,"<span class='[positive_result ? ""notice"" : ""warning""]'>[parent] turns into \a [grilled_result]!</span>",<span class='{{P0}}'>[parent] 变成了 \a [grilled_result]！</span>,translated,
d56b0891,datums/components/harvester.dm,271,to_chat,"You prepare to stab <b>[target != user ? ""[target]"" : ""yourself""]</b>!","你准备刺向<b>[target != user ? ""[target]"" : ""yourself""]</b>！",translated,
cf0f8b7a,datums/components/riding/riding_mob.dm,171,to_chat,"<span class='danger'>[human_parent] falls to the ground, bringing you with [human_parent.p_them()]!</span>",<span class='danger'>[human_parent] 摔倒在地，把 [human_parent.p_them()] 也带倒了！</span>,translated,
9d809a5b,datums/components/riding/riding_mob.dm,283,to_chat,"<span class='danger'>[carrying_crusher] falls to the ground, bringing you with [carrying_crusher.p_them()]!</span>",<span class='danger'>[carrying_crusher] 摔倒在地，把 [carrying_crusher.p_them()] 也带倒了！</span>,translated,
0de8b0a7,datums/components/riding/riding_mob.dm,388,to_chat,"[carrying_runner] falls to the ground, bringing you with [carrying_runner.p_them()]!",[carrying_runner] 摔倒在地，把你也带倒了！,translated,
142fd4d8,datums/components/rotation.dm,157,balloon_alert,"[rotation_type == ROTATION_FLIP ? ""flipped"" : ""rotated""]","[rotation_type == ROTATION_FLIP ? ""flipped"" : ""rotated""]",translated,
05856d68,datums/components/shield.dm,187,to_chat,"\The [parent_item.name] [. ? ""softens"" : ""soaks""] the damage!","\The [parent_item.name] [. ? ""softens"" : ""soaks""] 压制伤害！",translated,
7e35dfa6,datums/components/shield.dm,254,to_chat,"\The [parent_item.name] [. ? ""softens"" : ""soaks""] the damage!","\The [parent_item.name] [. ? ""softens"" : ""soaks""] 压制伤害！",translated,
c56403a8,datums/elements/riding.dm,46,visible_message,<span class='warning'>[potential_rider] can't get [potential_rider.p_their()] footing on [target_movable]!</span>,<span class='warning'>[potential_rider]在[target_movable]上站不稳脚跟！</span>,translated,
483a9a83,datums/emergency_calls/clf.dm,11,to_chat,"<B>You grew up [pick(""on the TGMC prison station"",""in the LV-624 jungle"",""on a desert planet"",""on an icy colony"")] to a[pick(50;"" poor"", 15;"" well-off"", 35;""n average"")] family.</B>","<B>你在[pick(""on the TGMC prison station"",""in the LV-624 jungle"",""on a desert planet"",""on an icy colony"")]的一个[pick(50;"" poor"", 15;"" well-off"", 35;""n average"")]家庭中长大。</B>",translated,
2157008c,datums/emergency_calls/clf.dm,12,to_chat,"<B>You joined the CLF because [pick(20;""you harbor a strong hatred for the oppressive TerraGov"",5;""you are good at killing, and in times like these this is the place to be"", 10;""your militia was absorbed into the CLF"")] and you are considered a terrorist by the TGMC.</B>","<B>你加入CLF是因为[pick(20;""you harbor a strong hatred for the oppressive TerraGov"",5;""you are good at killing, and in times like these this is the place to be"", 10;""your militia was absorbed into the CLF"")]，并且被TGMC视为恐怖分子。</B>",translated,
2c581596,datums/emergency_calls/colonists.dm,29,to_chat,"<p style='font-size:1.5em'>[span_notice(""You are a colonist. You... wait for further orders!"")]</p>","<p style='font-size:1.5em'>[span_notice(""You are a colonist. You... wait for further orders!"")]</p>",translated,
140e851d,datums/emergency_calls/deathsquad.dm,9,to_chat,"<B>Though rumors say that [pick(""you work for a death squad group assigned in"", ""you were modified to not feel any emotions in a research lab of"", ""you were a soldier who was affected by PTSD after an operation in"", ""you were an product of a classified genetics research in"", ""you were an experimental soldier in the depths of"", ""left for dead and later recovered in"", ""listed as KIA but remained alive during a botchered operation in"", 5;""raised literally from the depths of hell itself. Only until you were recovered in"", 5;""raised literally from the Higher Power. But realized you were in"")] [pick(10;""Mars"", 10;""Earth's moon, Luna"", 10;""Earth"", 10;""a space station"", ""a war-ridden outpost"", ""a jungle"", ""a defunct TGMC-NT station"", ""a desert planet"", ""an icey colony"", ""a frozen cave system"", ""a molten planet"", ""a digsite"", ""a research outpost"")].</B>","<B>尽管有传言说[pick(""you work for a death squad group assigned in"", ""you were modified to not feel any emotions in a research lab of"", ""you were a soldier who was affected by PTSD after an operation in"", ""you were an product of a classified genetics research in"", ""you were an experimental soldier in the depths of"", ""left for dead and later recovered in"", ""listed as KIA but remained alive during a botchered operation in"", 5;""raised literally from the depths of hell itself. Only until you were recovered in"", 5;""raised literally from the Higher Power. But realized you were in"")] [pick(10;""Mars"", 10;""Earth's moon, Luna"", 10;""Earth"", 10;""a space station"", ""a war-ridden outpost"", ""a jungle"", ""a defunct TGMC-NT station"", ""a desert planet"", ""an icey colony"", ""a frozen cave system"", ""a molten planet"", ""a digsite"", ""a research outpost"")].</B>",translated,
2de2ea5f,datums/emergency_calls/deathsquad.dm,12,to_chat,"<B>Today, you and your squadmates are sent by Nanotrasen to the TGMC vessel, [SSmapping.configs[SHIP_MAP].map_name], after a long period of [pick(""cryostasis"", ""rest and relaxation"")].</b>","<B>今天，你和你的小队成员被纳米特拉森派遣至TGMC舰船[SSmapping.configs[SHIP_MAP].map_name]，在经历了漫长的[pick(""cryostasis"", ""rest and relaxation"")]之后。</b>",translated,
8a9537ff,datums/emergency_calls/deathsquad.dm,40,to_chat,"<p style='font-size:1.5em'>[span_notice(""You are the leader of the elite Asset Protection commando squad."")]</p>","<p style='font-size:1.5em'>[span_notice(""You are the leader of the elite Asset Protection commando squad."")]</p>",translated,
5639a32c,datums/emergency_calls/deathsquad.dm,46,to_chat,"<p style='font-size:1.5em'>[span_notice(""You are a member of the elite Asset Protection commando squad."")]</p>","<p style='font-size:1.5em'>[span_notice(""You are a member of the elite Asset Protection commando squad."")]</p>",translated,
851a2ae3,datums/emergency_calls/deathsquad.dm,51,to_chat,"<p style='font-size:1.5em'>[span_notice(""You are a member of the elite Asset Protection commando squad."")]</p>","<p style='font-size:1.5em'>[span_notice(""You are a member of the elite Asset Protection commando squad."")]</p>",translated,
3d1c058e,datums/emergency_calls/emergency_call.dm,81,to_chat,"<br><font size='3'>[span_attack(""An emergency beacon has been activated. Use the <B>Ghost > <a href='byond://?src=[REF(M)];join_ert=1'>Join Response Team</a></b> verb to join!"")]</font><br>","<br><font size='3'>[span_attack(""An emergency beacon has been activated. Use the <B>Ghost > <a href='byond://?src=[REF(M)];join_ert=1'>Join Response Team</a></b> verb to join!"")]</font><br>",translated,
fa6a223f,datums/emergency_calls/emergency_call.dm,82,to_chat,"[span_attack(""You cannot join if you have Ghosted before this message."")]<br>","[span_attack(""You cannot join if you have Ghosted before this message."")]<br>",translated,
cb1e16af,datums/emergency_calls/erp.dm,30,to_chat,"<p style='font-size:1.5em'>[span_notice(""You are an ERP Master Prankster sent to entertain & prank at the TGMC distress signal location sent nearby. Coordinate your fellow entertainers & pranksters in bringing joy to this situation!"")]</p>","<p style='font-size:1.5em'>[span_notice(""You are an ERP Master Prankster sent to entertain & prank at the TGMC distress signal location sent nearby. Coordinate your fellow entertainers & pranksters in bringing joy to this situation!"")]</p>",translated,
431fc102,datums/emergency_calls/erp.dm,36,to_chat,"<p style='font-size:1.5em'>[span_notice(""You are an ERP Pie Thrower sent to entertain & prank at the TGMC distress signal location sent nearby. Fire your amazing explosive pies at the sources of anti-fun!"")]</p>","<p style='font-size:1.5em'>[span_notice(""You are an ERP Pie Thrower sent to entertain & prank at the TGMC distress signal location sent nearby. Fire your amazing explosive pies at the sources of anti-fun!"")]</p>",translated,
8fd28ef9,datums/emergency_calls/erp.dm,42,to_chat,"<p style='font-size:1.5em'>[span_notice(""You are an ERP Boo-boo Kisser sent to entertain & prank at the TGMC distress signal location sent nearby. Use your anti-boo-boo equipment to keep your fellow pranksters alive & FUN!"")]</p>","<p style='font-size:1.5em'>[span_notice(""You are an ERP Boo-boo Kisser sent to entertain & prank at the TGMC distress signal location sent nearby. Use your anti-boo-boo equipment to keep your fellow pranksters alive & FUN!"")]</p>",translated,
55846bb8,datums/emergency_calls/erp.dm,47,to_chat,"<p style='font-size:1.5em'>[span_notice(""You are an ERP Prankster sent to entertain & prank at the TGMC distress signal location sent nearby. Entertain your friends & prank sources of anti-fun!"")]</p>","<p style='font-size:1.5em'>[span_notice(""You are an ERP Prankster sent to entertain & prank at the TGMC distress signal location sent nearby. Entertain your friends & prank sources of anti-fun!"")]</p>",translated,
3e252335,datums/emergency_calls/freelancers.dm,16,to_chat,"<B>You are part of a [pick(75;""distant"", 25;""close"")] family in a colony of [pick(25;""a space station"", 25;""Earth"", 50;""one of the many colonized planets"")].</b>","<B>你是[pick(25;""a space station"", 25;""Earth"", 50;""one of the many colonized planets"")]殖民地中一个[pick(75;""distant"", 25;""close"")]家庭的成员。</b>",translated,
179bd5d1,datums/emergency_calls/freelancers.dm,17,to_chat,"<B>However, due to [pick(""a famine"", ""a poverty"", ""a disease outbreak"", ""a small-scale disaster"", ""an uprising"", ""a mutiny"", ""the unbearable conditions"", ""the bad state"", ""the harsh opinion"")] in your colony, you abandoned her. You were then hired by [pick(""your cousin, who is a freelancer"", ""some freelancers"", ""a group of freelancers"", ""a squad of ex-military freelancers"", ""your long-lived companion, who is a freelancer"")] to be part of a freelance mercenary group.</b>","<B>然而，由于[pick(""a famine"", ""a poverty"", ""a disease outbreak"", ""a small-scale disaster"", ""an uprising"", ""a mutiny"", ""the unbearable conditions"", ""the bad state"", ""the harsh opinion"")]在您的殖民地发生，您抛弃了她。随后，您被[pick(""your cousin, who is a freelancer"", ""some freelancers"", ""a group of freelancers"", ""a squad of ex-military freelancers"", ""your long-lived companion, who is a freelancer"")]雇佣，成为一支自由佣兵小队的一员。</b>",translated,
b424ae21,datums/emergency_calls/icc.dm,48,to_chat,"<p style='font-size:1.5em'>[span_notice(""You are a trained member of the ICCGF, unlike most you are a dedicated infantryman, better known as a 'Guardsman'. You have been attached to this ICCN group to investigate the TGMC distress signal sent nearby. Be the vanguard of your squad!"")]</p>","<p style='font-size:1.5em'>[span_notice(""You are a trained member of the ICCGF, unlike most you are a dedicated infantryman, better known as a 'Guardsman'. You have been attached to this ICCN group to investigate the TGMC distress signal sent nearby. Be the vanguard of your squad!"")]</p>",translated,
10aebd5f,datums/emergency_calls/imperium.dm,6,to_chat,"<B>You grew up [pick(""on Cadia, the guardsmen factory"", ""on Holy Terra, the cradle of the Imperium"")] to [pick(5;""a wealthy family of nobles, but you weren't as good as they wanted you to be, so they kicked you out"",95;""a poor family that let you go on your own after you reached mature age, you never saw them again"")].</B>","<B>你在[pick(""on Cadia, the guardsmen factory"", ""on Holy Terra, the cradle of the Imperium"")]长大，后来搬到了[pick(5;""a wealthy family of nobles, but you weren't as good as they wanted you to be, so they kicked you out"",95;""a poor family that let you go on your own after you reached mature age, you never saw them again"")]。</B>",translated,
08e2375f,datums/emergency_calls/imperium.dm,7,to_chat,"<B>You joined the Imperial Guard because [pick(""you had nothing to lose, so you went with the worst, at least you could be somewhat useful"", ""after having your life be nothing but misery, you decided to make it even worse"")].</B>","<B>你加入帝国卫队是因为[pick(""you had nothing to lose, so you went with the worst, at least you could be somewhat useful"", ""after having your life be nothing but misery, you decided to make it even worse"")]。</B>",translated,
b37e8c8f,datums/emergency_calls/imperium.dm,31,to_chat,"<p style='font-size:1.5em'>[span_notice(""You are a veteran of the Imperial Guard, a sergeant.\nYou lead your men to battle, and have fought many times."")] [span_danger(""FOR THE EMPEROR!"")]</p>","<p style='font-size:1.5em'>[span_notice(""You are a veteran of the Imperial Guard, a sergeant.\nYou lead your men to battle, and have fought many times."")] [span_danger(""FOR THE EMPEROR!"")]</p>",translated,
4ab911af,datums/emergency_calls/imperium.dm,37,to_chat,"<p style='font-size:1.5em'>[span_notice(""You are a medicae of the Imperial Guard, a medic.\nYou help fellow guardsmen to live, and if they cannot be saved, you end their suffering."")] [span_danger(""FOR THE EMPEROR!"")]</p>","<p style='font-size:1.5em'>[span_notice(""You are a medicae of the Imperial Guard, a medic.\nYou help fellow guardsmen to live, and if they cannot be saved, you end their suffering."")] [span_danger(""FOR THE EMPEROR!"")]</p>",translated,
02c76d70,datums/emergency_calls/imperium.dm,43,to_chat,"<p style='font-size:1.5em'>[span_notice(""You are a member of the Imperial Guard, a lowly guardsman.\nThere are many like you, but you are special in your own way.\n"")][span_danger(""FOR THE EMPEROR!"")]</p>","<p style='font-size:1.5em'>[span_notice(""You are a member of the Imperial Guard, a lowly guardsman.\nThere are many like you, but you are special in your own way.\n"")][span_danger(""FOR THE EMPEROR!"")]</p>",translated,
ca7c279c,datums/emergency_calls/pizza.dm,29,to_chat,"<p style='font-size:1.5em'>[span_notice(""You are a Zippy Pizza delivery person and are assigned by your employers to... deliver pizza on the ship via distress signal!"")]</p>","<p style='font-size:1.5em'>[span_notice(""You are a Zippy Pizza delivery person and are assigned by your employers to... deliver pizza on the ship via distress signal!"")]</p>",translated,
655710b3,datums/emergency_calls/pmc.dm,16,to_chat,"<B>After leaving your [pick(75;""distant"", 20;""close"", 5;""ever-lovingly close"")] [pick(""family"", ""friends"", ""band of friends"", ""friend group"", ""relatives"", ""cousins"")] [pick(""behind"", ""behind in safety"", ""behind secretly"", ""behind regrettably"")], you decided to join the ranks of a private military contracting group working for Nanotrasen.</b>","<B>离开你的[pick(75;""distant"", 20;""close"", 5;""ever-lovingly close"")][pick(""family"", ""friends"", ""band of friends"", ""friend group"", ""relatives"", ""cousins"")][pick(""behind"", ""behind in safety"", ""behind secretly"", ""behind regrettably"")]后，你决定加入为纳米特拉森工作的私营军事承包集团。",translated,
28a01651,datums/emergency_calls/pmc.dm,17,to_chat,"<B>Working there has proven to be [pick(50;""very"", 20;""somewhat"", 5;""astoundingly"")] profitable for you.</b>","<B>在那里工作对你来说已被证明是[pick(50;""very"", 20;""somewhat"", 5;""astoundingly"")]有利可图的。</b>",translated,
2873b046,datums/emergency_calls/pmc.dm,18,to_chat,"<B>While you are [pick(""enlisted as"", ""officially"", ""part-time officially"", ""privately"")] [pick(""an employee"", ""a security officer"", ""an officer"")], much of your work is off the books. You work as a skilled rapid-response contractor.</b>","<B>虽然你名义上是[pick(""enlisted as"", ""officially"", ""part-time officially"", ""privately"")] [pick(""an employee"", ""a security officer"", ""an officer"")]，但大部分工作都是非官方的。你是一名技术娴熟的快速反应承包商。</b>",translated,
e5ed69a4,datums/emergency_calls/pmc.dm,45,to_chat,"<p style='font-size:1.5em'>[span_notice(""You are the leader of this private military contractor team in responding to the TGMC distress signal sent out nearby. Address the situation and get your team to safety!"")]</p>","<p style='font-size:1.5em'>[span_notice(""You are the leader of this private military contractor team in responding to the TGMC distress signal sent out nearby. Address the situation and get your team to safety!"")]</p>",translated,
b46b852f,datums/emergency_calls/pmc.dm,51,to_chat,"<p style='font-size:1.5em'>[span_notice(""You are a PMC heavy gunner assigned to this team to respond to the TGMC distress signal sent out nearby. Be the back guard of your squad!"")]</p>","<p style='font-size:1.5em'>[span_notice(""You are a PMC heavy gunner assigned to this team to respond to the TGMC distress signal sent out nearby. Be the back guard of your squad!"")]</p>",translated,
9da81853,datums/emergency_calls/pmc.dm,58,to_chat,"<p style='font-size:1.5em'>[span_notice(""You are a PMC heavy sniper assigned to this team to respond to the TGMC distress signal sent out nearby. Support your squad with long ranged firepower!"")]</p>","<p style='font-size:1.5em'>[span_notice(""You are a PMC heavy sniper assigned to this team to respond to the TGMC distress signal sent out nearby. Support your squad with long ranged firepower!"")]</p>",translated,
0b85c521,datums/emergency_calls/pmc.dm,64,to_chat,"<p style='font-size:1.5em'>[span_notice(""You are a private military contractor assigned to this team to respond to the TGMC distress signal sent out nearby. Assist your team and protect NT's interests whenever possible!"")]</p>","<p style='font-size:1.5em'>[span_notice(""You are a private military contractor assigned to this team to respond to the TGMC distress signal sent out nearby. Assist your team and protect NT's interests whenever possible!"")]</p>",translated,
10898d71,datums/emergency_calls/sectoid.dm,38,to_chat,"<p style='font-size:1.5em'>[span_notice(""You are the leader of this scouting expedition. You are able to use your stronger psionic powers to protect yourself from harm."")]</p>","<p style='font-size:1.5em'>[span_notice(""You are the leader of this scouting expedition. You are able to use your stronger psionic powers to protect yourself from harm."")]</p>",translated,
ab6fc7c2,datums/emergency_calls/sectoid.dm,44,to_chat,"<p style='font-size:1.5em'>[span_notice(""You are a psionic warrior, with moderate psionic potential."")]</p>","<p style='font-size:1.5em'>[span_notice(""You are a psionic warrior, with moderate psionic potential."")]</p>",translated,
1c64ebc0,datums/emergency_calls/sectoid.dm,50,to_chat,"<p style='font-size:1.5em'>[span_notice(""You are a grunt, with limited psionic potential."")]</p>","<p style='font-size:1.5em'>[span_notice(""You are a grunt, with limited psionic potential."")]</p>",translated,
b294a1c9,datums/emergency_calls/skeleton.dm,34,to_chat,"<p style='font-size:1.5em'>[span_notice(""You are the skeleton-in-chief. Lead your long-dead comrades to un-undeath or glory."")]</p>","<p style='font-size:1.5em'>[span_notice(""You are the skeleton-in-chief. Lead your long-dead comrades to un-undeath or glory."")]</p>",translated,
8252cc62,datums/emergency_calls/skeleton.dm,39,to_chat,"<p style='font-size:1.5em'>[span_notice(""You are a skeleton, with cool bones and stuff."")]</p>","<p style='font-size:1.5em'>[span_notice(""You are a skeleton, with cool bones and stuff."")]</p>",translated,
59f96036,datums/emergency_calls/sons_of_mars_breachers.dm,10,to_chat,"<B>You [pick(""grew up in the mines working in horrible conditions until signing up to"", ""were part of a poor family until you decided to leave to join"", ""were born on a colony on Mars to a family of several brothers and sisters before leaving to"", ""worked at horrible conditions in the mines until deciding to leave to join"", ""have a proud family tradition of military service so enrolled as early as possible to serve"")] the Sons of Mars (SoM).</b>","<B>你 [pick(""grew up in the mines working in horrible conditions until signing up to"", ""were part of a poor family until you decided to leave to join"", ""were born on a colony on Mars to a family of several brothers and sisters before leaving to"", ""worked at horrible conditions in the mines until deciding to leave to join"", ""have a proud family tradition of military service so enrolled as early as possible to serve"")] 火星之子（SoM）。</b>",translated,
bc335c7d,datums/emergency_calls/sons_of_mars_breachers.dm,11,to_chat,"<B>Due to your [pick(""marked distinction in combat"", ""ruthless record fighting against TGMC"", ""family's connections"", ""previous failures in combat"")] you have been assigned to the 5th Special Assault Force of the SOM.</b>","<B>鉴于您的[pick(""marked distinction in combat"", ""ruthless record fighting against TGMC"", ""family's connections"", ""previous failures in combat"")]，您已被分配至SOM第五特种突击部队。</b>",translated,
12aaadb7,datums/emergency_calls/sons_of_mars_breachers.dm,42,to_chat,"<p style='font-size:1.5em'>[span_notice(""You are a member of the Sons of Mars assigned to lead this elite breaching team, sent to response to the TGMC distress signal sent out nearby. Lead your team with conviction and crush the Terra Gov scum!"")]</p>","<p style='font-size:1.5em'>[span_notice(""You are a member of the Sons of Mars assigned to lead this elite breaching team, sent to response to the TGMC distress signal sent out nearby. Lead your team with conviction and crush the Terra Gov scum!"")]</p>",translated,
97333a4e,datums/emergency_calls/sons_of_mars_breachers.dm,47,to_chat,"<p style='font-size:1.5em'>[span_notice(""You are a Sons of Mars medic assigned to this elite breaching team, sent to response to the TGMC distress signal sent out nearby. Keep your squad alive in this fight!"")]</p>","<p style='font-size:1.5em'>[span_notice(""You are a Sons of Mars medic assigned to this elite breaching team, sent to response to the TGMC distress signal sent out nearby. Keep your squad alive in this fight!"")]</p>",translated,
c3b45744,datums/emergency_calls/sons_of_mars_breachers.dm,53,to_chat,"<p style='font-size:1.5em'>[span_notice(""You are a veteran of the Sons of Mars trusted with specialised weaponry. You are assigned to this elite breaching team, sent to response to the TGMC distress signal sent out nearby. Do them proud and kill all who stand in your way!"")]</p>","<p style='font-size:1.5em'>[span_notice(""You are a veteran of the Sons of Mars trusted with specialised weaponry. You are assigned to this elite breaching team, sent to response to the TGMC distress signal sent out nearby. Do them proud and kill all who stand in your way!"")]</p>",translated,
f070aafa,datums/emergency_calls/sonsofmars.dm,11,to_chat,"<B>You [pick(""grew up in the mines working in horrible conditions until signing up to"", ""were part of a poor family until you decided to leave to join"", ""were born on a colony on Mars to a family of several brothers and sisters before leaving to"", ""worked at horrible conditions in the mines until deciding to leave to join"")] the Sons of Mars (SoM).</b>","<B>你 [pick(""grew up in the mines working in horrible conditions until signing up to"", ""were part of a poor family until you decided to leave to join"", ""were born on a colony on Mars to a family of several brothers and sisters before leaving to"", ""worked at horrible conditions in the mines until deciding to leave to join"")] 火星之子（SoM）。</b>",translated,
480f0c95,datums/emergency_calls/sonsofmars.dm,41,to_chat,"<p style='font-size:1.5em'>[span_notice(""You are a member of the Sons of Mars assigned to lead this fireteam to the TGMC distress signal sent out nearby. Lead your fireteam to top-working conidition!"")]</p>","<p style='font-size:1.5em'>[span_notice(""You are a member of the Sons of Mars assigned to lead this fireteam to the TGMC distress signal sent out nearby. Lead your fireteam to top-working conidition!"")]</p>",translated,
bad70c6d,datums/emergency_calls/sonsofmars.dm,46,to_chat,"<p style='font-size:1.5em'>[span_notice(""You are a Sons of Mars medic assigned to this fireteam to respond to the TGMC distress signal sent out nearby. Keep your squad alive in this fight!"")]</p>","<p style='font-size:1.5em'>[span_notice(""You are a Sons of Mars medic assigned to this fireteam to respond to the TGMC distress signal sent out nearby. Keep your squad alive in this fight!"")]</p>",translated,
71f62075,datums/emergency_calls/sonsofmars.dm,52,to_chat,"<p style='font-size:1.5em'>[span_notice(""You are a veteran of the Sons of Mars trusted with specialised weaponry. You are assigned to this fireteam to respond to the TGMC distress signal sent out nearby. Do them proud and kill all who stand in your teams way!"")]</p>","<p style='font-size:1.5em'>[span_notice(""You are a veteran of the Sons of Mars trusted with specialised weaponry. You are assigned to this fireteam to respond to the TGMC distress signal sent out nearby. Do them proud and kill all who stand in your teams way!"")]</p>",translated,
b6626d7b,datums/emergency_calls/sonsofmars.dm,58,to_chat,"<p style='font-size:1.5em'>[span_notice(""You are a veteran of the Sons of Mars and are assigned to this fireteam to respond to the TGMC distress signal sent out nearby. Do them proud and kill all who stand in your teams way!"")]</p>","<p style='font-size:1.5em'>[span_notice(""You are a veteran of the Sons of Mars and are assigned to this fireteam to respond to the TGMC distress signal sent out nearby. Do them proud and kill all who stand in your teams way!"")]</p>",translated,
a465a59a,datums/emergency_calls/special_forces.dm,40,to_chat,"<p style='font-size:1.5em'>[span_notice(""You are the specially trained drone operator of this special force group directed to investigate the TGMC distress signal sent nearby. Don't let you and your team's guard down!"")]</p>","<p style='font-size:1.5em'>[span_notice(""You are the specially trained drone operator of this special force group directed to investigate the TGMC distress signal sent nearby. Don't let you and your team's guard down!"")]</p>",translated,
e231cd01,datums/emergency_calls/special_forces.dm,46,to_chat,"<p style='font-size:1.5em'>[span_notice(""You are a specially trained member of this special force group directed to investigate the TGMC distress signal sent nearby. Be the vanguard of your squad!"")]</p>","<p style='font-size:1.5em'>[span_notice(""You are a specially trained member of this special force group directed to investigate the TGMC distress signal sent nearby. Be the vanguard of your squad!"")]</p>",translated,
52e1d825,datums/emergency_calls/upp.dm,9,to_chat,"<B>You grew up on [pick(50;""an asteriod"", 25;""a famished colony"", 25;""a classified station"")] with [pick(75;""few"", 25;""some"")] belongings or luxuries.</B>","<B>你在[pick(50;""an asteriod"", 25;""a famished colony"", 25;""a classified station"")]长大，拥有[pick(75;""few"", 25;""some"")]的财产或奢侈品。</B>",translated,
96393fe8,datums/emergency_calls/upp.dm,10,to_chat,"<B>The family you grew up with were [pick(50;""getting by"", 25;""impoverished"", 25;""starving"")] and you were one of [pick(10;""two"", 20;""three"", 30;""four"", 20;""five"", 20;""six"")] children.</B>","<B>你成长的家庭是[pick(50;""getting by"", 25;""impoverished"", 25;""starving"")]，你是[pick(10;""two"", 20;""three"", 30;""four"", 20;""five"", 20;""six"")]个孩子中的一员。</B>",translated,
e163aaa5,datums/emergency_calls/upp.dm,11,to_chat,"<B>You come from a long line of [pick(50;""pirates"", 25;""renegades"", 25;""rogue soldiers"")] and quickly joined the local band to improve your living conditions.</B>","<B>你出身于[pick(50;""pirates"", 25;""renegades"", 25;""rogue soldiers"")]世家，为了改善生活条件，很快就加入了当地的海军陆战队。",translated,
e6eff1fb,datums/emergency_calls/upp.dm,15,to_chat,"You speak in a language that humans cannot understand, only you and your fellow pirates can.<br>Type in <b>\"",0 <text>\"" in the say verb</b> to speak in Galactic Common.<br>Type in <b>\"";,0 <text>\"" in the say verb</b> to commincate the radio in Galactic Common.","你使用的语言人类无法理解，只有你和你的海盗同伴能听懂。<br>在发言动词中输入<b>"",0 <text>""</b>即可使用银河通用语交流。<br>在发言动词中输入<b>"";,0 <text>""</b>即可通过无线电使用银河通用语通讯。",translated,
1b81f58c,datums/emergency_calls/upp.dm,41,to_chat,"<p style='font-size:1.5em'>[span_notice(""You are the leader of the USL pirate band in responding to the TGMC distress signal sent nearby. Let your squadmates march to battle, for the USL!"")]</p>","<p style='font-size:1.5em'>[span_notice(""You are the leader of the USL pirate band in responding to the TGMC distress signal sent nearby. Let your squadmates march to battle, for the USL!"")]</p>",translated,
ca8d5f11,datums/emergency_calls/upp.dm,47,to_chat,"<p style='font-size:1.5em'>[span_notice(""You are a medic of the USL pirate band to respond to the TGMC distress signal sent nearby. Kit up and get ready to tend wounds!"")]</p>","<p style='font-size:1.5em'>[span_notice(""You are a medic of the USL pirate band to respond to the TGMC distress signal sent nearby. Kit up and get ready to tend wounds!"")]</p>",translated,
5531a7be,datums/emergency_calls/upp.dm,54,to_chat,"<p style='font-size:1.5em'>[span_notice(""You are a specialist of the USL pirate band to respond to the TGMC distress signal sent nearby. Crush the vermin!"")]</p>","<p style='font-size:1.5em'>[span_notice(""You are a specialist of the USL pirate band to respond to the TGMC distress signal sent nearby. Crush the vermin!"")]</p>",translated,
daa442be,datums/emergency_calls/upp.dm,59,to_chat,"<p style='font-size:1.5em'>[span_notice(""You are a member of the USL pirate band to respond to the TGMC distress signal sent nearby. Do not forget your training, stand tall with your other pirates!"")]</p>","<p style='font-size:1.5em'>[span_notice(""You are a member of the USL pirate band to respond to the TGMC distress signal sent nearby. Do not forget your training, stand tall with your other pirates!"")]</p>",translated,
e94a76dc,datums/emergency_calls/upp.dm,69,to_chat,"<B>You grew up on [pick(50;""an asteriod"", 25;""a famished colony"", 25;""a classified station"")] with [pick(75;""few"", 25;""some"")] belongings or luxuries.</B>","<B>你在[pick(50;""an asteriod"", 25;""a famished colony"", 25;""a classified station"")]长大，拥有[pick(75;""few"", 25;""some"")]的财产或奢侈品。</B>",translated,
eda347e9,datums/emergency_calls/upp.dm,70,to_chat,"<B>The family you grew up with were [pick(50;""getting by"", 25;""impoverished"", 25;""starving"")] and you were one of [pick(10;""two"", 20;""three"", 30;""four"", 20;""five"", 20;""six"")] children.</B>","<B>你成长的家庭是[pick(50;""getting by"", 25;""impoverished"", 25;""starving"")]，你是[pick(10;""two"", 20;""three"", 30;""four"", 20;""five"", 20;""six"")]个孩子中的一员。</B>",translated,
2630ecd9,datums/emergency_calls/upp.dm,71,to_chat,"<B>You come from a long line of [pick(50;""pirates"", 25;""renegades"", 25;""rogue soldiers"")] and quickly joined the local band to improve your living conditions.</B>","<B>你出身于[pick(50;""pirates"", 25;""renegades"", 25;""rogue soldiers"")]世家，为了改善生活条件，很快就加入了当地的行列。",translated,
56e3fcb8,datums/emergency_calls/upp.dm,101,to_chat,"<p style='font-size:1.5em'>[span_notice(""You are the leader of the USL pirate band in responding to the TGMC distress signal sent nearby. Let your squadmates march to battle, for the USL!"")]</p>","<p style='font-size:1.5em'>[span_notice(""You are the leader of the USL pirate band in responding to the TGMC distress signal sent nearby. Let your squadmates march to battle, for the USL!"")]</p>",translated,
4e0ba83a,datums/emergency_calls/upp.dm,107,to_chat,"<p style='font-size:1.5em'>[span_notice(""You are a medic of the USL pirate band to respond to the TGMC distress signal sent nearby. Kit up and get ready to tend wounds!"")]</p>","<p style='font-size:1.5em'>[span_notice(""You are a medic of the USL pirate band to respond to the TGMC distress signal sent nearby. Kit up and get ready to tend wounds!"")]</p>",translated,
122ef3c2,datums/emergency_calls/upp.dm,114,to_chat,"<p style='font-size:1.5em'>[span_notice(""You are a specialist of the USL pirate band to respond to the TGMC distress signal sent nearby. Crush the vermin!"")]</p>","<p style='font-size:1.5em'>[span_notice(""You are a specialist of the USL pirate band to respond to the TGMC distress signal sent nearby. Crush the vermin!"")]</p>",translated,
de0eb33d,datums/emergency_calls/upp.dm,119,to_chat,"<p style='font-size:1.5em'>[span_notice(""You are a member of the USL pirate band to respond to the TGMC distress signal sent nearby. Do not forget your training, stand tall with your other pirates!"")]</p>","<p style='font-size:1.5em'>[span_notice(""You are a member of the USL pirate band to respond to the TGMC distress signal sent nearby. Do not forget your training, stand tall with your other pirates!"")]</p>",translated,
c15f9f10,datums/emergency_calls/upp_commando.dm,9,to_chat,"<B>You grew up on [pick(50;""an asteriod"", 25;""a famished colony"", 25;""a classified station"")] with [pick(75;""few"", 25;""some"")] belongings or luxuries.</B>","<B>你在[pick(50;""an asteriod"", 25;""a famished colony"", 25;""a classified station"")]长大，拥有[pick(75;""few"", 25;""some"")]的财产或奢侈品。</B>",translated,
fd3565f8,datums/emergency_calls/upp_commando.dm,10,to_chat,"<B>The family you grew up with were [pick(50;""getting by"", 25;""impoverished"", 25;""starving"")] and you were one of [pick(10;""two"", 20;""three"", 30;""four"", 20;""five"", 20;""six"")] children.</B>","<B>你成长的家庭是[pick(50;""getting by"", 25;""impoverished"", 25;""starving"")]，你是[pick(10;""two"", 20;""three"", 30;""four"", 20;""five"", 20;""six"")]个孩子中的一员。</B>",translated,
ee24e196,datums/emergency_calls/upp_commando.dm,11,to_chat,"<B>You come from a long line of [pick(25;""professionals"", 25;""renegades"", 50;""rogue soldiers"")] and quickly joined the local band to improve your living conditions.</B>","<B>你出身于[pick(25;""professionals"", 25;""renegades"", 50;""rogue soldiers"")]世家，为了改善生活条件，很快就加入了当地的海军陆战队。",translated,
76fe06f5,datums/emergency_calls/upp_commando.dm,15,to_chat,"You speak in a language that humans cannot understand, only you and your fellow pirates can.<br>Type in <b>\"",0 <text>\"" in the say verb</b> to speak in Galactic Common.<br>Type in <b>\"";,0 <text>\"" in the say verb</b> to commincate the radio in Galactic Common.","你使用的语言人类无法理解，只有你和你的海盗同伴能听懂。<br>在发言动词中输入<b>"",0 <text>""</b>即可使用银河通用语交流。<br>在发言动词中输入<b>"";,0 <text>""</b>即可通过无线电使用银河通用语通讯。",translated,
eb7013b8,datums/emergency_calls/upp_commando.dm,41,to_chat,"<p style='font-size:1.5em'>[span_notice(""You are the leader of the Elite USL pirate band."")]</p>","<p style='font-size:1.5em'>[span_notice(""You are the leader of the Elite USL pirate band."")]</p>",translated,
36e01159,datums/emergency_calls/upp_commando.dm,47,to_chat,"<p style='font-size:1.5em'>[span_notice(""You are the medic of the Elite USL pirate band."")]</p>","<p style='font-size:1.5em'>[span_notice(""You are the medic of the Elite USL pirate band."")]</p>",translated,
79859372,datums/emergency_calls/upp_commando.dm,53,to_chat,"<p style='font-size:1.5em'>[span_notice(""You are a member of the Elite USL pirate band."")]</p>","<p style='font-size:1.5em'>[span_notice(""You are a member of the Elite USL pirate band."")]</p>",translated,
6e99eb57,datums/emergency_calls/vsd.dm,46,to_chat,"<p style='font-size:1.5em'>[span_notice(""You are trained specially in several different skills. You are the gunner, frontliner, EXPLOSION! of your group. Welcome Specialist, protect your group at all costs. Hoorah!"")]</p>","<p style='font-size:1.5em'>[span_notice(""You are trained specially in several different skills. You are the gunner, frontliner, EXPLOSION! of your group. Welcome Specialist, protect your group at all costs. Hoorah!"")]</p>",translated,
1fad84d5,datums/gamemodes/_game_mode.dm,316,to_chat,"<br><br><h1>[span_danger(""End of Round Deathmatch initialization failed, please do not grief."")]</h1><br><br>","<br><br><h1>[span_danger(""End of Round Deathmatch initialization failed, please do not grief."")]</h1><br><br>",translated,
f64d81eb,datums/gamemodes/_game_mode.dm,327,to_chat,"<br><br><h1>[span_danger(""You don't have a mind, if you believe this is not intended, please report it."")]</h1><br><br>","<br><br><h1>[span_danger(""You don't have a mind, if you believe this is not intended, please report it."")]</h1><br><br>",translated,
4ead1141,datums/gamemodes/_game_mode.dm,338,to_chat,"<br><br><h1>[span_danger(""End of Round Deathmatch initialization failed, please do not grief."")]</h1><br><br>","<br><br><h1>[span_danger(""End of Round Deathmatch initialization failed, please do not grief."")]</h1><br><br>",translated,
e6954c0a,datums/gamemodes/_game_mode.dm,345,to_chat,"<br><br><h1>[span_danger(""Failed to find a valid location for End of Round Deathmatch. Please do not grief."")]</h1><br><br>","<br><br><h1>[span_danger(""Failed to find a valid location for End of Round Deathmatch. Please do not grief."")]</h1><br><br>",translated,
b3b6eeb1,datums/gamemodes/_game_mode.dm,358,to_chat,"<br><br><h1>[span_danger(""Fight for your life!"")]</h1><br><br>","<br><br><h1>[span_danger(""Fight for your life!"")]</h1><br><br>",translated,
bc8626ae,datums/gamemodes/campaign/faction_stats.dm,266,to_chat,"[user ? user : ""Auto selection""] has assigned [amount] attrition points for the next mission.","[user ? user : ""Auto selection""] 已为 [amount] 分配了下一次任务的损耗点数。",translated,
38bb53f7,datums/gamemodes/campaign/loadout_items/_TGMC/gloves.dm,75,desc,"You may like these gloves, but THEY think you are unworthy of them.",你或许喜欢这副手套，但{{P0}}们认为你不配拥有它们。,translated,
1a2b6345,datums/gamemodes/combat_patrol.dm,167,to_chat,"<br><font size='3'>[span_attack(""Reinforcements are gathering to join the fight, you can now respawn to join a fresh patrol!"")]</font><br>","<br><font size='3'>[span_attack(""Reinforcements are gathering to join the fight, you can now respawn to join a fresh patrol!"")]</font><br>",translated,
4ef712dc,datums/keybinding/mob.dm,253,balloon_alert,"self-harm [user.mob.do_self_harm ? ""active"" : ""inactive""]","自残 [user.mob.do_self_harm ? ""active"" : ""inactive""]",translated,
f6cb06ff,datums/keybinding/mob.dm,315,balloon_alert,"click-drag [user.prefs.toggles_gameplay & TOGGLE_CLICKDRAG ? ""inactive"" : ""active""]","点击并拖动 [user.prefs.toggles_gameplay & TOGGLE_CLICKDRAG ? ""inactive"" : ""active""]",translated,
c53253fa,datums/outfits/quick_load_outfits.dm,1703,desc,"Heavy armored breaching configuration. Equipped with a volkite charger configured for better one handed use, heavy armor upgraded with 'Lorica' armor reinforcements, a boarding shield and a good selection of grenades. Premier protection and deadly close range firepower.",重型装甲破门配置。配备一把便于单手持用的沃尔凯特充能枪，重型装甲升级了洛里卡装甲强化件，一面登舰盾牌和精选手榴弹。提供顶级防护和致命的近距离火力。,translated,
0b37e4ce,datums/outfits/quick_load_outfits.dm,1986,desc,"For the leader that prefers to be up close and personal. Equipped with a volkite charger with motion sensor and gyrostabiliser for better one handed use, Gorgon heavy armor with 'Valkyrie' autodoctor module and a good variety of grenades. Allows for excellent close to medium range firepower, with first rate survivability. Very dangerous.",适合偏爱近身作战的指挥官。配备带运动传感器和陀螺稳定器的伏尔凯特充能枪以优化单手持握，搭载瓦尔基里自动医疗模块的戈耳贡重型护甲，以及多种手榴弹。提供卓越的近中程火力，具备一流的生存能力。极度危险。,translated,
107184cd,datums/proximity_monitor/field.dm,186,to_chat,"You turn [src] [operating? ""on"":""off""].","你转动了[src] [operating? ""on"":""off""]。",translated,
057f1163,datums/status_effects/xeno_buffs.dm,800,visible_message,"[X]'s [armor_modifier ? ""chitin"" : ""claws""] glows with a vicious green!","[X]的[armor_modifier ? ""chitin"" : ""claws""]闪烁着恶毒的绿光！",translated,
22e5b458,datums/status_effects/xeno_buffs.dm,812,visible_message,"[X]'s [armor_modifier ? ""chitin"" : ""claws""] loses its green glow...","[X]的[armor_modifier ? ""chitin"" : ""claws""]失去了绿色的光芒...",translated,
cfff3785,datums/storage/storage.dm,730,to_chat,"<span class='notice'>You begin to [taking_out ? ""take"" : ""put""] [accessed] [taking_out ? ""out of"" : ""into""] \the [parent.name]","<span class='notice'>你开始[taking_out ? ""take"" : ""put""] [accessed] [taking_out ? ""out of"" : ""into""] \the [parent.name]",translated,
fb1f7c6c,game/buckling.dm,140,visible_message,[buckling_mob] buckles [buckling_mob.p_them()]self to [src].,[buckling_mob] 将[buckling_mob.p_them()]自己扣在[src]上。,translated,
89bcb9c2,game/objects/effects/decals/posters/bs12.dm,5,desc,"A safety poster with a female surgeon. \""Let the surgeons do their work. NEVER replace or remove a surgery tool from where the surgeon put it!\""",一张印有女外科医生的安全海报。{{P0}}让外科医生完成他们的工作。切勿移动或替换外科医生放置的手术工具！{{P1}},translated,
c36fcd08,game/objects/effects/overlays.dm,219,name,\improper[named] at [get_area_name(src)],\improper[named] 在 [get_area_name(src)],translated,
d0d95bee,game/objects/effects/spawners/random/misc_structure.dm,275,name,robotic showcase spawner,机器人展示生成器,translated,
0bb23ccb,game/objects/items/binoculars.dm,264,to_chat,"[icon2html(src, user)] [span_warning(""The Rail Gun hasn't cooled down yet!"")]","[icon2html(src, user)] [span_warning(""The Rail Gun hasn't cooled down yet!"")]",translated,
1f545d16,game/objects/items/binoculars.dm,266,to_chat,"[icon2html(src, user)] [span_warning(""No target detected!"")]","[icon2html(src, user)] [span_warning(""No target detected!"")]",translated,
00eaff1c,game/objects/items/binoculars.dm,285,to_chat,"[icon2html(src, user)] [span_warning(""No target detected!"")]","[icon2html(src, user)] [span_warning(""No target detected!"")]",translated,
602b203e,game/objects/items/cards_ids.dm,361,to_chat,"It reads: \""[fallen_names[1]] - [fallen_assignments[1]]\"".",上面写着：[fallen_names[1]] - [fallen_assignments[1]]。,translated,
b11d3e86,game/objects/items/cards_ids.dm,268,balloon_alert,[owner.p_they()] [p_are()]n't dead yet!,[owner.p_they()] [p_are()]还没死呢！,translated,
ffe8569e,game/objects/items/cards_ids.dm,121,name,"[(!newname)	? ""identification card""	: ""[newname]'s ID Card""][(!newjob) ? """" : "" ([newjob])""]","[(!newname)	? ""identification card""	: ""[newname]'s ID Card""][(!newjob) ? """" : "" ([newjob])""]",translated,
628dfb6c,game/objects/items/cards_ids.dm,123,name,"[(!paygrade) ? """" : ""[get_paygrades(paygrade, TRUE, gender)]. ""][(!registered_name)	? ""identification card""	: ""[registered_name]'s ID Card""][(!assignment) ? """" : "" ([assignment])""]","[(!paygrade) ? """" : ""[get_paygrades(paygrade, TRUE, gender)]. ""][(!registered_name)	? ""identification card""	: ""[registered_name]'s ID Card""][(!assignment) ? """" : "" ([assignment])""]",translated,
910f8cc5,game/objects/items/circuitboards/circuitboard.dm,169,to_chat,"[src] positioning set to [split_mode ? ""split window"" : ""normal window""].","[src] 定位已设定为 [split_mode ? ""split window"" : ""normal window""]。",translated,
e87a8ff6,game/objects/items/circuitboards/computer.dm,187,to_chat,"You [locked ? """" : ""un""]lock the circuit controls.","你[locked ? """" : ""un""]锁定了电路控制装置。",translated,
cbb7844a,game/objects/items/defibrillator.dm,109,visible_message,"[user] turns [src] [ready? ""on and opens the cover"" : ""off and closes the cover""].","[user]将[src]变成了[ready? ""on and opens the cover"" : ""off and closes the cover""]。",translated,
67e9334b,game/objects/items/devices/minimap_tablet.dm,324,to_chat,"That label contained a word prohibited in IC chat! Consider reviewing the server rules.\n<span replaceRegex='show_filtered_ic_chat'>\""[label_text]\""</span>",该标签包含IC聊天中禁止的词汇！请考虑查阅服务器规则。\n<span replaceRegex='show_filtered_ic_chat'>'[label_text]'</span>,translated,
92edee7d,game/objects/items/explosives/plastique.dm,205,to_chat,"[span_warning(""There is already a device attached to [src]"")].","[span_warning(""There is already a device attached to [src]"")].",translated,
98940003,game/objects/items/explosives/plastique.dm,208,to_chat,"[span_warning(""[src] is much too tough for you to do anything to it with [plastique]"")].","[span_warning(""[src] is much too tough for you to do anything to it with [plastique]"")].",translated,
72e34bf3,game/objects/items/flashlight.dm,98,to_chat,"You're going to need to remove that [(H.head && H.head.inventory_flags & COVEREYES) ? ""helmet"" : (H.wear_mask && H.wear_mask.inventory_flags & COVEREYES) ? ""mask"": ""glasses""] first.","你得先把那个[(H.head && H.head.inventory_flags & COVEREYES) ? ""helmet"" : (H.wear_mask && H.wear_mask.inventory_flags & COVEREYES) ? ""mask"": ""glasses""]取下来。",translated,
f775f503,game/objects/items/implants/implant.dm,128,to_chat,"You feel something melting inside [part ? ""your [part.display_name]"" : ""you""]!","你感觉[part ? ""your [part.display_name]"" : ""you""]体内有什么东西正在融化！",translated,
59e7c92d,game/objects/items/implants/implant_neurostim.dm,31,visible_message,"Something buzzes inside [implant_owner][part ? ""'s [part.display_name]"" : """"].","[implant_owner][part ? ""'s [part.display_name]"" : """"]体内有东西在嗡嗡作响。",translated,
31a214eb,game/objects/items/implants/implant_neurostim.dm,34,visible_message,"Something beeps inside [implant_owner][part ? ""'s [part.display_name]"" : """"].","[implant_owner][part ? ""'s [part.display_name]"" : """"]内部传来哔哔声。",translated,
27023601,game/objects/items/implants/sandevistan.dm,126,to_chat,"You turn your spinal implant [active? ""on"" : ""off""].","你将你的脊椎植入物[active? ""on"" : ""off""]。",translated,
aa3e3706,game/objects/items/multitool.dm,36,to_chat,"The local APC is located at [span_bold(""[dist] units [dir2text(direction)]"")].","本地装甲运兵车位于[span_bold(""[dist] units [dir2text(direction)]"")]。",translated,
ac516d78,game/objects/items/radio/detpack.dm,277,to_chat,"[span_warning(""[src] doesnt fit on [unmanned_target]"")]!","[span_warning(""[src] doesnt fit on [unmanned_target]"")]!",translated,
118f9f27,game/objects/items/radio/detpack.dm,282,to_chat,"[span_warning(""[W] is much too tough for you to do anything to it with [src]"")].","[span_warning(""[W] is much too tough for you to do anything to it with [src]"")].",translated,
16d23b32,game/objects/items/radio/detpack.dm,285,to_chat,"[span_warning(""There is already a device attached to [target]"")].","[span_warning(""There is already a device attached to [target]"")].",translated,
9a02ee7a,game/objects/items/radio/detpack.dm,299,to_chat,"[span_warning(""There is already a device attached to [target]"")].","[span_warning(""There is already a device attached to [target]"")].",translated,
7853d2f3,game/objects/items/radio/headset.dm,151,balloon_alert,"high-volume mode [use_command ? ""active"" : ""inactive""]","高音量模式 [use_command ? ""active"" : ""inactive""]",translated,
e51ece55,game/objects/items/radio/headset.dm,157,balloon_alert,"supply comms [channels[RADIO_CHANNEL_REQUISITIONS] ? ""active"" : ""inactive""]","补给通讯 [channels[RADIO_CHANNEL_REQUISITIONS] ? ""active"" : ""inactive""]",translated,
0cf37e99,game/objects/items/scanners/gas_analyzer.dm,37,to_chat,"[src]'s barometer function can't trace anything while the storm is [ongoing_weather.stage == MAIN_STAGE ? ""already here!"" : ""winding down.""]","[src]的气压计功能在风暴[ongoing_weather.stage == MAIN_STAGE ? ""already here!"" : ""winding down.""]期间无法追踪任何目标",translated,
75b83e8b,game/objects/items/scanners/gas_analyzer.dm,49,to_chat,[src]'s barometer function says a storm will land in approximately [fixed/10] Seconds].,[src]的气压计功能显示，一场风暴将在约[fixed/10]秒后登陆。,translated,
533238c5,game/objects/items/shards.dm,94,to_chat,"[isxeno(M) ? ""We"" : ""You""] step on \the [src], shattering it!","[isxeno(M) ? ""We"" : ""You""] 踩碎了 \the [src]！",translated,
e592f3f0,game/objects/items/shards.dm,100,to_chat,"[isxeno(M) ? ""We"" : ""You""] step on \the [src]!","[isxeno(M) ? ""We"" : ""You""] 踩到 \the [src] 了！",translated,
62e0d782,game/objects/items/shards.dm,23,visible_message,"[user] is slitting [user.p_their()] [pick(""wrists"", ""throat"")] with [src]! It looks like [user.p_theyre()] trying to commit suicide.","[user]正在用[src]割开[user.p_their()]的[pick(""wrists"", ""throat"")]！看起来像是[user.p_theyre()]试图自杀。",translated,
71348ec8,game/objects/items/stacks/medical.dm,50,balloon_alert,"limb is [affecting.limb_status & LIMB_ROBOT ? ""robotic"": ""organic""]!","肢体[affecting.limb_status & LIMB_ROBOT ? ""robotic"": ""organic""]！",translated,
e2aab813,game/objects/items/stacks/nanopaste.dm,30,visible_message,"[user] applies some nanite paste at [user != M ? ""[M]'s"" : """"] [S.display_name] with [src].","[user] 在 [user != M ? ""[M]'s"" : """"] [S.display_name] 处涂抹了一些纳米膏剂，使用 [src]。",translated,
e0b8891e,game/objects/items/storage/misc.dm,35,to_chat,"You [open ? ""close [src]. Another time, then."" : ""open [src]. Mmmmm... donuts.""]","你 [open ? ""close [src]. Another time, then."" : ""open [src]. Mmmmm... donuts.""]",translated,
1a89ee78,game/objects/items/tools/cleaning_tools.dm,127,desc,"A deluxe Waffle Co. brand bar of soap. Smells of [pick(""lavender"", ""vanilla"", ""strawberry"", ""chocolate"" ,""space"")].","一块豪华华夫饼公司品牌的肥皂。闻起来有[pick(""lavender"", ""vanilla"", ""strawberry"", ""chocolate"" ,""space"")]的味道。",translated,
22ee4cd2,game/objects/items/tools/extinguisher.dm,50,balloon_alert,"safety [safety ? ""on"" : ""off""]","安全 [safety ? ""on"" : ""off""]",translated,
7ad34c41,game/objects/items/tools/maintenance_tools.dm,43,visible_message,"[user] is stabbing the [name] into [user.p_their()] [pick(""temple"",""heart"")]! It looks like [user.p_theyre()] trying to commit suicide.","[user]正将[name]刺入[user.p_their()]的[pick(""temple"",""heart"")]！看起来像是[user.p_theyre()]在试图自杀。",translated,
7567563f,game/objects/items/tools/shovel_tools.dm,73,balloon_alert,"dumping [dirt_type == DIRT_TYPE_SNOW ? ""snow"" : ""dirt""]","正在丢弃 [dirt_type == DIRT_TYPE_SNOW ? ""snow"" : ""dirt""]",translated,
e926e60d,game/objects/items/tools/surgery_tools.dm,44,visible_message,"[user] presses the [name] to [user.p_their()] [pick(""temple"",""chest"")] and activates it! It looks like [user.p_theyre()] trying to commit suicide!","[user] 按下 [name] 的 [user.p_their()] [pick(""temple"",""chest"")] 并启动了它！看起来像是 [user.p_theyre()] 试图自杀！",translated,
0605d7f4,game/objects/items/toys/cards.dm,244,visible_message,"\The [user] [concealed ? ""conceals"" : ""reveals""] their hand.","\The [user] [concealed ? ""conceals"" : ""reveals""] 他们的手。",translated,
941317ce,game/objects/items/trash.dm,77,name,"\improper \""LiquidFood\"" ration",\improper 流食口粮,translated,
142f4e17,game/objects/items/trash.dm,109,desc,"The fortune reads. <br>[span_tip(""[pick(SSstrings.get_list_from_file(""tips/marine""))]"")]","运势显示。<br>[span_tip(""[pick(SSstrings.get_list_from_file(""tips/marine""))]"")]",translated,
fc23fd2d,game/objects/items/weapons/stunbaton.dm,119,to_chat,"[src] is now [status ? ""on"" : ""off""].","[src] 现在是 [status ? ""on"" : ""off""]。",translated,
ce60c2f7,game/objects/items/weapons/stunbaton.dm,232,to_chat,"\The [src] is now [status ? ""on"" : ""off""].","\The [src] 现已变为 [status ? ""on"" : ""off""]。",translated,
23ccd97e,game/objects/items/xeno_iff_tags.dm,17,to_chat,"[xeno] is dead, why would you waste a tag on it?",[xeno]已经死了，为什么还要浪费一个标签？,translated,
aee80b05,game/objects/items/xeno_iff_tags.dm,28,to_chat,Someone already attached a tag to [xeno] while you were busy!,在你忙碌的时候，已经有人给 [xeno] 贴上了标签！,translated,
14c6dc77,game/objects/items/xeno_iff_tags.dm,22,visible_message,[user] starts attaching [src] to [xeno].,[user] 开始将 [src] 安装到 [xeno] 上。,translated,
3bc643df,game/objects/items/xeno_iff_tags.dm,44,name,\[redacted\] xenomorph IFF tag,\[redacted\] 异形敌我识别标签,translated,
2bc3c80d,game/objects/machinery/OpTable.dm,103,visible_message,"[span_notice(""[user] fits the mask over [buckling_human]'s face and turns on the anesthetic."")]'","[span_notice(""[user] fits the mask over [buckling_human]'s face and turns on the anesthetic."")]'",translated,
4ee897ee,game/objects/machinery/artillery/mortar.dm,380,visible_message,"[icon2html(src, viewers(src))] [span_danger(""The [name] fires!"")]","[icon2html(src, viewers(src))] [span_danger(""The [name] fires!"")]",translated,
c4767f0a,game/objects/machinery/artillery/mortar.dm,249,say,"Targeting set by [user]. COORDINATES: X:[coords[""targ_x""]] Y:[coords[""targ_y""]] OFFSET: X:[coords[""dial_x""]] Y:[coords[""dial_y""]]","目标坐标已由[user]设定。坐标：X轴[coords[""targ_x""]] Y轴[coords[""targ_y""]] 偏移量：X轴[coords[""dial_x""]] Y轴[coords[""dial_y""]]",translated,
0dba21ff,game/objects/machinery/artillery/mortar.dm,302,say,"Remote targeting set by [user]. COORDINATES: X:[coords[""targ_x""]] Y:[coords[""targ_y""]] OFFSET: X:[coords[""dial_x""]] Y:[coords[""dial_y""]]","远程目标已由[user]设定。坐标：X轴[coords[""targ_x""]] Y轴[coords[""targ_y""]] 偏移量：X轴[coords[""dial_x""]] Y轴[coords[""dial_y""]]",translated,
925f3cdc,game/objects/machinery/autodoc.dm,395,visible_message,"[mover_of_occupant] starts [mover_of_occupant == future_occupant ? ""climbing"" : ""moving [future_occupant]""] into \the [src].","[mover_of_occupant] 开始将 [mover_of_occupant == future_occupant ? ""climbing"" : ""moving [future_occupant]""] 注入 \the [src]。",translated,
cd7dedf3,game/objects/machinery/camera/camera.dm,133,to_chat,"You screw the camera's panel [CHECK_BITFIELD(machine_stat, PANEL_OPEN) ? ""open"" : ""closed""].","你拧紧了摄像机的面板[CHECK_BITFIELD(machine_stat, PANEL_OPEN) ? ""open"" : ""closed""]。",translated,
f5d7bf5b,game/objects/machinery/camera/camera.dm,154,to_chat,"You [(view_range == initial(view_range)) ? ""restore"" : ""mess up""] the camera's focus.","你[(view_range == initial(view_range)) ? ""restore"" : ""mess up""]了摄像头的焦点。",translated,
27f99250,game/objects/machinery/camera/deployable_camera.dm,38,to_chat,"NOTICE - \""Huginn\"" ROC-58 Observer has been deployed at [AREACOORD_NO_Z(user)].",注意 - [AREACOORD_NO_Z(user)]已部署'胡金'ROC-58观察者。,translated,
264c7099,game/objects/machinery/cell_charger.dm,77,to_chat,"You [anchored ? ""attach"" : ""detach""] the cell charger [anchored ? ""to"" : ""from""] the ground","你将[anchored ? ""attach"" : ""detach""]细胞充电器[anchored ? ""to"" : ""from""]在地上",translated,
9823395b,game/objects/machinery/cloning/cloning.dm,277,visible_message,"[icon2html(src, viewers(src))] [span_notice(""<b>[src]</b> ejects the freshly spawned clone."")]","[icon2html(src, viewers(src))] [span_notice(""<b>[src]</b> ejects the freshly spawned clone."")]",translated,
5dbd41b1,game/objects/machinery/computer/communications.dm,108,to_chat,"That announcement contained a word prohibited in IC chat! Consider reviewing the server rules.\n<span replaceRegex='show_filtered_ic_chat'>\""[input]\""</span>",该公告包含IC聊天禁用词汇！请查阅服务器规则。\n<span replaceRegex='show_filtered_ic_chat'>'[input]'</span>,translated,
7264ac53,game/objects/machinery/data_disks.dm,21,to_chat,"You flip the write-protect tab to [src.read_only ? ""protected"" : ""unprotected""].","你将写保护标签翻到[src.read_only ? ""protected"" : ""unprotected""]。",translated,
2642f1e6,game/objects/machinery/doors/airlock.dm,388,visible_message,"[user] is [welded ? ""unwelding"":""welding""] the airlock.","[user]正在[welded ? ""unwelding"":""welding""]气闸。",translated,
728cf8e5,game/objects/machinery/doors/airlock.dm,396,visible_message,"[user.name] has [welded? ""welded shut"":""unwelded""] [src].","[user.name] 拥有 [welded? ""welded shut"":""unwelded""] [src]。",translated,
f49e796a,game/objects/machinery/doors/firedoor.dm,179,visible_message,"\The [src] [density ? ""open"" : ""close""]s for \the [user].","\The 为 \the [user] 提供 [src] [density ? ""open"" : ""close""]。",translated,
60cbfad7,game/objects/machinery/doors/firedoor.dm,222,visible_message,"\The [user] [blocked ? ""welds"" : ""unwelds""] \the [src] with \a [W].","\The [user] [blocked ? ""welds"" : ""unwelds""] \the [src] 使用 \a [W]。",translated,
e3780616,game/objects/machinery/doors/firedoor.dm,234,visible_message,"\The [user] starts to force \the [src] [density ? ""open"" : ""closed""] with \a [I]!","\The [user] 开始用 \a [I] 强行给 \the [src] [density ? ""open"" : ""closed""] 注射！",translated,
39ec882d,game/objects/machinery/doors/firedoor.dm,245,visible_message,"\The [user] forces \the [blocked ? ""welded "" : """" ][name] [density ? ""open"" : ""closed""] with \a [I]!","\The [user]部队\the [blocked ? ""welded "" : """" ][name] [density ? ""open"" : ""closed""]，使用\a [I]！",translated,
7ac2c2e0,game/objects/machinery/doors/firedoor.dm,216,balloon_alert,"[blocked ? ""unwelding"" : ""welding""]...","[blocked ? ""unwelding"" : ""welding""]...",translated,
79a62550,game/objects/machinery/fax.dm,168,to_chat,"You [anchored ? ""wrench"" : ""unwrench""] \the [src].","你 [anchored ? ""wrench"" : ""unwrench""] \the [src]。",translated,
e2aaf72d,game/objects/machinery/hologram.dm,303,to_chat,"[span_danger(""ERROR:"")] \black Image feed in progress.","[span_danger(""ERROR:"")] \black 图像传输中。",translated,
125fd1ac,game/objects/machinery/hologram.dm,331,to_chat,"[span_danger(""ERROR:"")] Unable to project hologram.","[span_danger(""ERROR:"")] 无法投射全息影像。",translated,
2c96850e,game/objects/machinery/iv_drip.dm,177,to_chat,"The IV drip is now [mode ? ""injecting"" : ""taking blood""].","静脉滴注现在[mode ? ""injecting"" : ""taking blood""]。",translated,
69eccdf4,game/objects/machinery/kitchen/smartfridge.dm,62,to_chat,"You [CHECK_BITFIELD(machine_stat, PANEL_OPEN) ? ""open"" : ""close""] the maintenance panel.","你[CHECK_BITFIELD(machine_stat, PANEL_OPEN) ? ""open"" : ""close""]了维护面板。",translated,
46c2beac,game/objects/machinery/overwatch/_overwatch.dm,137,to_chat,"Basic overwatch systems initialized. Welcome, [ID ? ""[ID.rank] "":""""][operator.name]. Please select a squad.","基础监视系统已初始化。欢迎，[ID ? ""[ID.rank] "":""""][operator.name]。请选择小队。",translated,
311e7a72,game/objects/machinery/overwatch/_overwatch.dm,145,to_chat,"Main overwatch systems initialized. Welcome, [ID ? ""[ID.rank] "":""""][operator.name].","主监视系统已初始化。欢迎，[ID ? ""[ID.rank] "":""""][operator.name]。",translated,
9311f3a0,game/objects/machinery/overwatch/_overwatch.dm,153,to_chat,"Overwatch systems deactivated. Goodbye, [ID ? ""[ID.rank] "":""""][operator ? ""[operator.name]"":""sysadmin""].","监视系统已停用。再见，[ID ? ""[ID.rank] "":""""][operator ? ""[operator.name]"":""sysadmin""]。",translated,
0853def4,game/objects/machinery/overwatch/_overwatch.dm,161,to_chat,"Main overwatch systems deactivated. Goodbye, [ID ? ""[ID.rank] "":""""][operator ? ""[operator.name]"":""sysadmin""].","主监视系统已停用。再见，[ID ? ""[ID.rank] "":""""][operator ? ""[operator.name]"":""sysadmin""]。",translated,
aa08bc7b,game/objects/machinery/overwatch/_overwatch.dm,186,to_chat,"[icon2html(src, operator)] [span_notice(""Marines are now sorted by health status."")]","[icon2html(src, operator)] [span_notice(""Marines are now sorted by health status."")]",translated,
d780dd32,game/objects/machinery/overwatch/_overwatch.dm,188,to_chat,"[icon2html(src, operator)] [span_notice(""Marines are now sorted by rank."")]","[icon2html(src, operator)] [span_notice(""Marines are now sorted by rank."")]",translated,
ac78997b,game/objects/machinery/overwatch/_overwatch.dm,192,to_chat,"[icon2html(src, operator)] [span_notice(""Dead marines are no longer shown."")]","[icon2html(src, operator)] [span_notice(""Dead marines are no longer shown."")]",translated,
6e322986,game/objects/machinery/overwatch/_overwatch.dm,194,to_chat,"[icon2html(src, operator)] [span_notice(""Dead marines are now shown."")]","[icon2html(src, operator)] [span_notice(""Dead marines are now shown."")]",translated,
9f9e3281,game/objects/machinery/overwatch/_overwatch.dm,199,to_chat,"[icon2html(src, operator)] [span_notice(""Marines on the [SSmapping.configs[SHIP_MAP].map_name] are now hidden."")]","[icon2html(src, operator)] [span_notice(""Marines on the [SSmapping.configs[SHIP_MAP].map_name] are now hidden."")]",translated,
fcfa9e5a,game/objects/machinery/overwatch/_overwatch.dm,202,to_chat,"[icon2html(src, operator)] [span_notice(""Marines on the ground are now hidden."")]","[icon2html(src, operator)] [span_notice(""Marines on the ground are now hidden."")]",translated,
856cc546,game/objects/machinery/overwatch/_overwatch.dm,205,to_chat,"[icon2html(src, operator)] [span_notice(""No location is ignored anymore."")]","[icon2html(src, operator)] [span_notice(""No location is ignored anymore."")]",translated,
9050b34a,game/objects/machinery/overwatch/_overwatch.dm,220,to_chat,"[icon2html(src, operator)] [span_notice(""Jumping to the latest available location of [cam_target]."")]","[icon2html(src, operator)] [span_notice(""Jumping to the latest available location of [cam_target]."")]",translated,
f05eb9ed,game/objects/machinery/overwatch/_overwatch.dm,223,to_chat,"[icon2html(src, operator)] [span_notice(""Jumping to the latest available location of [cam_target]."")]","[icon2html(src, operator)] [span_notice(""Jumping to the latest available location of [cam_target]."")]",translated,
ad5a066b,game/objects/machinery/overwatch/_overwatch.dm,138,visible_message,"Basic overwatch systems initialized. Welcome, [ID ? ""[ID.rank] "":""""][operator.name]. Please select a squad.","基础监视系统已初始化。欢迎，[ID ? ""[ID.rank] "":""""][operator.name]。请选择小队。",translated,
3bca63a9,game/objects/machinery/overwatch/_overwatch.dm,146,visible_message,"Main overwatch systems initialized. Welcome, [ID ? ""[ID.rank] "":""""][operator.name].","主监视系统已初始化。欢迎，[ID ? ""[ID.rank] "":""""][operator.name]。",translated,
913be821,game/objects/machinery/overwatch/_overwatch.dm,154,visible_message,"Overwatch systems deactivated. Goodbye, [ID ? ""[ID.rank] "":""""][operator ? ""[operator.name]"":""sysadmin""].","监视系统已停用。再见，[ID ? ""[ID.rank] "":""""][operator ? ""[operator.name]"":""sysadmin""]。",translated,
96ca48f4,game/objects/machinery/overwatch/_overwatch.dm,162,visible_message,"Main overwatch systems deactivated. Goodbye, [ID ? ""[ID.rank] "":""""][operator ? ""[operator.name]"":""sysadmin""].","主监视系统已停用。再见，[ID ? ""[ID.rank] "":""""][operator ? ""[operator.name]"":""sysadmin""]。",translated,
bab42428,game/objects/machinery/overwatch/military.dm,228,to_chat,"[icon2html(src, operator)] [span_warning(""No squad selected!"")]","[icon2html(src, operator)] [span_warning(""No squad selected!"")]",translated,
23f965a2,game/objects/machinery/overwatch/military.dm,242,to_chat,"[icon2html(src, operator)] [span_warning(""No squad selected!"")]","[icon2html(src, operator)] [span_warning(""No squad selected!"")]",translated,
514b23bd,game/objects/machinery/overwatch/military.dm,259,to_chat,"[icon2html(src, operator)] [span_warning(""You're busy doing something else, and press the wrong button!"")]","[icon2html(src, operator)] [span_warning(""You're busy doing something else, and press the wrong button!"")]",translated,
c9f541ca,game/objects/machinery/overwatch/military.dm,262,to_chat,"[icon2html(src, operator)] [span_warning(""The Rail Gun hasn't cooled down yet!"")]","[icon2html(src, operator)] [span_warning(""The Rail Gun hasn't cooled down yet!"")]",translated,
d7a7c53b,game/objects/machinery/overwatch/military.dm,264,to_chat,"[icon2html(src, operator)] [span_warning(""No target detected!"")]","[icon2html(src, operator)] [span_warning(""No target detected!"")]",translated,
40680b3c,game/objects/machinery/overwatch/military.dm,465,to_chat,"[icon2html(src, operator)] [span_warning(""The [name] is busy processing another action!"")]","[icon2html(src, operator)] [span_warning(""The [name] is busy processing another action!"")]",translated,
df6095f0,game/objects/machinery/overwatch/military.dm,468,to_chat,"[icon2html(src, operator)] [span_warning(""The orbital cannon has no ammo chambered."")]","[icon2html(src, operator)] [span_warning(""The orbital cannon has no ammo chambered."")]",translated,
90310dc5,game/objects/machinery/overwatch/military.dm,471,to_chat,"[icon2html(src, operator)] [span_warning(""No target detected!"")]","[icon2html(src, operator)] [span_warning(""No target detected!"")]",translated,
632e72cd,game/objects/machinery/overwatch/military.dm,475,to_chat,"[icon2html(src, operator)] [span_warning(""The target's signal is too weak."")]","[icon2html(src, operator)] [span_warning(""The target's signal is too weak."")]",translated,
49548213,game/objects/machinery/overwatch/military.dm,479,to_chat,"[icon2html(src, operator)] [span_warning(""Invalid target."")]","[icon2html(src, operator)] [span_warning(""Invalid target."")]",translated,
f2ae9329,game/objects/machinery/overwatch/military.dm,482,to_chat,"[icon2html(src, operator)] [span_warning(""The target's landing zone appears to be out of bounds."")]","[icon2html(src, operator)] [span_warning(""The target's landing zone appears to be out of bounds."")]",translated,
37d39dc3,game/objects/machinery/overwatch/military.dm,529,to_chat,"[icon2html(src, source)] [span_warning(""[target] is KIA!"")]","[icon2html(src, source)] [span_warning(""[target] is KIA!"")]",translated,
306dc281,game/objects/machinery/overwatch/military.dm,533,to_chat,"[icon2html(src, source)] [span_warning(""[target] is already the Squad Leader!"")]","[icon2html(src, source)] [span_warning(""[target] is already the Squad Leader!"")]",translated,
e894b2a3,game/objects/machinery/overwatch/military.dm,536,to_chat,"[icon2html(src, source)] [span_warning(""[target] is unfit to lead!"")]","[icon2html(src, source)] [span_warning(""[target] is unfit to lead!"")]",translated,
599e107e,game/objects/machinery/overwatch/military.dm,541,to_chat,"Squad Leader [target_squad.squad_leader] of squad '[target_squad]' has been [target_squad.squad_leader.stat == DEAD ? ""replaced"" : ""demoted and replaced""] by [target.real_name]! Logging to enlistment files.","[target_squad] 小队队长 [target_squad.squad_leader] 已被 [target.real_name] [target_squad.squad_leader.stat == DEAD ? ""replaced"" : ""demoted and replaced""]！已记录至征兵档案。",translated,
c00a4a06,game/objects/machinery/overwatch/military.dm,550,to_chat,"[icon2html(src, target)] <font size='3' color='blue'><B>\[Overwatch\]: You've been promoted to \'[(ismarineleaderjob(target.job) || issommarineleaderjob(target.job)) ? ""SQUAD LEADER"" : ""ACTING SQUAD LEADER""]\' for [target_squad.name]. Your headset has access to the command channel (:v).</B></font>","[icon2html(src, target)] <font size='3' color='blue'><B>\[Overwatch\]: 你已被晋升为 \'[(ismarineleaderjob(target.job) || issommarineleaderjob(target.job)) ? ""SQUAD LEADER"" : ""ACTING SQUAD LEADER""]\'，以表彰 [target_squad.name]。你的耳机现已接入指挥频道 (:v)。</B></font>",translated,
af30c372,game/objects/machinery/overwatch/military.dm,559,to_chat,"[icon2html(src, operator)] [span_warning(""No squad selected!"")]","[icon2html(src, operator)] [span_warning(""No squad selected!"")]",translated,
c195217d,game/objects/machinery/overwatch/military.dm,564,to_chat,"[icon2html(src, operator)] [span_warning(""[wanted_marine] is missing in action."")]","[icon2html(src, operator)] [span_warning(""[wanted_marine] is missing in action."")]",translated,
5e7563b2,game/objects/machinery/overwatch/military.dm,580,to_chat,"[icon2html(src, wanted_marine)] <font size='3' color='blue'><B>\[Overwatch\]:</b> You've been reported for insubordination by your overwatch officer.</font>","[icon2html(src, wanted_marine)] <font size='3' color='blue'><B>\[Overwatch\]:</b> 你的监督军官报告了你的抗命行为。</font>",translated,
c5dda609,game/objects/machinery/overwatch/military.dm,593,to_chat,"[icon2html(src, source)] [span_warning(""[transfer_marine] is KIA."")]","[icon2html(src, source)] [span_warning(""[transfer_marine] is KIA."")]",translated,
97a69528,game/objects/machinery/overwatch/military.dm,597,to_chat,"[icon2html(src, source)] [span_warning(""Transfer aborted. [transfer_marine] isn't wearing an ID."")]","[icon2html(src, source)] [span_warning(""Transfer aborted. [transfer_marine] isn't wearing an ID."")]",translated,
29e10957,game/objects/machinery/overwatch/military.dm,604,to_chat,"[icon2html(src, source)] [span_warning(""Transfer aborted. [new_squad] can't have another [transfer_marine.job.title]."")]","[icon2html(src, source)] [span_warning(""Transfer aborted. [new_squad] can't have another [transfer_marine.job.title]."")]",translated,
1291aff3,game/objects/machinery/overwatch/military.dm,609,to_chat,"[icon2html(src, source)] [span_warning(""[transfer_marine] is already in [new_squad]!"")]","[icon2html(src, source)] [span_warning(""[transfer_marine] is already in [new_squad]!"")]",translated,
108ea86f,game/objects/machinery/overwatch/military.dm,635,to_chat,"[icon2html(src, transfer_marine)] <font size='3' color='blue'><B>\[Overwatch\]:</b> You've been transfered to [new_squad]!</font>","[icon2html(src, transfer_marine)] <font size='3' color='blue'><B>\[Overwatch\]:</b> 你已被调往[new_squad]！</font>",translated,
20ed2d11,game/objects/machinery/overwatch/military.dm,542,visible_message,"Squad Leader [target_squad.squad_leader] of squad '[target_squad]' has been [target_squad.squad_leader.stat == DEAD ? ""replaced"" : ""demoted and replaced""] by [target.real_name]! Logging to enlistment files.","[target_squad] 小队队长 [target_squad.squad_leader] 已被 [target.real_name] [target_squad.squad_leader.stat == DEAD ? ""replaced"" : ""demoted and replaced""]！已记录至征兵档案。",translated,
48eb06ad,game/objects/machinery/recharger.dm,32,to_chat,"You [anchored ? ""attached"" : ""detached""] the recharger.","你 [anchored ? ""attached"" : ""detached""] 了充电器。",translated,
a1d003ec,game/objects/machinery/recharger.dm,39,to_chat,\A [charging] is already charging here.,\A [charging] 已经在这里充能了。,translated,
cce0be0c,game/objects/machinery/sellingpad.dm,55,visible_message,"[src] buzzes: The [onpad] has been sold for [export_report.points ? export_report.points : ""no""] point[export_report.points == 1 ? """" : ""s""].","[src] 嗡嗡作响：[onpad] 已售出，获得 [export_report.points ? export_report.points : ""no""] 点[export_report.points == 1 ? """" : ""s""]。",translated,
a9a83127,game/objects/machinery/sleeper.dm,401,to_chat,"[health_ratio > 50 ? ""<font color='#487553'> "" : ""<font color='#b54646'> ""]\t Health %: [health_ratio] ([t1])</font>","[health_ratio > 50 ? ""<font color='#487553'> "" : ""<font color='#b54646'> ""]\t 生命值 %: [health_ratio] ([t1])</font>",translated,
df03d707,game/objects/machinery/sleeper.dm,402,to_chat,"[occupant.bodytemperature > 50 ? ""<font color='#487553'>"" : ""<font color='#b54646'>""]\t -Core Temperature: [occupant.bodytemperature-T0C]&deg;C ([occupant.bodytemperature*1.8-459.67]&deg;F)</FONT><BR>","[occupant.bodytemperature > 50 ? ""<font color='#487553'>"" : ""<font color='#b54646'>""]\t -核心温度：[occupant.bodytemperature-T0C]°C ([occupant.bodytemperature*1.8-459.67]°F)</FONT><BR>",translated,
20c2eccb,game/objects/machinery/sleeper.dm,403,to_chat,"[occupant.getBruteLoss() < 60 ? ""<font color='#487553'> "" : ""<font class='#b54646'> ""]\t -Brute Damage %: [occupant.getBruteLoss()]</font>","[occupant.getBruteLoss() < 60 ? ""<font color='#487553'> "" : ""<font class='#b54646'> ""]\t -钝击伤害 %: [occupant.getBruteLoss()]</font>",translated,
1ff2b603,game/objects/machinery/sleeper.dm,404,to_chat,"[occupant.getOxyLoss() < 60 ? ""<span color='#487553'> "" : ""<font color='#b54646'> ""]\t -Respiratory Damage %: [occupant.getOxyLoss()]</font>","[occupant.getOxyLoss() < 60 ? ""<span color='#487553'> "" : ""<font color='#b54646'> ""]\t -呼吸系统损伤 %: [occupant.getOxyLoss()]</font>",translated,
3058b087,game/objects/machinery/sleeper.dm,405,to_chat,"[occupant.getToxLoss() < 60 ? ""<font color='#487553'> "" : ""<font color='#b54646'> ""]\t -Toxin Content %: [occupant.getToxLoss()]</font>","[occupant.getToxLoss() < 60 ? ""<font color='#487553'> "" : ""<font color='#b54646'> ""]\t -毒素含量百分比：[occupant.getToxLoss()]</font>",translated,
fc17c5e7,game/objects/machinery/sleeper.dm,406,to_chat,"[occupant.getFireLoss() < 60 ? ""<font color='#487553'> "" : ""<font color='#b54646'> ""]\t -Burn Severity %: [occupant.getFireLoss()]</font>","[occupant.getFireLoss() < 60 ? ""<font color='#487553'> "" : ""<font color='#b54646'> ""]\t -烧伤严重程度 %: [occupant.getFireLoss()]</font>",translated,
3ee864c1,game/objects/machinery/spaceheater.dm,57,balloon_alert,"hatch [open ? ""opened"" : ""closed""]","孵化 [open ? ""opened"" : ""closed""]",translated,
f11a7033,game/objects/machinery/spaceheater.dm,111,balloon_alert,"switched [on ? ""on"" : ""off""]","已切换 [on ? ""on"" : ""off""]",translated,
1d92d307,game/objects/machinery/squad_manager.dm,66,to_chat,"That name contained a word prohibited in IC chat! Consider reviewing the server rules.\n<span replaceRegex='show_filtered_ic_chat'>\""[new_name]\""</span>",该名称包含IC聊天中禁止的词汇！请查阅服务器规则。\n<span replaceRegex='show_filtered_ic_chat'>'[new_name]'</span>,translated,
2f99080d,game/objects/machinery/squad_supply/supply_console.dm,108,to_chat,"[icon2html(src, usr)] [span_warning(""There was an issue with that beacon. Check it's still active."")]","[icon2html(src, usr)] [span_warning(""There was an issue with that beacon. Check it's still active."")]",translated,
5794d37e,game/objects/machinery/squad_supply/supply_console.dm,112,to_chat,"[icon2html(src, usr)] [span_warning(""There wasn't any supplies found on the squads supply pad. Double check the pad."")]","[icon2html(src, usr)] [span_warning(""There wasn't any supplies found on the squads supply pad. Double check the pad."")]",translated,
0a632edd,game/objects/machinery/squad_supply/supply_console.dm,116,to_chat,"[icon2html(src, usr)] [span_warning(""The [supply_beacon.name] was not detected on the ground."")]","[icon2html(src, usr)] [span_warning(""The [supply_beacon.name] was not detected on the ground."")]",translated,
343ea501,game/objects/machinery/squad_supply/supply_console.dm,119,to_chat,"[icon2html(src, usr)] [span_warning(""The [supply_beacon.name]'s landing zone appears to be obstructed or out of bounds."")]","[icon2html(src, usr)] [span_warning(""The [supply_beacon.name]'s landing zone appears to be obstructed or out of bounds."")]",translated,
abcefcee,game/objects/machinery/squad_supply/supply_console.dm,164,visible_message,"[icon2html(supply_beacon, viewers(supply_beacon))] [span_boldnotice(""The [supply_pad.name] begins to beep!"")]","[icon2html(supply_beacon, viewers(supply_beacon))] [span_boldnotice(""The [supply_pad.name] begins to beep!"")]",translated,
50fb4405,game/objects/machinery/squad_supply/supply_console.dm,178,visible_message,"[icon2html(supply_pad, usr)] [span_warning(""Launch aborted! Supply beacon signal lost."")]","[icon2html(supply_pad, usr)] [span_warning(""Launch aborted! Supply beacon signal lost."")]",translated,
cdd253ea,game/objects/machinery/squad_supply/supply_console.dm,182,visible_message,"[icon2html(supply_pad, usr)] [span_warning(""Launch aborted! Supply beacon is not groundside."")]","[icon2html(supply_pad, usr)] [span_warning(""Launch aborted! Supply beacon is not groundside."")]",translated,
a9848723,game/objects/machinery/squad_supply/supply_console.dm,186,visible_message,"[icon2html(supply_pad, usr)] [span_warning(""Launch aborted! No deployable object detected on the drop pad."")]","[icon2html(supply_pad, usr)] [span_warning(""Launch aborted! No deployable object detected on the drop pad."")]",translated,
e3d1ca70,game/objects/machinery/squad_supply/supply_console.dm,203,visible_message,"[icon2html(supply_pad, viewers(src))] [span_boldnotice(""Supply drop launched! Another launch will be available in [launch_cooldown/10] seconds."")]","[icon2html(supply_pad, viewers(src))] [span_boldnotice(""Supply drop launched! Another launch will be available in [launch_cooldown/10] seconds."")]",translated,
d5716fdc,game/objects/machinery/vending/vending.dm,352,to_chat,"You [CHECK_BITFIELD(machine_stat, PANEL_OPEN) ? ""open"" : ""close""] the maintenance panel.","你[CHECK_BITFIELD(machine_stat, PANEL_OPEN) ? ""open"" : ""close""]了维护面板。",translated,
cbcdb158,game/objects/machinery/vending/vending.dm,439,to_chat,"[icon2html(src, usr)][span_warning(""Connected account has been suspended."")]","[icon2html(src, usr)][span_warning(""Connected account has been suspended."")]",translated,
0229ce0c,game/objects/machinery/vending/vending.dm,441,to_chat,"[icon2html(src, usr)][span_warning(""Error: Unable to access your account. Please contact technical support if problem persists."")]","[icon2html(src, usr)][span_warning(""Error: Unable to access your account. Please contact technical support if problem persists."")]",translated,
0ba086db,game/objects/machinery/vending/vending.dm,445,to_chat,"[icon2html(src, usr)][span_warning(""Error: Unable to access your account. Please contact technical support if problem persists."")]","[icon2html(src, usr)][span_warning(""Error: Unable to access your account. Please contact technical support if problem persists."")]",translated,
1b87e9e6,game/objects/machinery/vending/vending.dm,450,to_chat,"[icon2html(src, usr)][span_warning(""You don't have that much money!"")]","[icon2html(src, usr)][span_warning(""You don't have that much money!"")]",translated,
a13bfbb2,game/objects/structures.dm,111,visible_message,"[user] starts [atom_flags & ON_BORDER ? ""leaping over"" : ""climbing onto""] \the [src]!","[user] 开始 [atom_flags & ON_BORDER ? ""leaping over"" : ""climbing onto""] \the [src]！",translated,
cf4666af,game/objects/structures.dm,127,visible_message,"[user] [atom_flags & ON_BORDER ? ""leaps over"" : ""climbs onto""] \the [src]!","[user] [atom_flags & ON_BORDER ? ""leaps over"" : ""climbs onto""] \the [src]!",translated,
8ebaee9c,game/objects/structures/barricade.dm,963,visible_message,"[user] flips [src] [is_open ? ""open"" :""closed""].","[user] 将 [src] [is_open ? ""open"" :""closed""] 翻了个面。",translated,
93e6e1b9,game/objects/structures/barricade.dm,843,balloon_alert,"[linked ? ""un"" : """" ]linked","[linked ? ""un"" : """" ]已连接",translated,
40ce3073,game/objects/structures/barricade.dm,302,name,guard rail,前护栏,translated,
d67f0d00,game/objects/structures/campaign_structures/destroy_objectives.dm,43,to_chat,"[span_warning(""You're meant to protect this!"")]","[span_warning(""You're meant to protect this!"")]",translated,
d8c98f04,game/objects/structures/crates_lockers/closets.dm,275,balloon_alert,"[src] has been [welded ? ""welded shut"" : ""unwelded""]","[src]已被[welded ? ""welded shut"" : ""unwelded""]",translated,
bdfd5c3e,game/objects/structures/crates_lockers/closets.dm,287,balloon_alert,"[user] [anchored ? ""anchors"" : ""unanchors""] the [src]","[user] [anchored ? ""anchors"" : ""unanchors""]了[src]",translated,
38765140,game/objects/structures/crates_lockers/closets.dm,416,balloon_alert,"[locked ? null : ""un""]locked","[locked ? null : ""un""]已锁定",translated,
fe205683,game/objects/structures/door_assembly.dm,201,to_chat,"You [anchored ? ""un"" : """"]secured the airlock assembly!","你[anchored ? ""un"" : """"]已确保气闸组件安全！",translated,
61eccdf1,game/objects/structures/droppod.dm,235,to_chat,"[user ? user : ""unknown""] has launched [src] towards [target.loc] at X:[target_x] Y:[target_y]","[user ? user : ""unknown""]已向X:[target_x] Y:[target_y]坐标的[target.loc]发射[src]",translated,
a665e7a1,game/objects/structures/dropship_equipment.dm,240,to_chat,"You've [ship_base ? ""uninstalled"" : ""grabbed""] [attached_clamp.loaded] with [attached_clamp].","你已用[attached_clamp] [ship_base ? ""uninstalled"" : ""grabbed""]了[attached_clamp.loaded]。",translated,
e47c1f20,game/objects/structures/girders.dm,133,to_chat,"You weld the [girder_state == GIRDER_BROKEN_PATCHED ? ""girder together"" : ""metal to the girder""]!","你焊接了[girder_state == GIRDER_BROKEN_PATCHED ? ""girder together"" : ""metal to the girder""]！",translated,
31dc33fd,game/objects/structures/grille.dm,83,visible_message,"[user] [anchored ? ""fastens"" : ""unfastens""] the grille.","[user] [anchored ? ""fastens"" : ""unfastens""] 格栅。",translated,
ee97a2f8,game/objects/structures/inflatable.dm,97,visible_message,"[src] [violent ? ""rapidly"" : ""slowly""] deflates!","[src] [violent ? ""rapidly"" : ""slowly""] 泄气了！",translated,
1cc4f841,game/objects/structures/ladders.dm,235,balloon_alert,"can't go any further [going_up ? ""up"" : ""down""]!","无法继续前进 [going_up ? ""up"" : ""down""]！",translated,
730c1002,game/objects/structures/large_vehicle_props.dm,256,desc,"It is a tread bound crawler used in harsh conditions. This one is designed for personnel transportation. Supplied by Orbital Blue International; 'Your friends, in the Aerospace business.' A subsidiary of Nanotrasen.","这是一款用于恶劣环境的履带式爬行载具。本型号专为人员运输设计。由轨道蓝国际提供；""您在航空航天领域的朋友。"" 纳米特拉森子公司。",translated,
3d92b96d,game/objects/structures/reagent_dispensers.dm,123,visible_message,"[user] wrenches [src]'s faucet [modded ? ""closed"" : ""open""].","[user] 拧紧了 [src] 的水龙头 [modded ? ""closed"" : ""open""]。",translated,
34a276fe,game/objects/structures/safe.dm,66,to_chat,"You hear a [pick(""tonk"", ""krunk"", ""plunk"")] from [src].","你听到从[src]传来[pick(""tonk"", ""krunk"", ""plunk"")]。",translated,
748b842a,game/objects/structures/safe.dm,68,to_chat,"You hear a [pick(""tink"", ""krink"", ""plink"")] from [src].","你听到[src]传来[pick(""tink"", ""krink"", ""plink"")]。",translated,
fca0218d,game/objects/structures/safe.dm,140,to_chat,"You [open ? ""close"" : ""open""] [src].","你 [open ? ""close"" : ""open""] [src]。",translated,
6bb484a0,game/objects/structures/safe.dm,146,to_chat,"You can't [open ? ""close"" : ""open""] [src], the lock is engaged!","你无法[open ? ""close"" : ""open""] [src]，锁已锁定！",translated,
4ea90420,game/objects/structures/safe.dm,70,visible_message,"<b>[pick(""Spring"", ""Sprang"", ""Sproing"", ""Clunk"", ""Click"")]!</b>","<b>[pick(""Spring"", ""Sprang"", ""Sproing"", ""Clunk"", ""Click"")]!</b>",translated,
690979af,game/objects/structures/stool_bed_chair_nest/bed.dm,727,visible_message,"[user] [locked ? ""locks"" : ""unlocks""] [src]'s interface.","[user] [locked ? ""locks"" : ""unlocks""] [src]的界面。",translated,
ce07d82c,game/objects/structures/watercloset.dm,42,to_chat,You find \an [I] in the cistern.,你在蓄水池里发现了\a个[I]。,translated,
9bae44e4,game/objects/structures/watercloset.dm,59,to_chat,"You start to [cistern ? ""replace the lid on the cistern"" : ""lift the lid off the cistern""].","你开始[cistern ? ""replace the lid on the cistern"" : ""lift the lid off the cistern""]。",translated,
20b39dd2,game/objects/structures/watercloset.dm,65,visible_message,"[user] [cistern ? ""replaces the lid on the cistern"" : ""lifts the lid off the cistern""]!","[user] [cistern ? ""replaces the lid on the cistern"" : ""lifts the lid off the cistern""]!",translated,
cd44f04c,game/turfs/iron_floor.dm,207,desc,"\""This is a plaque in honour of our comrades on the G4407 Stations. Hopefully TG4407 model can live up to your fame and fortune.\"" Scratched in beneath that is a crude image of a meteor and a spaceman. The spaceman is laughing. The meteor is exploding.",{{P0}} 这是为纪念 G4407 空间站的战友们而设立的铭牌。希望 TG4407 型号能不负你们的荣光与功绩。{{P1}} 下方刻着陨石和宇航员的粗糙图案。宇航员在大笑。陨石正在爆炸。,translated,
0d95e967,game/turfs/walls/walls.dm,335,to_chat,"[span_warning(""[src] is much too tough for you to do anything to it with [I]"")].","[span_warning(""[src] is much too tough for you to do anything to it with [I]"")].",translated,
c8c3a893,game/verbs/ooc.dm,128,to_chat,"<font color='[display_colour]'>[span_ooc(""<span class='prefix'>OOC: [display_name]"")]: <span class='message linkify'>[msg]</span></span></font>","<font color='{{P0}}'>[span_ooc(""<span class='prefix'>OOC: [display_name]"")]: <span class='message linkify'>[msg]</span></span></font>",translated,
722f9e5b,game/verbs/ooc.dm,130,to_chat,"<span class='[display_class]'>[span_prefix(""OOC: [display_name]"")]: <span class='message linkify'>[msg]</span></span>","<span class='{{P0}}'>[span_prefix(""OOC: [display_name]"")]: <span class='message linkify'>[msg]</span></span>",translated,
3a6feb97,game/verbs/ooc.dm,223,to_chat,"<font color='#a330a7'>[span_ooc(""<span class='prefix'>XOOC: [display_name]"")]: <span class='message linkify'>[msg]</span></span></font>","<font color='#a330a7'>[span_ooc(""<span class='prefix'>XOOC: [display_name]"")]: <span class='message linkify'>[msg]</span></span></font>",translated,
b46c7bc2,game/verbs/ooc.dm,239,to_chat,"<font color='#a330a7'>[span_ooc(""<span class='prefix'>[span_tooltip(""You are seeing this because you are staff and have hearing OOC channels from anywhere enabled."", ""XOOC"")]: [display_name]"")]: <span class='message linkify'>[msg]</span></span></font>","<font color='#a330a7'>[span_ooc(""<span class='prefix'>[span_tooltip(""You are seeing this because you are staff and have hearing OOC channels from anywhere enabled."", ""XOOC"")]: [display_name]"")]: <span class='message linkify'>[msg]</span></span></font>",translated,
aa4ffef9,game/verbs/ooc.dm,330,to_chat,"<font color='#ca6200'>[span_ooc(""<span class='prefix'>MOOC: [display_name]"")]: <span class='message linkify'>[msg]</span></span></font>","<font color='#ca6200'>[span_ooc(""<span class='prefix'>MOOC: [display_name]"")]: <span class='message linkify'>[msg]</span></span></font>",translated,
54f49b6e,game/verbs/ooc.dm,346,to_chat,"<font color='#ca6200'>[span_ooc(""<span class='prefix'>[span_tooltip(""You are seeing this because you are staff and have hearing OOC channels from anywhere enabled."", ""MOOC"")]: [display_name]"")]: <span class='message linkify'>[msg]</span></span></font>","<font color='#ca6200'>[span_ooc(""<span class='prefix'>[span_tooltip(""You are seeing this because you are staff and have hearing OOC channels from anywhere enabled."", ""MOOC"")]: [display_name]"")]: <span class='message linkify'>[msg]</span></span></font>",translated,
f5167e52,game/verbs/ooc.dm,444,to_chat,"<span class='prefix'>[span_tooltip(""You are seeing this because you are staff and have hearing OOC channels from anywhere enabled."", ""LOOC"")]: [display_name]: [span_message(""[msg]"")]","<span class='prefix'>[span_tooltip(""You are seeing this because you are staff and have hearing OOC channels from anywhere enabled."", ""LOOC"")]: [display_name]: [span_message(""[msg]"")]",translated,
800ad09c,game/verbs/ooc.dm,730,to_chat,"Now opening a window to login to your forum account, your account will automatically be linked the moment you log in. If this window doesn't load, Please go to <a href=\""[uri]?token=[token]\"">[uri]?token=[token]</a> - This link will expire in 30 minutes.","正在打开窗口登录您的论坛账户，登录成功后账户将自动关联。如果窗口未能加载，请访问 <a href=\""{{P0}}?token={{P1}}\"">[uri]?token=[token]</a> - 此链接将在30分钟后失效。",translated,
bc344b13,modules/admin/callproc.dm,19,name,"[initial(name)] ([callers.Join("") ("")])","[initial(name)] ([callers.Join("") ("")])",translated,
406c602e,modules/admin/callproc.dm,24,name,"[initial(name)] ([callers.Join("") ("")])","[initial(name)] ([callers.Join("") ("")])",translated,
7e7ff94c,modules/admin/holder.dm,184,to_chat,"You do not have sufficient rights to do that. You require one of the following flags:[rights2text(rights_required,"" "")].","你没有足够的权限执行此操作。你需要以下权限之一：[rights2text(rights_required,"" "")]。",translated,
3a5ca90a,modules/admin/holder.dm,200,to_chat,"You do not have sufficient rights to do that. You require one of the following flags:[rights2text(rights_required,"" "")].","你没有足够的权限执行此操作。你需要以下权限之一：[rights2text(rights_required,"" "")]。",translated,
9d9406c4,modules/admin/panels/ban_panel.dm,457,to_chat,"Ban not [edit_id ? ""edited"" : ""created""] because the following errors were present:\n[error_state.Join(""\n"")]","禁止 [edit_id ? ""edited"" : ""created""] 失败，存在以下错误：\n[error_state.Join(""\n"")]",translated,
c5dbc7aa,modules/admin/panels/ban_panel.dm,582,to_chat,"You have been [applies_to_admins ? ""admin "" : """"]banned by [usr.client.key] from [roles_to_ban[1] == ""Server"" ? ""the server"" : "" Roles: [roles_to_ban.Join("", "")]""].\nReason: [reason]</span><br>[span_danger(""This ban is [isnull(duration) ? ""permanent."" : ""temporary, it will be removed in [time_message].""] The round ID is [GLOB.round_id]."")]<br><span class='danger'>To appeal this ban go to [appeal_url]","你已被 [usr.client.key] 从 [roles_to_ban[1] == ""Server"" ? ""the server"" : "" Roles: [roles_to_ban.Join("", "")]""] [applies_to_admins ? ""admin "" : """"]封禁。\n原因：[reason]</span><br>[span_danger(""This ban is [isnull(duration) ? ""permanent."" : ""temporary, it will be removed in [time_message].""] The round ID is [GLOB.round_id]."")]<br><span class='danger'>如需申诉此封禁，请前往 [appeal_url]",translated,
73f2d9c8,modules/admin/panels/ban_panel.dm,592,to_chat,"You have been [applies_to_admins ? ""admin "" : """"]banned by [usr.client.key] from [roles_to_ban[1] == ""Server"" ? ""the server"" : "" Roles: [roles_to_ban.Join("", "")]""].\nReason: [reason]</span><br>[span_danger(""This ban is [isnull(duration) ? ""permanent."" : ""temporary, it will be removed in [time_message].""] The round ID is [GLOB.round_id]."")]<br><span class='danger'>To appeal this ban go to [appeal_url]","你已被 [usr.client.key] 从 [roles_to_ban[1] == ""Server"" ? ""the server"" : "" Roles: [roles_to_ban.Join("", "")]""] 处以 [applies_to_admins ? ""admin "" : """"] 封禁。\n原因：[reason]</span><br>[span_danger(""This ban is [isnull(duration) ? ""permanent."" : ""temporary, it will be removed in [time_message].""] The round ID is [GLOB.round_id]."")]<br><span class='danger'>如需申诉此封禁，请前往 [appeal_url]",translated,
3bfe4884,modules/admin/preferences_verbs.dm,44,to_chat,"You will [(user.prefs.toggles_chat & CHAT_PRAYER) ? ""now"" : ""no longer""] see prayerchat.","你将[(user.prefs.toggles_chat & CHAT_PRAYER) ? ""now"" : ""no longer""]看到祈祷聊天。",translated,
30e88ec4,modules/admin/preferences_verbs.dm,50,to_chat,"You will [(user.prefs.toggles_sound & SOUND_ADMINHELP) ? ""now"" : ""no longer""] hear a sound when adminhelps arrive.","当管理员帮助到达时，[(user.prefs.toggles_sound & SOUND_ADMINHELP) ? ""now"" : ""no longer""] 你会听到提示音。",translated,
1f68ca78,modules/admin/server_verbs.dm,79,to_chat,"Server shutting down [waitforroundend ? ""after this round"" : ""in 30 seconds!""]</span> <span class='notice'>Initiated by: [usr.key]","服务器正在关闭 [waitforroundend ? ""after this round"" : ""in 30 seconds!""]</span> <span class='notice'>发起者：[usr.key]",translated,
7d7503d9,modules/admin/server_verbs.dm,90,to_chat,"Server shutting down[waitforroundend ? "" after this round. "" : """"].</span> <span class='notice'>Initiated by: [shuttingdown]","服务器正在关闭[waitforroundend ? "" after this round. "" : """"].</span> <span class='notice'>发起者：[shuttingdown]",translated,
7975e3c6,modules/admin/topic.dm,578,to_chat,"[pick(SSstrings.get_list_from_file(""tips/xeno""))]","[pick(SSstrings.get_list_from_file(""tips/xeno""))]",translated,
019d2546,modules/admin/verbs/SDQL2/SDQL_2.dm,531,to_chat,"SDQL query results: [get_query_text()]<br>\
			SDQL query completed: [islist(obj_count_all)? length(obj_count_all) : obj_count_all] objects selected by path, and \
			[where_switched? ",SDQL查询结果：[get_query_text()]<br>\			SDQL查询完成：[islist(obj_count_all)? length(obj_count_all) : obj_count_all]个对象通过路径选择，且\			[是否切换？,translated,
1bd792e1,modules/admin/verbs/SDQL2/SDQL_2.dm,1142,to_chat,"SDQL2: You have an error in your SDQL syntax, unexpected ' in query: \""<font color=gray>[query_text]</font>\"" following \""<font color=gray>[word]</font>\"". Please check your syntax, and try again.","SDQL2：您的 SDQL 语法存在错误，查询中出现意外的 '：\""<font color=gray>[query_text]</font>\"" 位于 \""<font color=gray>[word]</font>\"" 之后。请检查您的语法，然后重试。",translated,
e68af532,modules/admin/verbs/SDQL2/SDQL_2.dm,1162,to_chat,"SDQL2: You have an error in your SDQL syntax, unmatched ' in query: \""<font color=gray>[query_text]</font>\"". Please check your syntax, and try again.","SDQL2：您的 SDQL 语法存在错误，查询中存在未匹配的引号：\""<font color=gray>[query_text]</font>\""。请检查您的语法，然后重试。",translated,
6ecbd807,modules/admin/verbs/SDQL2/SDQL_2.dm,1170,to_chat,"SDQL2: You have an error in your SDQL syntax, unexpected \"" in query: \""<font color=gray>[query_text]</font>\"" following \""<font color=gray>[word]</font>\"". Please check your syntax, and try again.","SDQL2：您的SDQL语法存在错误，查询语句\""<font color=gray>[query_text]</font>\""在\""<font color=gray>[word]</font>\""后出现意外的\""。请检查语法后重试。",translated,
c9b52d49,modules/admin/verbs/SDQL2/SDQL_2.dm,1190,to_chat,"SDQL2: You have an error in your SDQL syntax, unmatched \"" in query: \""<font color=gray>[query_text]</font>\"". Please check your syntax, and try again.","SDQL2：您的 SDQL 语法存在错误，查询中存在未匹配的引号：\""<font color=gray>[query_text]</font>\""。请检查您的语法，然后重试。",translated,
c7cf9cd8,modules/admin/verbs/poll_managment.dm,311,to_chat,"Not all edits were applied because the following errors were present:\n[error_state.Join(""\n"")]","部分编辑未能应用，因为存在以下错误：\n[error_state.Join(""\n"")]",translated,
11d23930,modules/admin/verbs/poll_managment.dm,313,to_chat,"Poll not [new_poll ? ""initialized"" : ""submitted""] because the following errors were present:\n[error_state.Join(""\n"")]","投票未[new_poll ? ""initialized"" : ""submitted""]，因为存在以下错误：\n[error_state.Join(""\n"")]",translated,
ccd75855,modules/admin/verbs/poll_managment.dm,476,to_chat,"Poll [poll_type == POLLTYPE_TEXT ? ""responses"" : ""votes""] cleared.","[poll_type == POLLTYPE_TEXT ? ""responses"" : ""votes""]号区域已肃清。",translated,
f49ecd35,modules/admin/verbs/poll_managment.dm,602,to_chat,"Option not added because the following errors were present:\n[error_state.Join(""\n"")]","选项未添加，原因如下：\n[error_state.Join(""\n"")]",translated,
f799e858,modules/admin/verbs/poll_managment.dm,605,to_chat,"Not all edits were applied because the following errors were present:\n[error_state.Join(""\n"")]","部分编辑未能应用，因为存在以下错误：\n[error_state.Join(""\n"")]",translated,
caa866a1,modules/admin/verbs/request_internet_sound.dm,16,to_chat,"Invalid URL. Please use a URL from one of the following sites: [replacetext(CONFIG_GET(string/request_internet_allowed), ""\\"", """")]","无效的 URL。请使用以下任一网站的 URL：[replacetext(CONFIG_GET(string/request_internet_allowed), ""\\"", """")]",translated,
784bd986,modules/admin/view_variables/topic_basic.dm,42,to_chat,"[holder.fakekey ? ""an Administrator"" : ""[usr.client.key]""] has granted you access to view a View Variables window","[holder.fakekey ? ""an Administrator"" : ""[usr.client.key]""] 已授予您查看变量窗口的权限",translated,
c9154d42,modules/assembly/voice.dm,87,say,"[listening ? ""Now"" : ""No longer""] recording input.","[listening ? ""Now"" : ""No longer""] 正在记录输入。",translated,
1e505a30,modules/atmospherics/machinery/components/binary_devices/circulator.dm,39,to_chat,"You [anchored?""secure"":""unsecure""] [src].","你 [anchored?""secure"":""unsecure""] [src]。",translated,
2ca3efb5,modules/atmospherics/machinery/components/binary_devices/circulator.dm,88,to_chat,"You set [src] to [mode?""cold"":""hot""] mode.","你将 [src] 设置为 [mode?""cold"":""hot""] 模式。",translated,
19fd16be,modules/atmospherics/machinery/components/binary_devices/circulator.dm,96,to_chat,"You [CHECK_BITFIELD(machine_stat, PANEL_OPEN)?""open"":""close""] the panel on [src].","你[CHECK_BITFIELD(machine_stat, PANEL_OPEN)?""open"":""close""]了[src]上的面板。",translated,
e556bd54,modules/atmospherics/machinery/portable/scrubber.dm,12,balloon_alert,"turned [on ? ""on"" : ""off""]","已关闭 [on ? ""on"" : ""off""]",translated,
58005d97,modules/client/client_procs.dm,260,to_chat,"You can go to <a href=\""https://secure.byond.com/download/build\"">BYOND's website</a> to download other versions.","你可以前往<a href=\""https://secure.byond.com/download/build\"">BYOND官网</a>下载其他版本。",translated,
ebd2a86e,modules/client/client_procs.dm,266,to_chat,"Please download a new version of byond. If [byond_build] is the latest, you can go to <a href=\""https://secure.byond.com/download/build\"">BYOND's website</a> to download other versions.","请下载新版本的BYOND。如果[byond_build]是最新版本，您可以前往<a href=\""https://secure.byond.com/download/build\"">BYOND官网</a>下载其他版本。",translated,
8a424120,modules/client/client_procs.dm,308,to_chat,"Visit <a href=\""https://secure.byond.com/download\"">BYOND's website</a> to get the latest version of BYOND.","访问 <a href=\""https://secure.byond.com/download\"">BYOND 官网</a> 获取最新版本。",translated,
7a699e22,modules/client/preferences_toggles.dm,8,to_chat,"At the end of the round you will [(prefs.toggles_chat & CHAT_STATISTICS) ? ""see all statistics"" : ""not see any statistics""].","回合结束时你将[(prefs.toggles_chat & CHAT_STATISTICS) ? ""see all statistics"" : ""not see any statistics""]。",translated,
4916cf00,modules/client/preferences_toggles.dm,18,to_chat,"As a ghost, you will now [(prefs.toggles_chat & CHAT_GHOSTEARS) ? ""see all speech in the world"" : ""only see speech from nearby mobs""].","作为幽灵，你现在将[(prefs.toggles_chat & CHAT_GHOSTEARS) ? ""see all speech in the world"" : ""only see speech from nearby mobs""]。",translated,
2702d2bc,modules/client/preferences_toggles.dm,27,to_chat,"The selected special ability will now be activated with [(prefs.toggles_gameplay & MIDDLESHIFTCLICKING) ? ""middle button"" : ""shift""] clicking.","所选特殊能力现在将通过[(prefs.toggles_gameplay & MIDDLESHIFTCLICKING) ? ""middle button"" : ""shift""]点击激活。",translated,
7e173306,modules/client/preferences_toggles.dm,39,to_chat,"As a ghost, you will now [(prefs.toggles_chat & CHAT_GHOSTSIGHT) ? ""see all emotes in the world"" : ""only see emotes from nearby mobs""].","作为幽灵，你现在将[(prefs.toggles_chat & CHAT_GHOSTSIGHT) ? ""see all emotes in the world"" : ""only see emotes from nearby mobs""]。",translated,
f49f02ee,modules/client/preferences_toggles.dm,49,to_chat,"As a ghost, you will now [(prefs.toggles_chat & CHAT_GHOSTRADIO) ? ""hear all radio chat in the world"" : ""only hear from nearby speakers""].","作为幽灵，你现在将[(prefs.toggles_chat & CHAT_GHOSTRADIO) ? ""hear all radio chat in the world"" : ""only hear from nearby speakers""]。",translated,
fbdf66df,modules/client/preferences_toggles.dm,59,to_chat,"You will [(prefs.toggles_chat & CHAT_RADIO) ? ""now"" : ""no longer""] see radio chatter from radios or speakers.","你将[(prefs.toggles_chat & CHAT_RADIO) ? ""now"" : ""no longer""]听到来自无线电或扬声器的无线电通话。",translated,
aa07782a,modules/client/preferences_toggles.dm,69,to_chat,"As a ghost, you will [(prefs.toggles_chat & CHAT_GHOSTHIVEMIND) ? ""now see chatter from the Xenomorph Hivemind"" : ""no longer see chatter from the Xenomorph Hivemind""].","作为幽灵，你将[(prefs.toggles_chat & CHAT_GHOSTHIVEMIND) ? ""now see chatter from the Xenomorph Hivemind"" : ""no longer see chatter from the Xenomorph Hivemind""]。",translated,
37e1c782,modules/client/preferences_toggles.dm,79,to_chat,"You will [(prefs.toggles_chat & CHAT_DEAD) ? ""now"" : ""no longer""] see deadchat.","你将[(prefs.toggles_chat & CHAT_DEAD) ? ""now"" : ""no longer""]看到死亡聊天。",translated,
346eddf1,modules/client/preferences_toggles.dm,88,to_chat,"You will [(prefs.toggles_gameplay & RADIAL_MEDICAL) ? ""now"" : ""no longer""] use the radial menu for medical purposes.","你将[(prefs.toggles_gameplay & RADIAL_MEDICAL) ? ""now"" : ""no longer""]使用径向菜单进行医疗操作。",translated,
af152caa,modules/client/preferences_toggles.dm,97,to_chat,"You will [(prefs.toggles_gameplay & RADIAL_STACKS) ? ""now"" : ""no longer""] use the radial menu when interacting with material stacks.","与材料堆互动时，[(prefs.toggles_gameplay & RADIAL_STACKS) ? ""now"" : ""no longer""] 请使用径向菜单。",translated,
5d27f59b,modules/client/preferences_toggles.dm,106,to_chat,"You will [(prefs.toggles_chat & CHAT_OOC) ? ""now"" : ""no longer""] see messages on the OOC channel.","你将在 OOC 频道[(prefs.toggles_chat & CHAT_OOC) ? ""now"" : ""no longer""]看到消息。",translated,
89faf90c,modules/client/preferences_toggles.dm,116,to_chat,"You will [(prefs.toggles_chat & CHAT_LOOC) ? ""now"" : ""no longer""] see messages on the LOOC channel.","你将在 LOOC 频道中[(prefs.toggles_chat & CHAT_LOOC) ? ""now"" : ""no longer""]看到消息。",translated,
9cd7d93b,modules/client/preferences_toggles.dm,129,to_chat,"You will [(prefs.be_special & role_flag) ? ""now"" : ""no longer""] be considered for [role] events (where possible).","您将[(prefs.be_special & role_flag) ? ""now"" : ""no longer""]被考虑参加[role]活动（在可能的情况下）。",translated,
c15afe69,modules/client/preferences_toggles.dm,223,to_chat,"New spawn announcements have been [(prefs.toggles_deadchat & DISABLE_ARRIVALRATTLE) ? ""disabled"" : ""enabled""].","新的出生点公告已[(prefs.toggles_deadchat & DISABLE_ARRIVALRATTLE) ? ""disabled"" : ""enabled""]。",translated,
66430a4a,modules/client/preferences_toggles.dm,232,to_chat,"Death announcements have been [(prefs.toggles_deadchat & DISABLE_DEATHRATTLE) ? ""disabled"" : ""enabled""].","死亡通告已[(prefs.toggles_deadchat & DISABLE_DEATHRATTLE) ? ""disabled"" : ""enabled""]。",translated,
c56228f8,modules/client/preferences_ui.dm,957,to_chat,"You, or another user of this computer or connection ([ban_details[""key""]]) is banned from playing [params[""role""]].<br>The ban reason is: [ban_details[""reason""]]<br>This ban (BanID #[ban_details[""id""]]) was applied by [ban_details[""admin_key""]] on [ban_details[""bantime""]] during round ID [ban_details[""round_id""]].<br>[expires]","您或此计算机/连接的其他用户（[ban_details[""key""]]）已被禁止游玩 [params[""role""]]。<br>封禁原因为：[ban_details[""reason""]]<br>此封禁（封禁ID #[ban_details[""id""]]）由 [ban_details[""admin_key""]] 于 [ban_details[""bantime""]] 在轮次ID [ban_details[""round_id""]] 期间执行。<br>[expires]",translated,
cfaa31dc,modules/clothing/gloves/marine_gloves.dm,81,desc,"You may like these gloves, but THEY think you are unworthy of them.",你可能喜欢这双手套，但{{THEY}}认为你不配拥有它们。,translated,
e397dddf,modules/clothing/masks/breath.dm,93,to_chat,"You [active ? ""pull [src] up to cover your face"" : ""pull [src] off your face""].","你[active ? ""pull [src] up to cover your face"" : ""pull [src] off your face""]。",translated,
08f8dbef,modules/clothing/modular_armor/attachments/chest_plates.dm,21,desc,Designed for use with the Jaeger Combat Exoskeleton. It provides minor protection and encumbrance when attached and is fairly easy to attach and remove from armor. Click on the armor frame to attach it. This armor appears to be marked as a Skirmisher armor piece.,专为耶格尔战斗外骨骼设计。安装后可提供少量防护，但会增加负重，且易于在装甲上装卸。点击装甲框架进行安装。此装甲标记为游骑兵装甲部件。,translated,
886feaf7,modules/clothing/modular_armor/attachments/leg_plates.dm,50,desc,"Designed for use with the Jaeger Combat Exoskeleton. It provides protection and encumbrance when attached and is fairly easy to attach and remove from armor. Click on the armor frame to attach it. All leg plates have the same armor and slowdown, meaning that only changing the chestplate makes significant armor difference. This armor appears to be marked as a Ranger armor piece.",专为耶格尔战斗外骨骼设计。安装后可提供防护，但会增加负重，且易于在装甲上装卸。点击装甲框架进行安装。所有腿部护板具有相同的护甲值和减速效果，这意味着只有更换胸甲才会显著改变护甲性能。此装甲标记为游骑兵装甲部件。,translated,
834a2647,modules/clothing/modular_armor/attachments/modules.dm,653,to_chat,"You toggle \the [src]. [active ? ""enabling"" : ""disabling""] it.","你切换了\the [src]。[active ? ""enabling"" : ""disabling""]它。",translated,
f73f09aa,modules/clothing/modular_armor/attachments/modules.dm,706,to_chat,"You toggle \the [src]. [active ? ""enabling"" : ""disabling""] it.","你切换了\the [src]。[active ? ""enabling"" : ""disabling""]它。",translated,
a5b8911c,modules/clothing/modular_armor/attachments/visors.dm,46,to_chat,"You turn [ visor_emissive_on ? ""on"" : ""off"" ] \the [src]'s internal lighting.","你打开了 [ visor_emissive_on ? ""on"" : ""off"" ] \the [src] 的内部照明。",translated,
342b898f,modules/clothing/modular_armor/modular.dm,357,desc,Usually paired with the Jaeger Combat Exoskeleton. Can mount utility functions on the helmet hard points.,通常与耶格尔战斗外骨骼搭配使用。可在头盔硬点上安装实用功能模块。,translated,
3d9a56e8,modules/economy/ATM.dm,217,to_chat,"[icon2html(src, usr)][span_info(""Funds transfer successful."")]","[icon2html(src, usr)][span_info(""Funds transfer successful."")]",translated,
6e986424,modules/economy/ATM.dm,230,to_chat,"[icon2html(src, usr)][span_warning(""Funds transfer failed."")]","[icon2html(src, usr)][span_warning(""Funds transfer failed."")]",translated,
bd1cc219,modules/economy/ATM.dm,233,to_chat,"[icon2html(src, usr)][span_warning(""You don't have enough funds to do that!"")]","[icon2html(src, usr)][span_warning(""You don't have enough funds to do that!"")]",translated,
592edf35,modules/economy/ATM.dm,319,to_chat,"[icon2html(src, usr)][span_warning(""You don't have enough funds to do that!"")]","[icon2html(src, usr)][span_warning(""You don't have enough funds to do that!"")]",translated,
c77ab34c,modules/economy/ATM.dm,344,to_chat,"[icon2html(src, usr)][span_warning(""You don't have enough funds to do that!"")]","[icon2html(src, usr)][span_warning(""You don't have enough funds to do that!"")]",translated,
867412e4,modules/economy/EFTPOS.dm,126,to_chat,"[icon2html(src, user)][span_warning(""Unable to connect to linked account."")]","[icon2html(src, user)][span_warning(""Unable to connect to linked account."")]",translated,
32743cea,modules/economy/EFTPOS.dm,134,to_chat,"[icon2html(src, user)][span_warning(""EFTPOS is not connected to an account."")]","[icon2html(src, user)][span_warning(""EFTPOS is not connected to an account."")]",translated,
c25f7f38,modules/economy/EFTPOS.dm,138,to_chat,"[icon2html(src, user)][span_warning(""Connected account has been suspended."")]","[icon2html(src, user)][span_warning(""Connected account has been suspended."")]",translated,
d4215de1,modules/economy/EFTPOS.dm,145,to_chat,"[icon2html(src, user)][span_warning(""The charge card doesn't have that much money!"")]","[icon2html(src, user)][span_warning(""The charge card doesn't have that much money!"")]",translated,
13696db8,modules/economy/EFTPOS.dm,183,to_chat,"[icon2html(src, usr)][span_warning(""Incorrect code entered."")]","[icon2html(src, usr)][span_warning(""Incorrect code entered."")]",translated,
e6b058e7,modules/economy/EFTPOS.dm,190,to_chat,"[icon2html(src, usr)][span_warning(""Incorrect code entered."")]","[icon2html(src, usr)][span_warning(""Incorrect code entered."")]",translated,
3874fa7c,modules/economy/EFTPOS.dm,198,to_chat,"[icon2html(src, usr)][span_warning(""Account has been suspended."")]","[icon2html(src, usr)][span_warning(""Account has been suspended."")]",translated,
bf0dcd60,modules/economy/EFTPOS.dm,200,to_chat,"[icon2html(src, usr)][span_warning(""Account not found."")]","[icon2html(src, usr)][span_warning(""Account not found."")]",translated,
b4310a64,modules/economy/EFTPOS.dm,223,to_chat,"[icon2html(src, usr)][span_warning(""No account connected to send transactions to."")]","[icon2html(src, usr)][span_warning(""No account connected to send transactions to."")]",translated,
657640ee,modules/economy/EFTPOS.dm,230,to_chat,"[icon2html(src, usr)][span_warning(""Unable to link accounts."")]","[icon2html(src, usr)][span_warning(""Unable to link accounts."")]",translated,
c592c71b,modules/economy/EFTPOS.dm,238,to_chat,"[icon2html(src, usr)][span_info(""Access code reset to 0."")]","[icon2html(src, usr)][span_info(""Access code reset to 0."")]",translated,
d0e3ebe5,modules/economy/EFTPOS.dm,288,to_chat,"[icon2html(src, usr)][span_warning(""You don't have that much money!"")]","[icon2html(src, usr)][span_warning(""You don't have that much money!"")]",translated,
47d7ddde,modules/economy/EFTPOS.dm,290,to_chat,"[icon2html(src, usr)][span_warning(""Your account has been suspended."")]","[icon2html(src, usr)][span_warning(""Your account has been suspended."")]",translated,
d94f0479,modules/economy/EFTPOS.dm,292,to_chat,"[icon2html(src, usr)][span_warning(""Unable to access account. Check security settings and try again."")]","[icon2html(src, usr)][span_warning(""Unable to access account. Check security settings and try again."")]",translated,
e812d90a,modules/economy/EFTPOS.dm,294,to_chat,"[icon2html(src, usr)][span_warning(""Connected account has been suspended."")]","[icon2html(src, usr)][span_warning(""Connected account has been suspended."")]",translated,
c0689761,modules/economy/EFTPOS.dm,296,to_chat,"[icon2html(src, usr)][span_warning(""EFTPOS is not connected to an account."")]","[icon2html(src, usr)][span_warning(""EFTPOS is not connected to an account."")]",translated,
507de954,modules/error_handler/error_viewer.dm,139,name,\[[time_stamp()]] Uncaught exceptions,[[time_stamp()]] 未捕获的异常,translated,
9c936abb,modules/error_handler/error_viewer.dm,171,name,"\[[time_stamp()]] Skipped [skip_count] runtimes in [e.file],[e.line].","\[[time_stamp()]] 在 [e.file],[e.line] 跳过了 [skip_count] 个运行时。",translated,
b578197b,modules/factory/machines.dm,35,balloon_alert,"[anchored ? """" : ""un""]anchored","[anchored ? """" : ""un""]已锚定",translated,
9d4002d5,modules/factory/unboxer.dm,50,balloon_alert,"[anchored ? """" : ""un""]anchored","[anchored ? """" : ""un""]已锚定",translated,
8607b238,modules/flufftext/Hallucination.dm,164,to_chat,[xeno.name] begins climbing into the ventilation system...,[xeno.name] 开始爬入通风系统...,translated,
adeb7016,modules/flufftext/Hallucination.dm,166,to_chat,[xeno.name] scrambles into the ventilation ducts!,[xeno.name] 匆忙爬进了通风管道！,translated,
45b68329,modules/flufftext/Hallucination.dm,316,to_chat,"<b>DEAD: [fakemob.name]</b> says, \""[pick(""rip"",""why did i just drop dead?"",""hey [target.real_name]"",""git gud"",""you too?"",""did we get the [pick(""nuke"", ""blue disk"", ""red disk"", ""green disk"", ""yellow disk"")]?"",""i[prob(50)?"" fucking"":""""] hate [pick(""runners"", ""queens"", ""shrikes"", ""xenos"", ""this"", ""myself"", ""admins"", ""you"")]"")]\""","<b>阵亡：[fakemob.name]</b>说：[pick(""rip"",""why did i just drop dead?"",""hey [target.real_name]"",""git gud"",""you too?"",""did we get the [pick(""nuke"", ""blue disk"", ""red disk"", ""green disk"", ""yellow disk"")]?"",""i[prob(50)?"" fucking"":""""] hate [pick(""runners"", ""queens"", ""shrikes"", ""xenos"", ""this"", ""myself"", ""admins"", ""you"")]"")]",translated,
051ce30c,modules/food_and_drinks/kitchen_machinery/griddle.dm,109,balloon_alert,"[anchored ? ""un"" : """"]securing...","[anchored ? ""un"" : """"]正在确保...",translated,
4d211368,modules/food_and_drinks/kitchen_machinery/griddle.dm,113,balloon_alert,"[anchored ? ""un"" : """"]secured","[anchored ? ""un"" : """"]已确保",translated,
11b1fdc0,modules/food_and_drinks/kitchen_machinery/grill.dm,143,balloon_alert,"[anchored ? ""un"" : """"]securing...","[anchored ? ""un"" : """"]正在确保...",translated,
0ee45e15,modules/food_and_drinks/kitchen_machinery/grill.dm,148,balloon_alert,"[anchored ? ""un"" : """"]secured","[anchored ? ""un"" : """"]已确保",translated,
7d8b7328,modules/hydroponics/grown_inedible.dm,130,desc,The <span class='warning'> glowing \black nettle incites <span class='warning'><B>rage</B>\black in you just from looking at it!</span>,光是看着这<span class='warning'>发光的\black荨麻，就让你<span class='warning'><B>怒火</B>\black中烧！</span>,translated,
8b27349b,modules/hydroponics/hydro_tray.dm,620,to_chat,"You [anchored ? ""wrench"" : ""unwrench""] \the [src].","你 [anchored ? ""wrench"" : ""unwrench""] \the [src]。",translated,
d2a7d252,modules/hydroponics/hydro_tray.dm,635,to_chat,"[src] has [span_notice(""[seed.display_name] \black planted."")]","[src] 拥有 [span_notice(""[seed.display_name] \black planted."")]",translated,
4db211af,modules/hydroponics/hydro_tray.dm,637,to_chat,"The plant looks [span_warning(""unhealthy."")]","这株植物看起来[span_warning(""unhealthy."")]",translated,
b3d12991,modules/hydroponics/hydro_tray.dm,643,to_chat,"[src] is [span_warning(""filled with weeds!"")]","[src]是[span_warning(""filled with weeds!"")]",translated,
c969a355,modules/hydroponics/hydro_tray.dm,645,to_chat,"[src] is [span_warning(""filled with tiny worms!"")]","[src]是[span_warning(""filled with tiny worms!"")]",translated,
2e5e868f,modules/hydroponics/hydro_tray.dm,657,to_chat,"You [closed_system ? ""close"" : ""open""] the tray's lid.","你[closed_system ? ""close"" : ""open""]了托盘盖。",translated,
a758c220,modules/hydroponics/seed_datums.dm,548,to_chat,"You [harvest_sample ? ""take a sample"" : ""harvest""] from the [display_name].","你是来自[display_name]的[harvest_sample ? ""take a sample"" : ""harvest""]。",translated,
36e25e8b,modules/hydroponics/seed_machines.dm,97,to_chat,"You [open ? ""open"" : ""close""] the maintenance panel.","你[open ? ""open"" : ""close""]了维护面板。",translated,
ba485eb2,modules/hydroponics/vines.dm,126,to_chat,"The vines [pick(""wind"", ""tangle"", ""tighten"")] around you!","藤蔓[pick(""wind"", ""tangle"", ""tighten"")]缠住了你！",translated,
82337a5f,modules/instruments/items.dm,53,desc,"A wooden musical instrument with four strings and a bow. \""The devil went down to space, he was looking for an assistant to grief.\""",一把有四根弦和琴弓的木制乐器。{{P0}}魔鬼下凡到太空，他正在寻找一个助手来制造悲伤。{{P1}},translated,
63bdfccd,modules/instruments/items.dm,61,desc,"A golden musical instrument with four strings and a bow. \""The devil went down to space, he was looking for an assistant to grief.\""",一把金色的四弦乐器，配有一支琴弓。{{P0}}魔鬼降临太空，他正寻找一个制造悲伤的助手。{{P1}},translated,
a77c2d47,modules/mob/camera/imaginary_friend.dm,129,to_chat,"You have [xeno_mobhud ? ""enabled"" : ""disabled""] the Xeno Status HUD.","你已[xeno_mobhud ? ""enabled"" : ""disabled""]异形状态HUD。",translated,
6f31a708,modules/mob/camera/imaginary_friend.dm,142,to_chat,"You have [med_squad_mobhud ? ""enabled"" : ""disabled""] the Human Status HUD.","你已[med_squad_mobhud ? ""enabled"" : ""disabled""]人类状态抬头显示器。",translated,
a799d960,modules/mob/dead/observer/observer.dm,403,to_chat,"[hud_choice] [ghost_medhud ? ""Enabled"" : ""Disabled""]","[hud_choice] [ghost_medhud ? ""Enabled"" : ""Disabled""]",translated,
14d5b436,modules/mob/dead/observer/observer.dm,410,to_chat,"[hud_choice] [ghost_sechud ? ""Enabled"": ""Disabled""]","[hud_choice] [ghost_sechud ? ""Enabled"": ""Disabled""]",translated,
58cb3775,modules/mob/dead/observer/observer.dm,419,to_chat,"[hud_choice] [ghost_squadhud ? ""Enabled"": ""Disabled""]","[hud_choice] [ghost_squadhud ? ""Enabled"": ""Disabled""]",translated,
1793003e,modules/mob/dead/observer/observer.dm,426,to_chat,"[hud_choice] [ghost_xenohud ? ""Enabled"" : ""Disabled""]","[hud_choice] [ghost_xenohud ? ""Enabled"" : ""Disabled""]",translated,
0c7c4b48,modules/mob/dead/observer/observer.dm,433,to_chat,"[hud_choice] [ghost_orderhud ? ""Enabled"" : ""Disabled""]","[hud_choice] [ghost_orderhud ? ""Enabled"" : ""Disabled""]",translated,
9dc9840b,modules/mob/dead/observer/observer.dm,567,to_chat,"You [(ghost_vision ? ""now"" : ""no longer"")] have ghost vision.","你 [(ghost_vision ? ""now"" : ""no longer"")] 拥有幽灵视觉。",translated,
c3d02616,modules/mob/dead/observer/observer.dm,811,visible_message,"[span_name(""[src]"")] points at [pointed_atom].","[span_name(""[src]"")] 指向 [pointed_atom]。",translated,
0562f30f,modules/mob/living/brain/MMI.dm,53,to_chat,"You [locked ? ""lock"" : ""unlock""] the brain holder.","你[locked ? ""lock"" : ""unlock""]了脑部容器。",translated,
a4b6ec49,modules/mob/living/brain/MMI.dm,113,to_chat,"Radio is [radio.broadcasting==1 ? ""now"" : ""no longer""] broadcasting.","无线电正在[radio.broadcasting==1 ? ""now"" : ""no longer""]广播。",translated,
6f1795b2,modules/mob/living/brain/MMI.dm,126,to_chat,"Radio is [radio.listening==1 ? ""now"" : ""no longer""] receiving broadcast.","无线电正在[radio.listening==1 ? ""now"" : ""no longer""]接收广播。",translated,
52aa1fe6,modules/mob/living/carbon/carbon.dm,16,to_chat,"<b>[span_deadsay(""<p style='font-size:1.5em'>[species.special_death_message]</p>"")]</b>","<b>[span_deadsay(""<p style='font-size:1.5em'>[species.special_death_message]</p>"")]</b>",translated,
4a8879c7,modules/mob/living/carbon/carbon_stripping.dm,146,balloon_alert,"[strapped ? ""loosening"" : ""tightening""] strap...","[strapped ? ""loosening"" : ""tightening""] 系紧...",translated,
8412270d,modules/mob/living/carbon/human/human.dm,375,to_chat,"<b>Name:</b> [security_record.fields[""name""]]	<b>Criminal Status:</b> [security_record.fields[""criminal""]]","<b>姓名：</b> [security_record.fields[""name""]]	<b>犯罪状态：</b> [security_record.fields[""criminal""]]",translated,
655fd64a,modules/mob/living/carbon/human/human.dm,376,to_chat,"<b>Minor Crimes:</b> [security_record.fields[""mi_crim""]]","<b>轻微罪行：</b> [security_record.fields[""mi_crim""]]",translated,
a58cb96b,modules/mob/living/carbon/human/human.dm,377,to_chat,"<b>Details:</b> [security_record.fields[""mi_crim_d""]]","<b>详情：</b> [security_record.fields[""mi_crim_d""]]",translated,
6c2038f6,modules/mob/living/carbon/human/human.dm,378,to_chat,"<b>Major Crimes:</b> [security_record.fields[""ma_crim""]]","<b>重大罪行：</b> [security_record.fields[""ma_crim""]]",translated,
a0542f3a,modules/mob/living/carbon/human/human.dm,379,to_chat,"<b>Details:</b> [security_record.fields[""ma_crim_d""]]","<b>详情：</b> [security_record.fields[""ma_crim_d""]]",translated,
037fa3a9,modules/mob/living/carbon/human/human.dm,380,to_chat,"<b>Notes:</b> [security_record.fields[""notes""]]","<b>备注：</b> [security_record.fields[""notes""]]",translated,
495dcaac,modules/mob/living/carbon/human/human.dm,381,to_chat,<a href='byond://?src=[text_ref(src)];secrecordComment=`'>\[View Comment Log\]</a>,<a href='byond://?src={{P0}};secrecordComment=`'>\[View Comment Log\]</a>,translated,
9de55e0b,modules/mob/living/carbon/human/human.dm,409,to_chat,"[security_record.fields[""com_[counter]""]]","[security_record.fields[""com_[counter]""]]",translated,
c378e0fa,modules/mob/living/carbon/human/human.dm,413,to_chat,<a href='byond://?src=[text_ref(src)];secrecordadd=`'>\[Add comment\]</a>,<a href='byond://?src={{P0}};secrecordadd=`'>\[Add comment\]</a>,translated,
58a0ae66,modules/mob/living/carbon/human/human.dm,503,to_chat,"<b>Name:</b> [medical_record.fields[""name""]]	<b>Blood Type:</b> [medical_record.fields[""b_type""]]","<b>姓名：</b> [medical_record.fields[""name""]]	<b>血型：</b> [medical_record.fields[""b_type""]]",translated,
571600fc,modules/mob/living/carbon/human/human.dm,504,to_chat,"<b>DNA:</b> [medical_record.fields[""b_dna""]]","<b>DNA：</b> [medical_record.fields[""b_dna""]]",translated,
e9bb6d06,modules/mob/living/carbon/human/human.dm,505,to_chat,"<b>Minor Disabilities:</b> [medical_record.fields[""mi_dis""]]","<b>轻微残疾：</b> [medical_record.fields[""mi_dis""]]",translated,
9e4da40a,modules/mob/living/carbon/human/human.dm,506,to_chat,"<b>Details:</b> [medical_record.fields[""mi_dis_d""]]","<b>详情：</b> [medical_record.fields[""mi_dis_d""]]",translated,
a3371873,modules/mob/living/carbon/human/human.dm,507,to_chat,"<b>Major Disabilities:</b> [medical_record.fields[""ma_dis""]]","<b>主要伤残情况：</b> [medical_record.fields[""ma_dis""]]",translated,
437a192f,modules/mob/living/carbon/human/human.dm,508,to_chat,"<b>Details:</b> [medical_record.fields[""ma_dis_d""]]","<b>详情：</b> [medical_record.fields[""ma_dis_d""]]",translated,
b6e48739,modules/mob/living/carbon/human/human.dm,509,to_chat,"<b>Notes:</b> [medical_record.fields[""notes""]]","<b>备注：</b> [medical_record.fields[""notes""]]",translated,
d690b99e,modules/mob/living/carbon/human/human.dm,510,to_chat,<a href='byond://?src=[text_ref(src)];medrecordComment=`'>\[View Comment Log\]</a>,<a href='byond://?src={{P0}};medrecordComment=`'>\[View Comment Log\]</a>,translated,
199cda53,modules/mob/living/carbon/human/human.dm,539,to_chat,"[medical_record.fields[""com_[counter]""]]","[medical_record.fields[""com_[counter]""]]",translated,
f1c48c26,modules/mob/living/carbon/human/human.dm,543,to_chat,<a href='byond://?src=[text_ref(src)];medrecordadd=`'>\[Add comment\]</a>,<a href='byond://?src={{P0}};medrecordadd=`'>\[Add comment\]</a>,translated,
b9f335fc,modules/mob/living/carbon/human/human.dm,732,to_chat,"[self ? ""You have a"" : ""[src] has a""] pulse! Counting...","[self ? ""You have a"" : ""[src] has a""] 脉搏！正在计数...",translated,
e036e18d,modules/mob/living/carbon/human/human.dm,737,to_chat,"You must[self ? """" : "" both""] remain still until counting is finished.","你必须[self ? """" : "" both""]保持静止直到计数完成。",translated,
ce11da5f,modules/mob/living/carbon/human/human.dm,743,to_chat,"[self ? ""Your"" : ""[src]'s""] pulse is [get_pulse(GETPULSE_HAND)].","[self ? ""Your"" : ""[src]'s""] 脉搏为 [get_pulse(GETPULSE_HAND)]。",translated,
d4c9cd02,modules/mob/living/carbon/human/human_attackhand.dm,211,visible_message,"[src] examines [p_them()]sel[gender == PLURAL ? ""ves"" : ""f""].","[src]检查[p_them()]自[gender == PLURAL ? ""ves"" : ""f""]。",translated,
4dc69251,modules/mob/living/carbon/human/human_helpers.dm,181,to_chat,"There is no exposed flesh or thin material [target_zone == ""head"" ? ""on their head"" : ""on their body""] to inject into.","没有暴露的肉体或薄质材料 [target_zone == ""head"" ? ""on their head"" : ""on their body""] 可供注射。",translated,
ea4f9d4f,modules/mob/living/carbon/human/life/handle_shock.dm,15,to_chat,"[pick(""You're in a bit of pain"", ""You ache a little"", ""You feel some physical discomfort"")].","[pick(""You're in a bit of pain"", ""You ache a little"", ""You feel some physical discomfort"")].",translated,
a7d89b4c,modules/mob/living/carbon/human/life/handle_shock.dm,18,to_chat,"[pick(""It hurts so much"", ""You really need some painkillers"", ""Dear god, the pain"")]!","[pick(""It hurts so much"", ""You really need some painkillers"", ""Dear god, the pain"")]!",translated,
e155c315,modules/mob/living/carbon/human/life/handle_shock.dm,22,to_chat,"[pick(""The pain is excruciating"", ""Please, just end the pain"", ""Your whole body is going numb"")]!","[pick(""The pain is excruciating"", ""Please, just end the pain"", ""Your whole body is going numb"")]!",translated,
f0acbd0f,modules/mob/living/carbon/human/life/handle_shock.dm,35,to_chat,"[pick(""The pain is excruciating"", ""Please, just end the pain"", ""Your whole body is going numb"")]!","[pick(""The pain is excruciating"", ""Please, just end the pain"", ""Your whole body is going numb"")]!",translated,
37a1a6b6,modules/mob/living/carbon/human/life/handle_shock.dm,42,to_chat,"[pick(""The pain is excruciating"", ""Please, just end the pain"", ""Your whole body is going numb"")]!","[pick(""The pain is excruciating"", ""Please, just end the pain"", ""Your whole body is going numb"")]!",translated,
b9d9a519,modules/mob/living/carbon/human/life/handle_shock.dm,49,to_chat,"[pick(""The pain is excruciating"", ""Please, just end the pain"", ""Your whole body is going numb"", ""You feel like you could die any moment now"")]!","[pick(""The pain is excruciating"", ""Please, just end the pain"", ""Your whole body is going numb"", ""You feel like you could die any moment now"")]!",translated,
0a64f00e,modules/mob/living/carbon/human/life/handle_shock.dm,56,to_chat,"[pick(""The pain is excruciating"", ""Please, just end the pain"", ""Your whole body is going numb"", ""You feel like you could die any moment now"")]!","[pick(""The pain is excruciating"", ""Please, just end the pain"", ""Your whole body is going numb"", ""You feel like you could die any moment now"")]!",translated,
9abc34aa,modules/mob/living/carbon/xenomorph/abilities.dm,1021,to_chat,"You hear a strange, alien voice in your head. <i>\""[msg]\""</i>",你听到脑海中响起一个奇怪的外星声音。<i>'[msg]'</i>,translated,
484ef275,modules/mob/living/carbon/xenomorph/castes/behemoth/abilities_behemoth.dm,287,balloon_alert,"[lowertext(initial(name))] ready[current_charges > 1 ? "" ([current_charges]/[maximum_charges])"" : """"]","[lowertext(initial(name))]准备就绪[current_charges > 1 ? "" ([current_charges]/[maximum_charges])"" : """"]",translated,
6c889a7b,modules/mob/living/carbon/xenomorph/castes/behemoth/abilities_behemoth.dm,594,balloon_alert,"[lowertext(initial(name))] ready[maximum_pillars > 1 ? "" ([length(active_pillars)]/[maximum_pillars])"" : """"]","[lowertext(initial(name))]准备就绪[maximum_pillars > 1 ? "" ([length(active_pillars)]/[maximum_pillars])"" : """"]",translated,
acf669f2,modules/mob/living/carbon/xenomorph/castes/boiler/abilities_boiler.dm,263,desc,[initial(desc)] Reduces bombard cooldown by [BOILER_BOMBARD_COOLDOWN_REDUCTION / 10] seconds for each stored. Begins to emit light when surpassing [xeno_owner.glob_luminosity_threshold] globs stored.,[initial(desc)] 每储存一团黏液，轰炸冷却时间减少[BOILER_BOMBARD_COOLDOWN_REDUCTION / 10]秒。当储存量超过[xeno_owner.glob_luminosity_threshold]团时开始发光。,translated,
2367ac05,modules/mob/living/carbon/xenomorph/castes/carrier/abilities_carrier.dm,452,visible_message,"\The [victim] loses [victim.p_their()] balance, falling to the side!",\The [victim] 失去 [victim.p_their()] 平衡，侧身摔倒！,translated,
39e22755,modules/mob/living/carbon/xenomorph/castes/defender/abilities_defender.dm,207,to_chat,"We can [xeno_owner.crest_defense ? ""raise"" : ""lower""] our crest.","我们可以[xeno_owner.crest_defense ? ""raise"" : ""lower""]我们的徽章。",translated,
41f4346c,modules/mob/living/carbon/xenomorph/castes/defender/abilities_defender.dm,291,to_chat,"We can [xeno_owner.fortify ? ""stand up"" : ""fortify""] again.","我们可以[xeno_owner.fortify ? ""stand up"" : ""fortify""]再来一次。",translated,
3e2cb779,modules/mob/living/carbon/xenomorph/castes/defiler/abilities_defiler.dm,327,visible_message,"The stinger retracts from [xeno_owner], leaving the egg and little one alive.",毒刺从[xeno_owner]身上收回，留下卵和幼体存活。,translated,
d15fc901,modules/mob/living/carbon/xenomorph/castes/hunter/abilities_hunter.dm,516,to_chat,"We sense our quarry <b>[mark.marked_target]</b> is currently located in <b>[AREACOORD_NO_Z(mark.marked_target)]</b> and is <b>[get_dist(xeno_owner, mark.marked_target)]</b> tiles away. It is <b>[calculate_mark_health(mark.marked_target)]</b> and <b>[mark.marked_target.status_flags & XENO_HOST ? ""impregnated"" : ""barren""]</b>.","我们感知到目标 <b>[mark.marked_target]</b> 目前位于 <b>[AREACOORD_NO_Z(mark.marked_target)]</b>，距离 <b>[get_dist(xeno_owner, mark.marked_target)]</b> 格。目标状态为 <b>[calculate_mark_health(mark.marked_target)]</b> 且 <b>[mark.marked_target.status_flags & XENO_HOST ? ""impregnated"" : ""barren""]</b>。",translated,
e38c8f21,modules/mob/living/carbon/xenomorph/castes/hunter/abilities_hunter.dm,723,to_chat,"We invade the mind of [victim_count] [victim_count > 1 ? ""victims"" : ""victim""], silencing and muting them...","我们入侵了 [victim_count] [victim_count > 1 ? ""victims"" : ""victim""] 的意识，使其陷入沉寂与静默...",translated,
a73f65ab,modules/mob/living/carbon/xenomorph/castes/hunter/mutations_hunter.dm,290,desc,The effects of Silence against your Hunter's Mark target last 2.5/2.75/3x as long.,沉默效果对您猎人印记目标的影响持续时间延长至2.5/2.75/3倍。,translated,
79a3ba90,modules/mob/living/carbon/xenomorph/castes/king/abilities_conqueror.dm,102,balloon_alert,"[initial(name)] [toggled ? ""enabled"" : ""disabled""]","[initial(name)] [toggled ? ""enabled"" : ""disabled""]",translated,
75f3ef87,modules/mob/living/carbon/xenomorph/castes/king/abilities_conqueror.dm,359,balloon_alert,"Combo display [display_combos ? ""enabled"" : ""disabled""]","连击显示 [display_combos ? ""enabled"" : ""disabled""]",translated,
705a5491,modules/mob/living/carbon/xenomorph/castes/puppeteer/abilities_puppeteer.dm,291,visible_message,[puppet] bloats and slowly unfurls its stitched body!,[puppet] 肿胀起来，缓缓展开缝合的身体！,translated,
d673a27f,modules/mob/living/carbon/xenomorph/castes/puppeteer/abilities_puppeteer.dm,300,visible_message,"[puppet] ruptures, releasing corrosive acid!",[puppet]破裂，释放出腐蚀性酸液！,translated,
daf0bfa1,modules/mob/living/carbon/xenomorph/castes/queen/abilities_queen.dm,25,to_chat,"That announcement contained a word prohibited in IC chat! Consider reviewing the server rules.\n<span replaceRegex='show_filtered_ic_chat'>\""[input]\""</span>",该公告包含IC聊天禁用词汇！请查阅服务器规则。\n<span replaceRegex='show_filtered_ic_chat'>'[input]'</span>,translated,
622b5f2b,modules/mob/living/carbon/xenomorph/castes/ravager/abilities_ravager.dm,679,to_chat,"You will now[xeno_owner.vampirism ? """" : "" no longer""] heal from attacking","你现在[xeno_owner.vampirism ? """" : "" no longer""]通过攻击恢复生命值",translated,
a35f3ea4,modules/mob/living/carbon/xenomorph/castes/runner/abilities_runner.dm,280,to_chat,"The searing fire compromises our ability to dodge![RUNNER_EVASION_COOLDOWN_REFRESH_THRESHOLD - evasion_stacks > 0 ? "" We must dodge [RUNNER_EVASION_COOLDOWN_REFRESH_THRESHOLD - evasion_stacks] more projectile damage before Evasion's cooldown refreshes."" : """"]","灼热的火焰削弱了我们的闪避能力！[RUNNER_EVASION_COOLDOWN_REFRESH_THRESHOLD - evasion_stacks > 0 ? "" We must dodge [RUNNER_EVASION_COOLDOWN_REFRESH_THRESHOLD - evasion_stacks] more projectile damage before Evasion's cooldown refreshes."" : """"]",translated,
8d501768,modules/mob/living/carbon/xenomorph/castes/runner/abilities_runner.dm,56,balloon_alert,"Savage [savage_activated ? ""activated"" : ""deactivated""]","野蛮的[savage_activated ? ""activated"" : ""deactivated""]",translated,
8e7f54cb,modules/mob/living/carbon/xenomorph/castes/runner/abilities_runner.dm,192,balloon_alert,"Auto Evasion [auto_evasion ? ""activated"" : ""deactivated""]","自动规避 [auto_evasion ? ""activated"" : ""deactivated""]",translated,
3986064d,modules/mob/living/carbon/xenomorph/castes/warrior/abilities_warrior.dm,420,balloon_alert,"[fling_action ? ""[initial(fling_action.name)] / "" : """"][initial(name)] ready","[fling_action ? ""[initial(fling_action.name)] / "" : """"][initial(name)] 准备就绪",translated,
23f3f331,modules/mob/living/carbon/xenomorph/castes/warrior/abilities_warrior.dm,730,balloon_alert,"[initial(name)] ready[current_charges > 1 ? "" ([current_charges]/[initial(current_charges)])"" : """"]","[initial(name)]准备就绪[current_charges > 1 ? "" ([current_charges]/[initial(current_charges)])"" : """"]",translated,
9d811f6c,modules/mob/living/carbon/xenomorph/charge_crush.dm,549,visible_message,"[span_warning(""[charger] knocks [src] aside."")]!","[span_warning(""[charger] knocks [src] aside."")]!",translated,
aaa654aa,modules/mob/living/carbon/xenomorph/charge_crush.dm,675,visible_message,[charger] rams into [src] and flings [p_them()] away!,[charger] 猛撞向 [src]，将 [p_them()] 甩飞出去！,translated,
f3c579b5,modules/mob/living/carbon/xenomorph/death.dm,48,to_chat,"<b>[span_deadsay(""<p style='font-size:1.5em'><big>We have perished.</big><br><small>But it is not the end of us yet... wait until a newborn can rise in this world...</small></p>"")]</b>","<b>[span_deadsay(""<p style='font-size:1.5em'><big>We have perished.</big><br><small>But it is not the end of us yet... wait until a newborn can rise in this world...</small></p>"")]</b>",translated,
1bd250f9,modules/mob/living/carbon/xenomorph/embryo.dm,100,to_chat,"[pick(""Your chest hurts a little bit"", ""Your stomach hurts"")].","[pick(""Your chest hurts a little bit"", ""Your stomach hurts"")].",translated,
ede42df1,modules/mob/living/carbon/xenomorph/embryo.dm,103,to_chat,"[pick(""Your throat feels sore"", ""Mucous runs down the back of your throat"")].","[pick(""Your throat feels sore"", ""Mucous runs down the back of your throat"")].",translated,
6f5d2405,modules/mob/living/carbon/xenomorph/embryo.dm,119,to_chat,"[pick(""Your chest hurts badly"", ""It becomes difficult to breathe"", ""Your heart starts beating rapidly, and each beat is painful"")].","[pick(""Your chest hurts badly"", ""It becomes difficult to breathe"", ""Your heart starts beating rapidly, and each beat is painful"")].",translated,
882f42f9,modules/mob/living/carbon/xenomorph/facehuggers.dm,364,visible_message,\A [src] leaps out of \the [loc]!,\A [src] 从 \the [loc] 中跃出！,translated,
00fffd65,modules/mob/living/carbon/xenomorph/facehuggers.dm,523,visible_message,"<span class='notice'>[hugged] snatches [src] out of the air and [pickweight(list(""clobbers"" = 30, ""kills"" = 30, ""squashes"" = 25, ""dunks"" = 10, ""dribbles"" = 5))] it!","<span class='notice'>[hugged] 从空中夺过 [src] 并 [pickweight(list(""clobbers"" = 30, ""kills"" = 30, ""squashes"" = 25, ""dunks"" = 10, ""dribbles"" = 5))] 了它！",translated,
eaa19232,modules/mob/living/carbon/xenomorph/facehuggers.dm,651,visible_message,"[icon2html(src, viewers(src))] [span_danger(""\The [src] decays into a mass of acid and chitin."")]","[icon2html(src, viewers(src))] [span_danger(""\The [src] decays into a mass of acid and chitin."")]",translated,
ea549d5a,modules/mob/living/carbon/xenomorph/hive_datum.dm,903,to_chat,"<span class='[span_class]'><font size=[size]> [message][report_distance ? "" Distance: [get_dist(X, target)]"" : """"]</font></span>","<span class='{{P0}}'><font size={{P1}}> [message][report_distance ? "" Distance: [get_dist(X, target)]"" : """"]</font></span>",translated,
e8d2e679,modules/mob/living/carbon/xenomorph/hive_upgrades.dm,129,to_chat,"You need [points_requirement] more [(upgrade_flags & UPGRADE_FLAG_USES_TACTICAL) ? ""tactical"" : ""strategic""] points to request this blessing!","你需要再获得 [points_requirement] 点 [(upgrade_flags & UPGRADE_FLAG_USES_TACTICAL) ? ""tactical"" : ""strategic""] 才能请求此祝福！",translated,
a2adeb56,modules/mob/living/carbon/xenomorph/xenomorph.dm,570,visible_message,"[target_mounting ? ""[target] starts to mount on [src]"" : ""[src] starts hoisting [target] onto [p_their()] back...""]","[target_mounting ? ""[target] starts to mount on [src]"" : ""[src] starts hoisting [target] onto [p_their()] back...""]",translated,
e5f5881e,modules/mob/living/carbon/xenomorph/xenomorph.dm,573,visible_message,"[target_mounting ? ""[target] fails to mount on [src]"" : ""[src] fails to carry [target]!""]","[target_mounting ? ""[target] fails to mount on [src]"" : ""[src] fails to carry [target]!""]",translated,
8b5cfccc,modules/mob/living/carbon/xenomorph/xenoprocs.dm,502,to_chat,"You have [(xeno_flags & XENO_MOBHUD) ? ""enabled"" : ""disabled""] the Xeno Status HUD.","你已[(xeno_flags & XENO_MOBHUD) ? ""enabled"" : ""disabled""]异形状态HUD。",translated,
b0b75893,modules/mob/living/living.dm,802,to_chat,"[rider ? src : ""You""] can't do that right now!","[rider ? src : ""You""]现在做不到！",translated,
613c264d,modules/mob/living/living.dm,1159,to_chat,"You can't see through the floor [direction == DOWN ? ""below"" : ""above""] you.","你看不到脚下的地板[direction == DOWN ? ""below"" : ""above""]。",translated,
ad382891,modules/mob/living/living.dm,857,visible_message,"[src] makes a hard landing on [impacted_turf] but remains unharmed from the fall[graceful_landing ? "" and stays on [p_their()] feet"" : "" by tucking in rolling into the landing""].","[src]在[impacted_turf]上强行着陆，但[graceful_landing ? "" and stays on [p_their()] feet"" : "" by tucking in rolling into the landing""]从坠落中毫发无伤。",translated,
f16614b6,modules/mob/living/living_verbs.dm,71,visible_message,"[span_name(""[src]"")] points at [pointed_atom].","[span_name(""[src]"")] 指向 [pointed_atom]。",translated,
f594a23a,modules/mob/living/silicon/ai/ai.dm,562,to_chat,"That message contained a word prohibited in IC chat! Consider reviewing the server rules.\n<span replaceRegex='show_filtered_ic_chat'>\""[text]\""</span>",该消息包含IC聊天中禁止使用的词汇！请查阅服务器规则。\n<span replaceRegex='show_filtered_ic_chat'>'[text]'</span>,translated,
1903aa53,modules/mob/living/silicon/ai/ai_verbs.dm,198,to_chat,"Camera acceleration has been [acceleration ? ""enabled"" : ""disabled""].","摄像机加速已[acceleration ? ""enabled"" : ""disabled""]。",translated,
527513af,modules/mob/living/silicon/ai/ai_verbs.dm,242,to_chat,"<b>You are now [anchored ? """" : ""un""]anchored.</b>","<b>你现在已[anchored ? """" : ""un""]固定。</b>",translated,
d9470524,modules/mob/living/silicon/ai/ai_verbs.dm,301,to_chat,"Automatic announcements [chan == ""None"" ? ""will not use the radio."" : ""set to [chan].""]","自动广播 [chan == ""None"" ? ""will not use the radio."" : ""set to [chan].""]",translated,
c88550b8,modules/mob/living/silicon/ai/death.dm,14,to_chat,"<b>[span_deadsay(""<p style='font-size:1.5em'><big>You have been shut down.</big></p>"")]</b>","<b>[span_deadsay(""<p style='font-size:1.5em'><big>You have been shut down.</big></p>"")]</b>",translated,
756c68a0,modules/mob/living/silicon/ai/say.dm,35,to_chat,"Holopad transmitted: [real_name]: \""[message]\""",全息板传输：[real_name]：[message],translated,
88cd0cee,modules/mob/living/simple_animal/friendly/farm_animals.dm,48,visible_message,[src] gets an evil-looking gleam in [p_their()] eye.,[src] 眼中闪过一丝不怀好意的光芒。,translated,
f4c71215,modules/mob/living/simple_animal/friendly/parrot.dm,615,say,"[parrot_source.available_channels.len ? ""[pick(parrot_source.available_channels)] "" : null]BAWWWWWK LEAVE THE HEADSET BAWKKKKK!","[parrot_source.available_channels.len ? ""[pick(parrot_source.available_channels)] "" : null]咯咯咯 把耳机放下 咯咯咯！",translated,
c656e575,modules/mob/living/simple_animal/hostile/carp.dm,49,name,"[pick(SSstrings.get_list_from_file(""names/megacarp_first""))] [pick(SSstrings.get_list_from_file(""names/megacarp_last""))]","[pick(SSstrings.get_list_from_file(""names/megacarp_first""))] [pick(SSstrings.get_list_from_file(""names/megacarp_last""))]",translated,
39f610fd,modules/mob/living/simple_animal/simple_animal.dm,136,to_chat,"<b>[span_deadsay(""<p style='font-size:1.5em'><big>You have perished.</big></p>"")]</b>","<b>[span_deadsay(""<p style='font-size:1.5em'><big>You have perished.</big></p>"")]</b>",translated,
e0ad7a69,modules/mob/living/status_procs.dm,585,to_chat,"[priority_absorb_key[""self_message""]]","[priority_absorb_key[""self_message""]]",translated,
24ae9f5c,modules/mob/living/status_procs.dm,581,visible_message,"[src][priority_absorb_key[""visible_message""]]","[src][priority_absorb_key[""visible_message""]]",translated,
890f8eb7,modules/mob/living/status_procs.dm,583,visible_message,"[src][priority_absorb_key[""visible_message""]]","[src][priority_absorb_key[""visible_message""]]",translated,
b8c94169,modules/mob/mob_helpers.dm,402,to_chat,"[(extra_large) ? ""<br><hr>"" : """"][span_deadsay(""[message][(enter_link) ? "" [full_enter_link]"" : """"][track_link]"")][(extra_large) ? ""<hr><br>"" : """"]","[(extra_large) ? ""<br><hr>"" : """"][span_deadsay(""[message][(enter_link) ? "" [full_enter_link]"" : """"][track_link]"")][(extra_large) ? ""<hr><br>"" : """"]",translated,
d11bfcd5,modules/mob/mob_verbs.dm,232,to_chat,"<br><br><h1>[span_danger(""Fight for your life (again), try not to die this time!"")]</h1><br><br>","<br><br><h1>[span_danger(""Fight for your life (again), try not to die this time!"")]</h1><br><br>",translated,
fc0e34e4,modules/mob/new_player/new_player.dm,447,to_chat,"You are now [ready? """" : ""not ""]ready.","你现在已经[ready? """" : ""not ""]准备就绪。",translated,
5822f41c,modules/orbits/spaceship.dm,48,to_chat,"The wires have been [CHECK_BITFIELD(machine_stat, PANEL_OPEN) ? ""exposed"" : ""unexposed""]","线路已被[CHECK_BITFIELD(machine_stat, PANEL_OPEN) ? ""exposed"" : ""unexposed""]",translated,
c5ec7c66,modules/paperwork/filingcabinet.dm,60,to_chat,"You [anchored ? ""wrench"" : ""unwrench""] \the [src].","你 [anchored ? ""wrench"" : ""unwrench""] \the [src]。",translated,
1d466bf3,modules/paperwork/folders.dm,67,name,"folder[(n_name ? ""- '[n_name]'"" : """")]","文件夹[(n_name ? ""- '[n_name]'"" : """")]",translated,
bba0d15b,modules/paperwork/paper.dm,82,name,"[(n_name ? ""[n_name]"" : ""paper"")]","[(n_name ? ""[n_name]"" : ""paper"")]",translated,
82c1786c,modules/paperwork/paper_bundle.dm,188,name,"[(n_name ? ""[n_name]"" : ""paper"")]","[(n_name ? ""[n_name]"" : ""paper"")]",translated,
f470c295,modules/paperwork/photography.dm,288,name,"photo[(n_name ? ""- '[n_name]'"" : null)]","照片[(n_name ? ""- '[n_name]'"" : null)]",translated,
f4d4bba8,modules/power/apc/apc_attack.dm,84,balloon_alert,"[locked ? ""locked"" : ""unlocked""]","[locked ? ""locked"" : ""unlocked""]",translated,
8605e228,modules/power/apc/apc_attack.dm,121,balloon_alert,Wired],[已连接],translated,
7b605c4f,modules/power/apc/apc_attack.dm,251,balloon_alert,"[locked ? ""locked"" : ""unlocked""]","[locked ? ""locked"" : ""unlocked""]",translated,
b12a9ea6,modules/power/apc/apc_tool_act.dm,81,balloon_alert,"wires [CHECK_BITFIELD(machine_stat, PANEL_OPEN) ? ""exposed"" : ""unexposed""]","电线 [CHECK_BITFIELD(machine_stat, PANEL_OPEN) ? ""exposed"" : ""unexposed""]",translated,
50b1b471,modules/power/generator.dm,83,to_chat,"You [anchored ? ""secure"" : ""unsecure""] the bolts holding [src] to the floor.","你[anchored ? ""secure"" : ""unsecure""]了将[src]固定在地板上的螺栓。",translated,
fb24b42f,modules/power/groundmap_geothermal.dm,146,visible_message,"[icon2html(src, viewers(src))] [span_notice(""<b>[src]</b> begins to whirr as it powers up."")]","[icon2html(src, viewers(src))] [span_notice(""<b>[src]</b> begins to whirr as it powers up."")]",translated,
e193613b,modules/power/groundmap_geothermal.dm,148,visible_message,"[icon2html(src, viewers(src))] [span_notice(""<b>[src]</b> begins to hum loudly as it reaches half capacity."")]","[icon2html(src, viewers(src))] [span_notice(""<b>[src]</b> begins to hum loudly as it reaches half capacity."")]",translated,
77de196c,modules/power/groundmap_geothermal.dm,150,visible_message,"[icon2html(src, viewers(src))] [span_notice(""<b>[src]</b> rumbles loudly as the combustion and thermal chambers reach full strength."")]","[icon2html(src, viewers(src))] [span_notice(""<b>[src]</b> rumbles loudly as the combustion and thermal chambers reach full strength."")]",translated,
ca6c4027,modules/power/pipecleaners.dm,219,name,"pipe cleaner [amount < 3 ? ""piece"" : ""coil""]","管道清洁器 [amount < 3 ? ""piece"" : ""coil""]",translated,
b0d5b91a,modules/power/smes_construction.dm,250,to_chat,"You [safeties_enabled ? ""connected"" : ""disconnected""] the safety circuit.","你[safeties_enabled ? ""connected"" : ""disconnected""]了安全电路。",translated,
f32223ed,modules/power/smes_construction.dm,251,visible_message,"[icon2html(src, viewers(src))] <b>[src]</b> beeps: \""Caution. Safety circuit has been: [safeties_enabled ? ""re-enabled"" : ""disabled. Please excercise caution.""]\""","[icon2html(src, viewers(src))] <b>[src]</b> 发出哔声：[safeties_enabled ? ""re-enabled"" : ""disabled. Please excercise caution.""]",translated,
f4410d8c,modules/projectiles/ammo_types/miscellaneous_ammo.dm,235,visible_message,\A [G] lands on [T]!,\A [G] 降落在 [T]！,translated,
00e6d271,modules/projectiles/ammunition.dm,201,name,"handful of [ammo_name + "" ([new_caliber])""]","少量[ammo_name + "" ([new_caliber])""]",translated,
b9f5a116,modules/projectiles/gun_helpers.dm,436,balloon_alert,"Safety [HAS_TRAIT(src, TRAIT_GUN_SAFETY) ? ""off"" : ""on""].","安全 [HAS_TRAIT(src, TRAIT_GUN_SAFETY) ? ""off"" : ""on""]。",translated,
166bf7af,modules/projectiles/gun_helpers.dm,543,balloon_alert,"Automatic unloading [CHECK_BITFIELD(chosen_gun.reciever_flags, AMMO_RECIEVER_AUTO_EJECT) ? ""enabled"" : ""disabled""].","自动卸载 [CHECK_BITFIELD(chosen_gun.reciever_flags, AMMO_RECIEVER_AUTO_EJECT) ? ""enabled"" : ""disabled""]。",translated,
f17d0c06,modules/projectiles/gun_helpers.dm,554,balloon_alert,"Automatic unloading [CHECK_BITFIELD(chosen_gun.reciever_flags, AMMO_RECIEVER_AUTO_EJECT) ? ""enabled"" : ""disabled""].","自动卸载 [CHECK_BITFIELD(chosen_gun.reciever_flags, AMMO_RECIEVER_AUTO_EJECT) ? ""enabled"" : ""disabled""]。",translated,
c64f25fd,modules/projectiles/gun_system.dm,644,to_chat,"[dat.Join("" "")]","[dat.Join("" "")]",translated,
9c92d686,modules/projectiles/guns/energy.dm,127,to_chat,"[icon2html(src, user)] You [overcharge? ""<B>disable</b>"" : ""<B>enable</b>"" ] [src]'s overcharge mode.","[icon2html(src, user)] 你 [overcharge? ""<B>disable</b>"" : ""<B>enable</b>"" ] [src] 的过载模式。",translated,
6a6058ec,modules/projectiles/guns/energy.dm,135,to_chat,"[icon2html(src, user)] You [overcharge? ""<B>disable</b>"" : ""<B>enable</b>"" ] [src]'s overcharge mode.","[icon2html(src, user)] 你 [overcharge? ""<B>disable</b>"" : ""<B>enable</b>"" ] [src] 的过载模式。",translated,
334651c1,modules/projectiles/mounted.dm,142,visible_message,"[icon2html(src, viewers(src))] [span_notice(""[human_user] mans [src]!"")]","[icon2html(src, viewers(src))] [span_notice(""[human_user] mans [src]!"")]",translated,
e724527b,modules/projectiles/mounted.dm,339,balloon_alert,"You begin [anchored ? ""unanchoring"" : ""anchoring""] [src]","你开始[anchored ? ""unanchoring"" : ""anchoring""] [src]",translated,
2c2f6e6a,modules/projectiles/mounted.dm,347,balloon_alert,"You [anchored ? ""anchor"" : ""unanchor""] [src]","你 [anchored ? ""anchor"" : ""unanchor""] [src]",translated,
4b643015,modules/projectiles/projectile.dm,1361,to_chat,"[victim_feedback.Join("" "")]","[victim_feedback.Join("" "")]",translated,
263af07e,modules/projectiles/projectile.dm,1400,to_chat,"[victim_feedback.Join("" "")]","[victim_feedback.Join("" "")]",translated,
b9deba8b,modules/projectiles/sentries.dm,231,visible_message,"[user] [safe ? """" : ""de""]activates [src]'s safety lock.","[user] [safe ? """" : ""de""]激活了[src]的安全锁。",translated,
58b286fd,modules/projectiles/sentries.dm,255,visible_message,"[user] [alert ? """" : ""de""]activates [src]'s alert notifications.","[user] [alert ? """" : ""de""]激活了[src]的警报通知。",translated,
df61dfe7,modules/projectiles/sentries.dm,257,say,"Alert notification system [alert ? ""initiated"" : ""deactivated""]","警报通知系统 [alert ? ""initiated"" : ""deactivated""]",translated,
e0c66eb7,modules/reagents/chemistry/machinery/chem_dispenser.dm,379,balloon_alert,"[CHECK_BITFIELD(machine_stat, PANEL_OPEN) ? ""opens"" : ""closes""] the battery compartment","[CHECK_BITFIELD(machine_stat, PANEL_OPEN) ? ""opens"" : ""closes""] 电池舱",translated,
ec2c7674,modules/reagents/chemistry/reagents/drinks/glass_styles/sodas.dm,37,desc,Dr. Gibb. Not as dangerous as the container_name might imply.,吉布博士。没有{{P0}}听起来那么危险。,translated,
4d0cd2e5,modules/reagents/chemistry/reagents/medical.dm,959,to_chat,"[pick(""You could use another hit."", ""More of that would be nice."", ""Another dose would help."", ""One more dose wouldn't hurt"", ""Why not take one more?"")]","[pick(""You could use another hit."", ""More of that would be nice."", ""Another dose would help."", ""One more dose wouldn't hurt"", ""Why not take one more?"")]",translated,
b3e26c03,modules/reagents/chemistry/reagents/medical.dm,968,to_chat,"[pick(""It's just not the same without it."", ""You could use another hit."", ""You should take another."", ""Just one more."", ""Looks like you need another one."")]","[pick(""It's just not the same without it."", ""You could use another hit."", ""You should take another."", ""Just one more."", ""Looks like you need another one."")]",translated,
51d7013f,modules/reagents/chemistry/reagents/medical.dm,979,to_chat,"[pick(""You need more."", ""It's hard to go on like this."", ""You want more. You need more."", ""Just take another hit. Now."", ""One more."")]","[pick(""You need more."", ""It's hard to go on like this."", ""You want more. You need more."", ""Just take another hit. Now."", ""One more."")]",translated,
94ad6e0e,modules/reagents/chemistry/reagents/medical.dm,991,to_chat,"[pick(""You need another dose, now. NOW."", ""You can't stand it. You have to go back. You have to go back."", ""You need more. YOU NEED MORE."", ""MORE"", ""TAKE MORE."")]","[pick(""You need another dose, now. NOW."", ""You can't stand it. You have to go back. You have to go back."", ""You need more. YOU NEED MORE."", ""MORE"", ""TAKE MORE."")]",translated,
817cd355,modules/reagents/reagent_containers/cups/bottle.dm,385,desc,"Named after the famed Captain 'Cuban' Pete, this rum is about as volatile as his final mission.",以著名的{{P0}}古巴{{P1}}皮特上尉命名，这款朗姆酒就像他最后的任务一样充满变数。,translated,
02586f5a,modules/reagents/reagent_containers/cups/drinkingglass.dm,81,name,"[length(reagents.reagent_list) ? ""filled "" : """"]shot glass","[length(reagents.reagent_list) ? ""filled "" : """"]小酒杯",translated,
b11312f8,modules/reagents/reagent_containers/cups/drinkingglass.dm,122,name,"[pick(""half full"", ""half empty"")] glass of water","[pick(""half full"", ""half empty"")] 杯水",translated,
6ec5aecf,modules/reagents/reagent_containers/food/cans.dm,15,to_chat,"You open the drink with [pick(""an audible"", ""a satisfying"")] pop!","你打开饮料，发出[pick(""an audible"", ""a satisfying"")]的一声脆响！",translated,
2256028e,modules/reagents/reagent_containers/food/snacks.dm,1516,desc,"A packaged [icon_state] from a Meal Ready-to-Eat, there is a lengthy list of [pick(""obscure"", ""arcane"", ""unintelligible"", ""revolutionary"", ""sophisticated"", ""unspellable"")] ingredients and addictives printed on the back.</i>","一份来自即食餐的包装[icon_state]，背面印有冗长的[pick(""obscure"", ""arcane"", ""unintelligible"", ""revolutionary"", ""sophisticated"", ""unspellable"")]成分与添加剂列表。</i>",translated,
8b174ce8,modules/reagents/reagent_containers/spray.dm,143,to_chat,"<span class = 'notice'>You switch the safety [safety ? ""on"" : ""off""].</span>","<span class = 'notice'>你切换了保险[safety ? ""on"" : ""off""]。</span>",translated,
164e588a,modules/recycling/conveyor2.dm,100,balloon_alert,"[conveyor_flags & CONVEYOR_INVERTED ? ""backwards"" : ""back to default""]","[conveyor_flags & CONVEYOR_INVERTED ? ""backwards"" : ""back to default""]",translated,
318fba3d,modules/remote_fob/actions_misc.dm,127,to_chat,"Will now [console.do_wiring ? ""do wiring"" : ""stop wiring""].","现在开始[console.do_wiring ? ""do wiring"" : ""stop wiring""]。",translated,
7967613d,modules/screen_alert/command_alert.dm,57,to_chat,"That message contained a word prohibited in IC chat! Consider reviewing the server rules.\n<span replaceRegex='show_filtered_ic_chat'>\""[text]\""</span>",该消息包含IC聊天中禁止的词语！请查阅服务器规则。\n<span replaceRegex='show_filtered_ic_chat'>'[text]'</span>,translated,
8982319f,modules/shuttle/computer.dm,78,to_chat,"NOTICE - [M.name] taking off towards [href_list[""move""]]","注意 - [M.name] 正在起飞前往 [href_list[""move""]]",translated,
f0a1efcd,modules/shuttle/marine_dropship.dm,1610,desc,"The remote controls for the 'Normandy' Dropship. Named after a department in France, noteworthy for the famous naval invasion of Normandy on the 6th of June 1944, a bloody but decisive victory in World War II and the campaign for the Liberation of France.",{{P0}}号{{P1}}空降艇的遥控器。以法国诺曼底省命名，该地因1944年6月6日著名的诺曼底登陆战而闻名——这场二战中血腥但决定性的胜利，标志着法国解放战役的转折点。,translated,
0512a854,modules/surgery/amputation.dm,42,visible_message,"[user]'s hand slips, sawing through the bone in [target]'s [affected.display_name] with \the [tool]!",[user]的手一滑，用\the [tool]锯穿了[target]的[affected.display_name]骨头！,translated,
151672ba,modules/surgery/bones.dm,85,visible_message,"[user]'s hand slips, damaging [target]'s face with \the [tool]!",[user]的手滑了一下，用\the[tool]划伤了[target]的脸！,translated,
e8915d73,modules/surgery/bones.dm,93,visible_message,"[user]'s hand slips, damaging the bone in [target]'s [affected.display_name] with \the [tool]!",[user]的手滑了一下，用\the [tool]损伤了[target]的[affected.display_name]骨骼！,translated,
7c223e8d,modules/surgery/encased.dm,28,visible_message,[user] begins to cut through [target]'s [affected.encased] with \the [tool].,[user]开始用\the[tool]切开[target]的[affected.encased]。,translated,
fb5bf32c,modules/surgery/encased.dm,42,visible_message,"[user]'s hand slips, cracking [target]'s [affected.encased] with \the [tool]!",[user]的手一滑，用\the[tool]砸裂了[target]的[affected.encased]！,translated,
ee88248d,modules/surgery/encased.dm,101,visible_message,[user] starts bending [target]'s [affected.encased] back into place with \the [tool].,[user] 开始用 \the [tool] 将 [target] 的 [affected.encased] 扳回原位。,translated,
5c664ceb,modules/surgery/eye.dm,36,visible_message,[user] starts to separate the cornea on [target]'s eyes with \the [tool].,[user] 开始用 \the [tool] 分离 [target] 眼睛的角膜。,translated,
a7063e4a,modules/surgery/eye.dm,158,visible_message,"[user]'s hand slips, searing [target]'s eyes with \the [tool]!",[user]的手一滑，\the [tool]灼伤了[target]的眼睛！,translated,
bd6929d6,modules/surgery/face.dm,46,visible_message,"[user]'s hand slips, slicing [target]'s throat wth \the [tool]!",[user]的手一滑，用\the[tool]割开了[target]的喉咙！,translated,
8814d13a,modules/surgery/face.dm,80,visible_message,"[user]'s hand slips, clamping [target]'s trachea shut for a moment with \the [tool]!",[user]的手一滑，用\the[tool]瞬间夹住了[target]的气管！,translated,
2069a162,modules/surgery/face.dm,112,visible_message,"[user]'s hand slips, tearing skin on [target]'s face with \the [tool]!",[user]的手滑了一下，用\the [tool]撕破了[target]脸上的皮肤！,translated,
47c461a8,modules/surgery/generic.dm,35,visible_message,[user] starts to construct a prepared incision on and within [target]'s [affected.display_name] with \the [tool].,[user]开始用\the [tool]在[target]的[affected.display_name]上及内部构建一个预备切口。,translated,
f7552956,modules/surgery/generic.dm,57,visible_message,"[user]'s hand jolts as the system sparks, ripping a gruesome hole in [target]'s [affected.display_name] with \the [tool]!",[user]的手在系统火花中猛地一震，用\the [tool]在[target]的[affected.display_name]上撕开了一个可怕的窟窿！,translated,
ef11ff1f,modules/surgery/generic.dm,79,visible_message,[user] starts the bloodless incision on [target]'s [affected.display_name] with \the [tool].,[user] 开始用 \the [tool] 在 [target] 的 [affected.display_name] 上进行无血切口。,translated,
e563b986,modules/surgery/generic.dm,186,visible_message,"[user]'s hand slips, tearing blood vessals and causing massive bleeding in [target]'s [affected.display_name] with \the [tool]!",[user]的手滑了一下，用\the[tool]撕裂了[target]的[affected.display_name]血管，造成大出血！,translated,
094d371f,modules/surgery/generic.dm,238,visible_message,"[user]'s hand slips, tearing the edges of the incision on [target]'s [affected.display_name] with \the [tool]!",[user]的手滑了一下，用\the [tool]撕开了[target] [affected.display_name]切口的边缘！,translated,
640f9de6,modules/surgery/generic.dm,280,visible_message,"[user]'s hand slips, leaving a small burn on [target]'s [affected.display_name] with \the [tool]!",[user]的手滑了一下，用\the [tool]在[target]的[affected.display_name]上留下了一个小灼伤！,translated,
aa59e8f5,modules/surgery/generic.dm,325,visible_message,"[user]'s hand slips, tearing through [target]'s skin with \the [tool]!",[user]的手一滑，用\the[tool]撕开了[target]的皮肤！,translated,
49f4afc4,modules/surgery/implant.dm,53,visible_message,"[user]'s hand slips, scraping tissue inside [target]'s [affected.display_name] with \the [tool]!",[user]的手滑了一下，用\the [tool]刮伤了[target]的[affected.display_name]内部组织！,translated,
afe7a315,modules/surgery/necrosis.dm,49,visible_message,"[user]'s hand slips, slicing an artery inside [target]'s [affected.display_name] with \the [tool]!",[user]的手一滑，用\the[tool]切开了[target]的[affected.display_name]内的动脉！,translated,
fa0b5326,modules/surgery/organs_internal.dm,107,visible_message,"[user]'s hand slips, getting messy and tearing the inside of [target]'s [affected.display_name] with \the [tool]!",[user]的手滑了一下，弄得一团糟，用\the [tool]撕裂了[target]的[affected.display_name]内部！,translated,
19a7e4ac,modules/surgery/organs_internal.dm,162,visible_message,"[user]'s hand slips, gumming up the mechanisms inside of [target]'s [affected.display_name] with \the [tool]!",[user]的手滑了一下，\the [tool]糊住了[target]的[affected.display_name]内部机械装置！,translated,
f615796c,modules/surgery/robolimbs.dm,104,visible_message,[user] starts adjusting the area around [target]'s [affected.display_name] with \the [tool].,[user]开始用\the [tool]调整[target]的[affected.display_name]周围区域。,translated,
6a84178c,modules/transport/tram/tram_controller.dm,875,balloon_alert,"controls [cover_locked ? ""locked"" : ""unlocked""]","控制 [cover_locked ? ""locked"" : ""unlocked""]",translated,
d000f10a,modules/transport/tram/tram_controller.dm,904,balloon_alert,"[machine_stat & PANEL_OPEN ? ""mounting bolts exposed"" : ""mounting bolts hidden""]","[machine_stat & PANEL_OPEN ? ""mounting bolts exposed"" : ""mounting bolts hidden""]",translated,
4bf4f02c,modules/transport/tram/tram_displays.dm,65,balloon_alert,"[anchored ? ""un"" : """"]securing...","[anchored ? ""un"" : """"]正在确保...",translated,
2061bfae,modules/transport/tram/tram_displays.dm,69,balloon_alert,"[anchored ? ""un"" : """"]secured","[anchored ? ""un"" : """"]已确保",translated,
620790e1,modules/transport/tram/tram_remote.dm,45,balloon_alert,"mode: [options ? ""fast"" : ""safe""]","模式：[options ? ""fast"" : ""safe""]",translated,
279d815f,modules/transport/tram/tram_structures.dm,460,to_chat,"You begin to weld \the [src], [locked ? ""repairing damage"" : ""preventing retraction""].","你开始焊接\the [src]，[locked ? ""repairing damage"" : ""preventing retraction""]。",translated,
750e6cef,modules/transport/tram/tram_structures.dm,464,visible_message,"[user] [locked ? ""welds \the [src] in place"" : ""repairs \the [src]""] with [tool].","[user] [locked ? ""welds \the [src] in place"" : ""repairs \the [src]""] 使用 [tool]。",translated,
92f1598c,modules/vehicles/armored/__armored.dm,692,balloon_alert,"equipment [weapons_safety ? ""safe"" : ""ready""]","装备 [weapons_safety ? ""safe"" : ""ready""]",translated,
6786fb23,modules/vehicles/armored/armored_actions.dm,123,to_chat,"<font color='[chassis.zoom_mode?""blue"":""red""]'>Zoom mode [chassis.zoom_mode?""en"":""dis""]abled.</font>","<font color='{{P0}}'>缩放模式已[chassis.zoom_mode?""en"":""dis""]用。</font>",translated,
c9fab104,modules/vehicles/armored/armored_actions.dm,105,balloon_alert,"toggled lights [chassis.armored_flags & ARMORED_LIGHTS_ON ? ""on"":""off""]","切换照明 [chassis.armored_flags & ARMORED_LIGHTS_ON ? ""on"":""off""]",translated,
50aef4a2,modules/vehicles/armored/armored_actions.dm,172,balloon_alert,"Strafing mode [strafe?""on"":""off""].","扫射模式 [strafe?""on"":""off""]。",translated,
2912082c,modules/vehicles/armored/armored_weapons.dm,364,desc,A Bushwhacker 30mm Autocannon for vehicular use.,丛林猎手30毫米自动炮，用于车载武器。,translated,
8b5bc5dc,modules/vehicles/mecha/_mecha.dm,407,balloon_alert,"equipment [weapons_safety ? ""safe"" : ""ready""]","装备 [weapons_safety ? ""safe"" : ""ready""]",translated,
9abeeb47,modules/vehicles/mecha/combat/marauder.dm,61,to_chat,"[icon2html(chassis, owner)]<font color='[chassis.zoom_mode?""blue"":""red""]'>Zoom mode [chassis.zoom_mode?""en"":""dis""]abled.</font>","[icon2html(chassis, owner)]<font color='{{P1}}'>缩放模式 [chassis.zoom_mode?""en"":""dis""]启用。</font>",translated,
7f96a48c,modules/vehicles/mecha/combat/phazon.dm,59,balloon_alert,"[chassis.phasing ? ""enabled"" : ""disabled""] phasing","[chassis.phasing ? ""enabled"" : ""disabled""] 相位",translated,
060e4f8f,modules/vehicles/mecha/equipment/mecha_equipment.dm,44,to_chat,"[icon2html(src, chassis.occupants)][span_danger(""[src] is destroyed!"")]","[icon2html(src, chassis.occupants)][span_danger(""[src] is destroyed!"")]",translated,
bac992e6,modules/vehicles/mecha/equipment/tools/mining_tools.dm,82,to_chat,"[icon2html(src, user)][span_danger(""[src] is too durable to drill through."")]","[icon2html(src, user)][span_danger(""[src] is too durable to drill through."")]",translated,
8e83c348,modules/vehicles/mecha/equipment/tools/other_tools.dm,160,to_chat,"[icon2html(src, usr)][span_warning(""Power generation enabled."")]","[icon2html(src, usr)][span_warning(""Power generation enabled."")]",translated,
633fa043,modules/vehicles/mecha/equipment/tools/other_tools.dm,164,to_chat,"[icon2html(src, usr)][span_warning(""Power generation disabled."")]","[icon2html(src, usr)][span_warning(""Power generation disabled."")]",translated,
a4a0eb94,modules/vehicles/mecha/equipment/tools/other_tools.dm,182,to_chat,"[icon2html(src, user)][span_notice(""[units] unit\s of [fuel] successfully loaded."")]","[icon2html(src, user)][span_notice(""[units] unit\s of [fuel] successfully loaded."")]",translated,
8e8f99e1,modules/vehicles/mecha/equipment/tools/other_tools.dm,185,to_chat,"[icon2html(src, user)][span_notice(""Unit is full."")]","[icon2html(src, user)][span_notice(""Unit is full."")]",translated,
96702b1a,modules/vehicles/mecha/equipment/tools/other_tools.dm,188,to_chat,"[icon2html(src, user)][span_warning(""[fuel] traces in target minimal! [P] cannot be used as fuel."")]","[icon2html(src, user)][span_warning(""[fuel] traces in target minimal! [P] cannot be used as fuel."")]",translated,
3a22c832,modules/vehicles/mecha/equipment/tools/other_tools.dm,198,to_chat,"[icon2html(src, chassis.occupants)][span_notice(""Fuel reserves depleted."")]","[icon2html(src, chassis.occupants)][span_notice(""Fuel reserves depleted."")]",translated,
4e737f37,modules/vehicles/mecha/equipment/tools/other_tools.dm,203,to_chat,"[icon2html(src, chassis.occupants)][span_notice(""No power cell detected."")]","[icon2html(src, chassis.occupants)][span_notice(""No power cell detected."")]",translated,
f0c643ca,modules/vehicles/mecha/equipment/tools/work_tools.dm,54,to_chat,"[icon2html(src, source)][span_warning(""[target] is firmly secured!"")]","[icon2html(src, source)][span_warning(""[target] is firmly secured!"")]",translated,
d72836e0,modules/vehicles/mecha/equipment/tools/work_tools.dm,57,to_chat,"[icon2html(src, source)][span_warning(""Not enough room in cargo compartment!"")]","[icon2html(src, source)][span_warning(""Not enough room in cargo compartment!"")]",translated,
38f93bc9,modules/vehicles/mecha/equipment/tools/work_tools.dm,70,to_chat,"[icon2html(src, source)][span_notice(""[target] successfully loaded."")]","[icon2html(src, source)][span_notice(""[target] successfully loaded."")]",translated,
b14924de,modules/vehicles/mecha/equipment/tools/work_tools.dm,85,to_chat,"[icon2html(src, source)][span_notice(""You push [target] out of the way."")]","[icon2html(src, source)][span_notice(""You push [target] out of the way."")]",translated,
79e7870e,modules/vehicles/mecha/equipment/weapons/greyscale_weapons.dm,520,to_chat,"[icon2html(src, chassis.occupants)][span_warning(""Unable to dash while in zoom mode!"")]","[icon2html(src, chassis.occupants)][span_warning(""Unable to dash while in zoom mode!"")]",translated,
5b237c4c,modules/vehicles/mecha/equipment/weapons/greyscale_weapons.dm,523,to_chat,"[icon2html(src, chassis.occupants)][span_warning(""Already in use!"")]","[icon2html(src, chassis.occupants)][span_warning(""Already in use!"")]",translated,
8d642cd3,modules/vehicles/mecha/mecha_actions.dm,48,balloon_alert,"taking air from [chassis.use_internal_tank ? ""internal airtank"" : ""environment""]","正在从 [chassis.use_internal_tank ? ""internal airtank"" : ""environment""] 抽取空气",translated,
d3a77dcb,modules/vehicles/mecha/mecha_actions.dm,69,balloon_alert,"toggled lights [chassis.mecha_flags & LIGHTS_ON ? ""on"":""off""]","切换照明 [chassis.mecha_flags & LIGHTS_ON ? ""on"":""off""]",translated,
f33e5e43,modules/vehicles/mecha/mecha_actions.dm,115,balloon_alert,"Strafing mode [strafe?""on"":""off""].","扫射模式 [strafe?""on"":""off""]。",translated,
15eb93ea,modules/vehicles/mecha/mecha_damage.dm,85,to_chat,"[icon2html(src, occupants)][span_boldnotice(""Life support system reactivated."")]","[icon2html(src, occupants)][span_boldnotice(""Life support system reactivated."")]",translated,
7af18ab3,modules/vehicles/mecha/mecha_damage.dm,87,to_chat,"[icon2html(src, occupants)][span_boldnotice(""Internal fire extinguished."")]","[icon2html(src, occupants)][span_boldnotice(""Internal fire extinguished."")]",translated,
5f3a2785,modules/vehicles/mecha/mecha_damage.dm,89,to_chat,"[icon2html(src, occupants)][span_boldnotice(""Damaged internal tank has been sealed."")]","[icon2html(src, occupants)][span_boldnotice(""Damaged internal tank has been sealed."")]",translated,
2e7c4229,modules/vehicles/mecha/mecha_defense.dm,36,to_chat,"[icon2html(src, occupants)][span_danger(""[gear] is critically damaged!"")]","[icon2html(src, occupants)][span_danger(""[gear] is critically damaged!"")]",translated,
b6b1875b,modules/vehicles/mecha/mecha_defense.dm,49,to_chat,"[icon2html(src, occupants)][span_userdanger(""Taking damage!"")]","[icon2html(src, occupants)][span_userdanger(""Taking damage!"")]",translated,
83451baf,modules/vehicles/mecha/mecha_defense.dm,360,to_chat,"You add [amount_filled] [reload_box.ammo_type][amount_filled > 1?""s"":""""] to the [gun.name]","你将[amount_filled] [reload_box.ammo_type][amount_filled > 1?""s"":""""]加入[gun.name]",translated,
92920e50,modules/vehicles/mecha/mecha_defense.dm,265,visible_message,"[user] [hit_verb][plural_s(hit_verb)] [src] with [attacking_item][damage_taken ? ""."" : "", without leaving a mark!""]","[user] [hit_verb][plural_s(hit_verb)] [src] 使用 [attacking_item][damage_taken ? ""."" : "", without leaving a mark!""]",translated,
8e21a547,modules/vehicles/mecha/mecha_movement.dm,20,to_chat,"[icon2html(src, occupants)][span_warning(""Air port connection has been severed!"")]","[icon2html(src, occupants)][span_warning(""Air port connection has been severed!"")]",translated,
faa9b785,modules/vehicles/mecha/mecha_movement.dm,47,to_chat,"[icon2html(src, occupants)][span_warning(""Unable to move while connected to the air system port!"")]","[icon2html(src, occupants)][span_warning(""Unable to move while connected to the air system port!"")]",translated,
17adcb4d,modules/vehicles/mecha/mecha_movement.dm,52,to_chat,"[icon2html(src, occupants)][span_danger(""Maintenance protocols in effect."")]","[icon2html(src, occupants)][span_danger(""Maintenance protocols in effect."")]",translated,
45f77bc9,modules/vehicles/mecha/mecha_movement.dm,58,to_chat,"[icon2html(src, occupants)][span_warning(""Unable to move while in zoom mode!"")]","[icon2html(src, occupants)][span_warning(""Unable to move while in zoom mode!"")]",translated,
8ac23839,modules/vehicles/mecha/mecha_movement.dm,63,to_chat,"[icon2html(src, occupants)][span_warning(""Missing power cell."")]","[icon2html(src, occupants)][span_warning(""Missing power cell."")]",translated,
41720d38,modules/vehicles/mecha/mecha_movement.dm,68,to_chat,"[icon2html(src, occupants)][span_warning(""Missing [scanmod? ""capacitor"" : ""scanning module""]."")]","[icon2html(src, occupants)][span_warning(""Missing [scanmod? ""capacitor"" : ""scanning module""]."")]",translated,
4c2872a5,modules/vehicles/mecha/mecha_movement.dm,73,to_chat,"[icon2html(src, occupants)][span_warning(""Insufficient power to move!"")]","[icon2html(src, occupants)][span_warning(""Insufficient power to move!"")]",translated,
84223051,modules/vehicles/mecha/mecha_movement.dm,124,to_chat,"[icon2html(src, occupants)][span_warning(""A dull, universal force is preventing you from [phasing] here!"")]","[icon2html(src, occupants)][span_warning(""A dull, universal force is preventing you from [phasing] here!"")]",translated,
74343088,modules/vehicles/mecha/mecha_ui.dm,248,to_chat,"[icon2html(src, occupants)][span_notice(""You can't create a DNA lock with no DNA!."")]","[icon2html(src, occupants)][span_notice(""You can't create a DNA lock with no DNA!."")]",translated,
96e68c5a,modules/vehicles/mecha/mecha_ui.dm,251,to_chat,"[icon2html(src, occupants)][span_notice(""You feel a prick as the needle takes your DNA sample."")]","[icon2html(src, occupants)][span_notice(""You feel a prick as the needle takes your DNA sample."")]",translated,
e629b865,modules/vehicles/mecha/mecha_ui.dm,266,to_chat,"[icon2html(src, occupants)][span_notice(""Disconnected from the air system port."")]","[icon2html(src, occupants)][span_notice(""Disconnected from the air system port."")]",translated,
420758c3,modules/vehicles/mecha/mecha_ui.dm,269,to_chat,"[icon2html(src, occupants)][span_warning(""Unable to disconnect from the air system port!"")]","[icon2html(src, occupants)][span_warning(""Unable to disconnect from the air system port!"")]",translated,
d3a7697a,modules/vehicles/mecha/mecha_ui.dm,273,to_chat,"[icon2html(src, occupants)][span_notice(""Connected to the air system port."")]","[icon2html(src, occupants)][span_notice(""Connected to the air system port."")]",translated,
f7021ec3,modules/vehicles/mecha/mecha_ui.dm,276,to_chat,"[icon2html(src, occupants)][span_warning(""Unable to connect with air system port!"")]","[icon2html(src, occupants)][span_warning(""Unable to connect with air system port!"")]",translated,
19fc7a50,modules/vehicles/mecha/mecha_ui.dm,279,to_chat,"[icon2html(src, occupants)][span_danger(""Maintenance protocols in effect"")]","[icon2html(src, occupants)][span_danger(""Maintenance protocols in effect"")]",translated,
d9dde0fd,modules/vehicles/mecha/mecha_ui.dm,261,balloon_alert,"taking air from [use_internal_tank ? ""internal airtank"" : ""environment""]","从 [use_internal_tank ? ""internal airtank"" : ""environment""] 处获取空气",translated,
216e28e5,modules/vehicles/mecha/working/ripley.dm,191,to_chat,"[icon2html(src,  miner.occupants)][span_notice(""You unload [crate]."")]","[icon2html(src,  miner.occupants)][span_notice(""You unload [crate]."")]",translated,
958c4418,modules/vehicles/mecha/working/ripley.dm,3,name,"\improper APLU MK-I \""Ripley\""",\improper APLU MK-I 型「雷普利」,translated,
178d8a9e,modules/vehicles/mecha/working/ripley.dm,117,name,"\improper APLU \""Miner\""",\improper APLU「矿工」,translated,
d3f941ab,modules/vehicles/mecha/working/ripley.dm,138,name,"\improper APLU \""Big Bess\""",\improper APLU'大贝丝',translated,
20080fd0,modules/vehicles/unmanned/unmanned_droid.dm,172,to_chat,"[icon2html(src, user)][span_notice(""[target] contains a living organism, cannot load."")]","[icon2html(src, user)][span_notice(""[target] contains a living organism, cannot load."")]",translated,
91d48b44,modules/vehicles/unmanned/unmanned_droid.dm,180,to_chat,"[icon2html(src, user)][span_notice(""[target] successfully loaded."")]","[icon2html(src, user)][span_notice(""[target] successfully loaded."")]",translated,
87aed58e,modules/vehicles/vehicle_attachments/weapon_attachments.dm,137,desc,"A pair of triple barreled 'light' gatling guns designed to be mounted in light vehicles such as the SOM hover bikes. A smaller calibre round is used for optimal internal magazine capacity, but makes up for this with a ferocious rate of fire.",专为轻型载具（如SOM悬浮摩托）设计的三管轻型加特林机枪。采用小口径弹药以优化内置弹匣容量，但以惊人的射速弥补了威力不足。,translated,
48d7def3,modules/xenomorph/silo.dm,42,name,"[siloprefix == ""Normal"" ? """" : ""[siloprefix] ""][name] [number_silo]","[siloprefix == ""Normal"" ? """" : ""[siloprefix] ""][name] [number_silo]",translated,
