id,file,line,context,original,translation,status,error
92fe1579,__DEFINES/tgs.config.dm,5,to_chat,[span_notice(,,pending,{'[未闭合的方括号表达式]'}
d6d37491,__HELPERS/admin.dm,46,to_chat,[span_prefix(,,pending,{'[未闭合的方括号表达式]'}
ca21bdee,_onclick/ai.dm,323,to_chat,"[icon2html(src, user)] [span_warning(",,pending,{'[未闭合的方括号表达式]'}
40741509,_onclick/ai.dm,326,to_chat,"[icon2html(src, user)] [span_warning(",,pending,{'[未闭合的方括号表达式]'}
60f23b79,_onclick/ventcrawl.dm,51,visible_message,[stealthy ? ,,pending,{'[未闭合的方括号表达式]'}
d77517a7,_onclick/ventcrawl.dm,67,visible_message,[stealthy ? ,,pending,{'[未闭合的方括号表达式]'}
d9118efc,controllers/master.dm,410,to_chat,"<i>CRITICAL:</i> These subsystems have circular dependencies and cannot be initialized: [jointext(usr_msg, ",,pending,{'[未闭合的方括号表达式]'}
2c77a91b,controllers/subsystem/ticker.dm,352,to_chat,The alive players limit has been released!<br><a href='byond://?src=[REF(NP)];lobby_choice=late_join;override=1'>[html_encode(,,pending,{'[未闭合的方括号表达式]'}
0c266ebd,controllers/subsystem/timer.dm,498,name,"Timer: [id] (\ref[src]), TTR: [timeToRun], wait:[wait] Flags: [jointext(bitfield2list(flags, bitfield_flags), ",,pending,{'[未闭合的方括号表达式]'}
8530e91d,datums/actions/observer_action.dm,92,to_chat,"Someone has already joined the round with this character name. Go to 'Game Preferences' under the Preferences tab, and change your character/name.",,pending,译文含双引号
68c49f21,datums/components/bump_attack.dm,29,balloon_alert,[should_enable ? ,,pending,{'[未闭合的方括号表达式]'}
6449f032,datums/components/chem_booster.dm,287,to_chat,Commencing green blood injection.<b>[(automatic_meds_use && meds_beaker.reagents.total_volume) ? ,,pending,{'[未闭合的方括号表达式]'}
f7b5718d,datums/components/chem_booster.dm,447,balloon_alert,[automatic_meds_use ? ,,pending,{'[未闭合的方括号表达式]'}
45d1efe8,datums/components/grillable.dm,76,visible_message,<span class='[positive_result ? ,,pending,{'[未闭合的方括号表达式]'}
d56b0891,datums/components/harvester.dm,271,to_chat,You prepare to stab <b>[target != user ? ,,pending,{'[未闭合的方括号表达式]'}
cf0f8b7a,datums/components/riding/riding_mob.dm,171,to_chat,"<span class='danger'>[human_parent] falls to the ground, bringing you with [human_parent.p_them()]!</span>",,pending,{'[human_parent.p_them()]'}
9d809a5b,datums/components/riding/riding_mob.dm,283,to_chat,"<span class='danger'>[carrying_crusher] falls to the ground, bringing you with [carrying_crusher.p_them()]!</span>",,pending,{'[carrying_crusher.p_them()]'}
0de8b0a7,datums/components/riding/riding_mob.dm,388,to_chat,"[carrying_runner] falls to the ground, bringing you with [carrying_runner.p_them()]!",,pending,{'[carrying_runner.p_them()]'}
142fd4d8,datums/components/rotation.dm,157,balloon_alert,[rotation_type == ROTATION_FLIP ? ,,pending,{'[未闭合的方括号表达式]'}
05856d68,datums/components/shield.dm,187,to_chat,\The [parent_item.name] [. ? ,,pending,{'[未闭合的方括号表达式]'}
7e35dfa6,datums/components/shield.dm,254,to_chat,\The [parent_item.name] [. ? ,,pending,{'[未闭合的方括号表达式]'}
c56403a8,datums/elements/riding.dm,46,visible_message,<span class='warning'>[potential_rider] can't get [potential_rider.p_their()] footing on [target_movable]!</span>,,pending,{'[potential_rider.p_their()]'}
41d3d1bd,datums/elements/scalping.dm,18,visible_message,[user] starts to tear into [M] with \the [source],,pending,{'\\the'}
483a9a83,datums/emergency_calls/clf.dm,11,to_chat,<B>You grew up [pick(,,pending,{'[未闭合的方括号表达式]'}
2157008c,datums/emergency_calls/clf.dm,12,to_chat,<B>You joined the CLF because [pick(20;,,pending,{'[未闭合的方括号表达式]'}
2c581596,datums/emergency_calls/colonists.dm,29,to_chat,<p style='font-size:1.5em'>[span_notice(,,pending,{'[未闭合的方括号表达式]'}
140e851d,datums/emergency_calls/deathsquad.dm,9,to_chat,<B>Though rumors say that [pick(,,pending,{'[未闭合的方括号表达式]'}
2de2ea5f,datums/emergency_calls/deathsquad.dm,12,to_chat,"<B>Today, you and your squadmates are sent by Nanotrasen to the TGMC vessel, [SSmapping.configs[SHIP_MAP].map_name], after a long period of [pick(",,pending,{'[未闭合的方括号表达式]'}
8a9537ff,datums/emergency_calls/deathsquad.dm,40,to_chat,<p style='font-size:1.5em'>[span_notice(,,pending,{'[未闭合的方括号表达式]'}
5639a32c,datums/emergency_calls/deathsquad.dm,46,to_chat,<p style='font-size:1.5em'>[span_notice(,,pending,{'[未闭合的方括号表达式]'}
851a2ae3,datums/emergency_calls/deathsquad.dm,51,to_chat,<p style='font-size:1.5em'>[span_notice(,,pending,{'[未闭合的方括号表达式]'}
3d1c058e,datums/emergency_calls/emergency_call.dm,81,to_chat,<br><font size='3'>[span_attack(,,pending,{'[未闭合的方括号表达式]'}
fa6a223f,datums/emergency_calls/emergency_call.dm,82,to_chat,[span_attack(,,pending,{'[未闭合的方括号表达式]'}
cb1e16af,datums/emergency_calls/erp.dm,30,to_chat,<p style='font-size:1.5em'>[span_notice(,,pending,{'[未闭合的方括号表达式]'}
431fc102,datums/emergency_calls/erp.dm,36,to_chat,<p style='font-size:1.5em'>[span_notice(,,pending,{'[未闭合的方括号表达式]'}
8fd28ef9,datums/emergency_calls/erp.dm,42,to_chat,<p style='font-size:1.5em'>[span_notice(,,pending,{'[未闭合的方括号表达式]'}
55846bb8,datums/emergency_calls/erp.dm,47,to_chat,<p style='font-size:1.5em'>[span_notice(,,pending,{'[未闭合的方括号表达式]'}
3e252335,datums/emergency_calls/freelancers.dm,16,to_chat,<B>You are part of a [pick(75;,,pending,{'[未闭合的方括号表达式]'}
179bd5d1,datums/emergency_calls/freelancers.dm,17,to_chat,"<B>However, due to [pick(",,pending,{'[未闭合的方括号表达式]'}
b424ae21,datums/emergency_calls/icc.dm,48,to_chat,<p style='font-size:1.5em'>[span_notice(,,pending,{'[未闭合的方括号表达式]'}
10aebd5f,datums/emergency_calls/imperium.dm,6,to_chat,<B>You grew up [pick(,,pending,{'[未闭合的方括号表达式]'}
08e2375f,datums/emergency_calls/imperium.dm,7,to_chat,<B>You joined the Imperial Guard because [pick(,,pending,{'[未闭合的方括号表达式]'}
b37e8c8f,datums/emergency_calls/imperium.dm,31,to_chat,<p style='font-size:1.5em'>[span_notice(,,pending,{'[未闭合的方括号表达式]'}
4ab911af,datums/emergency_calls/imperium.dm,37,to_chat,<p style='font-size:1.5em'>[span_notice(,,pending,{'[未闭合的方括号表达式]'}
02c76d70,datums/emergency_calls/imperium.dm,43,to_chat,<p style='font-size:1.5em'>[span_notice(,,pending,{'[未闭合的方括号表达式]'}
ca7c279c,datums/emergency_calls/pizza.dm,29,to_chat,<p style='font-size:1.5em'>[span_notice(,,pending,{'[未闭合的方括号表达式]'}
655710b3,datums/emergency_calls/pmc.dm,16,to_chat,<B>After leaving your [pick(75;,,pending,{'[未闭合的方括号表达式]'}
28a01651,datums/emergency_calls/pmc.dm,17,to_chat,<B>Working there has proven to be [pick(50;,,pending,{'[未闭合的方括号表达式]'}
2873b046,datums/emergency_calls/pmc.dm,18,to_chat,<B>While you are [pick(,,pending,{'[未闭合的方括号表达式]'}
e5ed69a4,datums/emergency_calls/pmc.dm,45,to_chat,<p style='font-size:1.5em'>[span_notice(,,pending,{'[未闭合的方括号表达式]'}
b46b852f,datums/emergency_calls/pmc.dm,51,to_chat,<p style='font-size:1.5em'>[span_notice(,,pending,{'[未闭合的方括号表达式]'}
9da81853,datums/emergency_calls/pmc.dm,58,to_chat,<p style='font-size:1.5em'>[span_notice(,,pending,{'[未闭合的方括号表达式]'}
0b85c521,datums/emergency_calls/pmc.dm,64,to_chat,<p style='font-size:1.5em'>[span_notice(,,pending,{'[未闭合的方括号表达式]'}
10898d71,datums/emergency_calls/sectoid.dm,38,to_chat,<p style='font-size:1.5em'>[span_notice(,,pending,{'[未闭合的方括号表达式]'}
ab6fc7c2,datums/emergency_calls/sectoid.dm,44,to_chat,<p style='font-size:1.5em'>[span_notice(,,pending,{'[未闭合的方括号表达式]'}
1c64ebc0,datums/emergency_calls/sectoid.dm,50,to_chat,<p style='font-size:1.5em'>[span_notice(,,pending,{'[未闭合的方括号表达式]'}
b294a1c9,datums/emergency_calls/skeleton.dm,34,to_chat,<p style='font-size:1.5em'>[span_notice(,,pending,{'[未闭合的方括号表达式]'}
8252cc62,datums/emergency_calls/skeleton.dm,39,to_chat,<p style='font-size:1.5em'>[span_notice(,,pending,{'[未闭合的方括号表达式]'}
59f96036,datums/emergency_calls/sons_of_mars_breachers.dm,10,to_chat,<B>You [pick(,,pending,{'[未闭合的方括号表达式]'}
bc335c7d,datums/emergency_calls/sons_of_mars_breachers.dm,11,to_chat,<B>Due to your [pick(,,pending,{'[未闭合的方括号表达式]'}
12aaadb7,datums/emergency_calls/sons_of_mars_breachers.dm,42,to_chat,<p style='font-size:1.5em'>[span_notice(,,pending,{'[未闭合的方括号表达式]'}
97333a4e,datums/emergency_calls/sons_of_mars_breachers.dm,47,to_chat,<p style='font-size:1.5em'>[span_notice(,,pending,{'[未闭合的方括号表达式]'}
c3b45744,datums/emergency_calls/sons_of_mars_breachers.dm,53,to_chat,<p style='font-size:1.5em'>[span_notice(,,pending,{'[未闭合的方括号表达式]'}
f070aafa,datums/emergency_calls/sonsofmars.dm,11,to_chat,<B>You [pick(,,pending,{'[未闭合的方括号表达式]'}
480f0c95,datums/emergency_calls/sonsofmars.dm,41,to_chat,<p style='font-size:1.5em'>[span_notice(,,pending,{'[未闭合的方括号表达式]'}
bad70c6d,datums/emergency_calls/sonsofmars.dm,46,to_chat,<p style='font-size:1.5em'>[span_notice(,,pending,{'[未闭合的方括号表达式]'}
71f62075,datums/emergency_calls/sonsofmars.dm,52,to_chat,<p style='font-size:1.5em'>[span_notice(,,pending,{'[未闭合的方括号表达式]'}
b6626d7b,datums/emergency_calls/sonsofmars.dm,58,to_chat,<p style='font-size:1.5em'>[span_notice(,,pending,{'[未闭合的方括号表达式]'}
a465a59a,datums/emergency_calls/special_forces.dm,40,to_chat,<p style='font-size:1.5em'>[span_notice(,,pending,{'[未闭合的方括号表达式]'}
e231cd01,datums/emergency_calls/special_forces.dm,46,to_chat,<p style='font-size:1.5em'>[span_notice(,,pending,{'[未闭合的方括号表达式]'}
52e1d825,datums/emergency_calls/upp.dm,9,to_chat,<B>You grew up on [pick(50;,,pending,{'[未闭合的方括号表达式]'}
96393fe8,datums/emergency_calls/upp.dm,10,to_chat,<B>The family you grew up with were [pick(50;,,pending,{'[未闭合的方括号表达式]'}
e163aaa5,datums/emergency_calls/upp.dm,11,to_chat,<B>You come from a long line of [pick(50;,,pending,{'[未闭合的方括号表达式]'}
e6eff1fb,datums/emergency_calls/upp.dm,15,to_chat,"You speak in a language that humans cannot understand, only you and your fellow pirates can.<br>Type in <b>\"",0 <text>\"" in the say verb</b> to speak in Galactic Common.<br>Type in <b>\"";,0 <text>\"" in the say verb</b> to commincate the radio in Galactic Common.",,pending,译文含双引号
1b81f58c,datums/emergency_calls/upp.dm,41,to_chat,<p style='font-size:1.5em'>[span_notice(,,pending,{'[未闭合的方括号表达式]'}
ca8d5f11,datums/emergency_calls/upp.dm,47,to_chat,<p style='font-size:1.5em'>[span_notice(,,pending,{'[未闭合的方括号表达式]'}
5531a7be,datums/emergency_calls/upp.dm,54,to_chat,<p style='font-size:1.5em'>[span_notice(,,pending,{'[未闭合的方括号表达式]'}
daa442be,datums/emergency_calls/upp.dm,59,to_chat,<p style='font-size:1.5em'>[span_notice(,,pending,{'[未闭合的方括号表达式]'}
e94a76dc,datums/emergency_calls/upp.dm,69,to_chat,<B>You grew up on [pick(50;,,pending,{'[未闭合的方括号表达式]'}
eda347e9,datums/emergency_calls/upp.dm,70,to_chat,<B>The family you grew up with were [pick(50;,,pending,{'[未闭合的方括号表达式]'}
2630ecd9,datums/emergency_calls/upp.dm,71,to_chat,<B>You come from a long line of [pick(50;,,pending,{'[未闭合的方括号表达式]'}
84eb0cef,datums/emergency_calls/upp.dm,75,to_chat,"You speak in a language that humans cannot understand, only you and your fellow pirates can.<br>Type in <b>\"",0 <text>\"" in the say verb</b> to speak in Galactic Common.<br>Type in <b>\"";,0 <text>\"" in the say verb</b> to commincate the radio in Galactic Common.",,pending,译文含双引号
56e3fcb8,datums/emergency_calls/upp.dm,101,to_chat,<p style='font-size:1.5em'>[span_notice(,,pending,{'[未闭合的方括号表达式]'}
4e0ba83a,datums/emergency_calls/upp.dm,107,to_chat,<p style='font-size:1.5em'>[span_notice(,,pending,{'[未闭合的方括号表达式]'}
122ef3c2,datums/emergency_calls/upp.dm,114,to_chat,<p style='font-size:1.5em'>[span_notice(,,pending,{'[未闭合的方括号表达式]'}
de0eb33d,datums/emergency_calls/upp.dm,119,to_chat,<p style='font-size:1.5em'>[span_notice(,,pending,{'[未闭合的方括号表达式]'}
c15f9f10,datums/emergency_calls/upp_commando.dm,9,to_chat,<B>You grew up on [pick(50;,,pending,{'[未闭合的方括号表达式]'}
fd3565f8,datums/emergency_calls/upp_commando.dm,10,to_chat,<B>The family you grew up with were [pick(50;,,pending,{'[未闭合的方括号表达式]'}
ee24e196,datums/emergency_calls/upp_commando.dm,11,to_chat,<B>You come from a long line of [pick(25;,,pending,{'[未闭合的方括号表达式]'}
76fe06f5,datums/emergency_calls/upp_commando.dm,15,to_chat,"You speak in a language that humans cannot understand, only you and your fellow pirates can.<br>Type in <b>\"",0 <text>\"" in the say verb</b> to speak in Galactic Common.<br>Type in <b>\"";,0 <text>\"" in the say verb</b> to commincate the radio in Galactic Common.",,pending,译文含双引号
eb7013b8,datums/emergency_calls/upp_commando.dm,41,to_chat,<p style='font-size:1.5em'>[span_notice(,,pending,{'[未闭合的方括号表达式]'}
36e01159,datums/emergency_calls/upp_commando.dm,47,to_chat,<p style='font-size:1.5em'>[span_notice(,,pending,{'[未闭合的方括号表达式]'}
79859372,datums/emergency_calls/upp_commando.dm,53,to_chat,<p style='font-size:1.5em'>[span_notice(,,pending,{'[未闭合的方括号表达式]'}
6e99eb57,datums/emergency_calls/vsd.dm,46,to_chat,<p style='font-size:1.5em'>[span_notice(,,pending,{'[未闭合的方括号表达式]'}
1fad84d5,datums/gamemodes/_game_mode.dm,316,to_chat,<br><br><h1>[span_danger(,,pending,{'[未闭合的方括号表达式]'}
f64d81eb,datums/gamemodes/_game_mode.dm,327,to_chat,<br><br><h1>[span_danger(,,pending,{'[未闭合的方括号表达式]'}
4ead1141,datums/gamemodes/_game_mode.dm,338,to_chat,<br><br><h1>[span_danger(,,pending,{'[未闭合的方括号表达式]'}
e6954c0a,datums/gamemodes/_game_mode.dm,345,to_chat,<br><br><h1>[span_danger(,,pending,{'[未闭合的方括号表达式]'}
b3b6eeb1,datums/gamemodes/_game_mode.dm,358,to_chat,<br><br><h1>[span_danger(,,pending,{'[未闭合的方括号表达式]'}
bc8626ae,datums/gamemodes/campaign/faction_stats.dm,266,to_chat,[user ? user : ,,pending,{'[未闭合的方括号表达式]'}
95b689fd,datums/gamemodes/campaign/loadout_items/_TGMC/gloves.dm,31,desc,Standard issue marine tactical gloves. It reads: 'knit by Marine Widows Association'.,,pending,译文含双引号
089dcc7f,datums/gamemodes/campaign/loadout_items/_TGMC/gloves.dm,38,desc,Standard issue marine tactical gloves but fingerless! It reads: 'knit by Marine Widows Association'.,,pending,译文含双引号
38bb53f7,datums/gamemodes/campaign/loadout_items/_TGMC/gloves.dm,75,desc,"You may like these gloves, but THEY think you are unworthy of them.",,pending,set()
ff4ace5a,datums/gamemodes/campaign/loadout_items/_TGMC/secondaries.dm,283,desc,"Three razorburn cannisters, able to make large fields of razorwire quickly. 'Everyone laughs at razorwire, until they're trying to get through it while being shot to pieces.' Unknown",,pending,译文含双引号
1a2b6345,datums/gamemodes/combat_patrol.dm,167,to_chat,<br><font size='3'>[span_attack(,,pending,{'[未闭合的方括号表达式]'}
4ef712dc,datums/keybinding/mob.dm,253,balloon_alert,self-harm [user.mob.do_self_harm ? ,,pending,{'[未闭合的方括号表达式]'}
f6cb06ff,datums/keybinding/mob.dm,315,balloon_alert,click-drag [user.prefs.toggles_gameplay & TOGGLE_CLICKDRAG ? ,,pending,{'[未闭合的方括号表达式]'}
e22e423c,datums/outfits/quick_load_outfits.dm,212,desc,"Shock assault loadout. Equipped with an ALF-51B machinecarbine, heavy armor reinforced with a Mk.II 'Tyr' module, and plenty of grenades and ammunition. Offers excellent damage output and superior protection, however the ALF-51B's cutdown size means it suffers from severe damage falloff. Best used up close.",,pending,译文含双引号
849c37ea,datums/outfits/quick_load_outfits.dm,370,desc,"Highly mobile light infantry. Equipped with a laser carbine with UGL and a laser pistol sidearm, plenty of grenades and light armor with a cutting edge 'svallin' shield module. Excellent mobility, but not suited for sustained combat.",,pending,译文含双引号
7af447e7,datums/outfits/quick_load_outfits.dm,393,desc,"High damage and high speed. Equipped with an AR-18 carbine with UGL, light armor with a cutting edge 'svallin' shield module, and plenty of grenades and ammunition. Great mobility and damage output, but low magazine capacity and weak armor without the shield active means this loadout is best suited to hit and run tactics.",,pending,译文含双引号
e0f84940,datums/outfits/quick_load_outfits.dm,415,desc,"Professional bullet catcher. Equipped with an SMG-25 submachine gun, a TL-172 defensive shield and heavy armor reinforced with a 'Tyr' module. Designed to absorb as much incoming damage as possible to protect your squishier comrades, however your mobility and damage output are notably diminished. Also of note: the excellent thermal mass of the TL-172 means it is unusually effective against the SOM's volkite weaponry.",,pending,译文含双引号
7476ffc2,datums/outfits/quick_load_outfits.dm,457,desc,"IFF scout. Equipped with a BR-8 with a good amount of grenades and light armor with a cutting edge 'svallin' shield module. Provides for good mobility and powerful IFF damage, but the BR-8 is difficult to bring to bear at close range, and light armor wilts under sustained fire.",,pending,译文含双引号
7d38030a,datums/outfits/quick_load_outfits.dm,614,desc,"Keeping everone else in the fight. Armed with an AR-12 assault rifle with underbarrel grenade launcher, an impressive array of tools for healing your team, and a 'Mimir' biological protection module to allow you to continue operating in hazardous environments. With medivacs out of the question, you are the only thing standing between your buddies and an early grave.",,pending,译文含双引号
67856f01,datums/outfits/quick_load_outfits.dm,655,desc,"Keeping everone else in the fight. Armed with an AR-21 skirmish rifle with underbarrel grenade launcher, an impressive array of tools for healing your team, and a 'Mimir' biological protection module to allow you to continue operating in hazardous environments. With medivacs out of the question, you are the only thing standing between your buddies and an early grave.",,pending,译文含双引号
d01c38b8,datums/outfits/quick_load_outfits.dm,675,desc,"Keeping everone else in the fight. Armed with a SH-15 auto shotgun with underbarrel grenade launcher, an impressive array of tools for healing your team, and a 'Mimir' biological protection module to allow you to continue operating in hazardous environments. With medivacs out of the question, you are the only thing standing between your buddies and an early grave.",,pending,译文含双引号
a73bcb58,datums/outfits/quick_load_outfits.dm,697,desc,"Keeping everone else in the fight. Armed with an laser rifle with miniflamer, an impressive array of tools for healing your team, and a 'Mimir' biological protection module to allow you to continue operating in hazardous environments. With medivacs out of the question, you are the only thing standing between your buddies and an early grave.",,pending,译文含双引号
b03311a7,datums/outfits/quick_load_outfits.dm,715,desc,"Keeping everone else in the fight. Armed with an laser carbine with underbarrel grenade launcher, an impressive array of tools for healing your team, and a 'Mimir' biological protection module to allow you to continue operating in hazardous environments. With medivacs out of the question, you are the only thing standing between your buddies and an early grave.",,pending,译文含双引号
9936cbf9,datums/outfits/quick_load_outfits.dm,766,desc,"A gun smarter than the average bear, or marine. Equipped with an SG-29 smart machine gun and heavy armor upgraded with a 'Tyr' extra armor mdule, the SG is responsible for providing mobile, accurate firesupport thanks to your IFF ammunition.",,pending,译文含双引号
582e7391,datums/outfits/quick_load_outfits.dm,783,desc,"More bullets than sense. Equipped with an SG-85 smart gatling gun, an MP-19 sidearm, heavy armor upgraded with a 'Tyr' extra armor mdule and a whole lot of bullets. For when you want to unleash a firehose of firepower. Try not to run out of ammo.",,pending,译文含双引号
7dd110b6,datums/outfits/quick_load_outfits.dm,801,desc,"Flexibility and precision. Equipped with an SG-62 smart target rifle and heavy armor upgraded with a 'Tyr' extra armor mdule. The integrated spotting rifle comes with a variety of flexible ammo types, which combined with high damage, penetration and IFF, makes for a dangerous support loadout.",,pending,译文含双引号
2e011fc3,datums/outfits/quick_load_outfits.dm,987,desc,"Gives the orders. Equipped with a laser rifle with UGL for better armor penetration against SOM, some support kit such as deployable cameras, as well as heavy armor with a 'valkyrie' autodoc module. You can provide excellent support to your squad thanks to your kit and order shouting talents.",,pending,译文含双引号
44d9dc2a,datums/outfits/quick_load_outfits.dm,1015,desc,"Gives the orders. Equipped with an AR-55 OICW with plenty of grenades for its integrated grenade launcher, some support kit such as deployable cameras, as well as heavy armor with a 'valkyrie' autodoc module. You can provide excellent support to your squad thanks to your kit and order shouting talents.",,pending,译文含双引号
59402556,datums/outfits/quick_load_outfits.dm,1119,desc,"Mobile and dangerous. Equipped with a V-34 carbine, light armor with an 'Aegis' shield module and a large supply of grenades. The V-34 is a modern update of an old weapon that was a common sight during the original Martian rebellion. Very reliable and excellent stopping power in a small, lightweight package. Brought into service as a much cheaper alternative to the VX-32.",,pending,译文含双引号
17009e29,datums/outfits/quick_load_outfits.dm,1140,desc,"Highly mobile scouting configuration. Equipped with a V-21 submachine gun with variable firerate allowing for extreme rates of fire when properly wielded, light armor with an 'Aegis' shield module and a good selection of grenades. Allows for exceptional mobility and blistering firepower, it will falter in extended engagements where low armor and the V-21's high rate of fire can become liabilities.",,pending,译文含双引号
c0c224bd,datums/outfits/quick_load_outfits.dm,1162,desc,"For close encounters. Equipped with a V-51 semi-automatic shotgun, light armor with an 'Aegis' shield module and a large selection of grenades. Allows for good mobility and dangerous CQC firepower.",,pending,译文含双引号
0f539da7,datums/outfits/quick_load_outfits.dm,1232,desc,"For when a complete lack of subtlety is required. Equipped with 'Lorica' enhanced heavy armor and armed with a monsterous two handed breaching axe, designed to cut through heavy armor. When properly wielded, it also provides a degree of protection.",,pending,译文含双引号
e28f9e91,datums/outfits/quick_load_outfits.dm,1347,desc,"Battlefield engineer; building up and tearing down. Equipped with a V-31 assault rifle with integrated 'micro grenade' rail launcher, medium armor, a deployable COPE sentry and a selection of explosives. Has a variety of supplies and equipment to build, repair or apply demolitions in the field. A valuable support asset to a well rounded combat force. The rail launcher fires grenades that must arm mid flight, so are ineffective at close ranges, but add significant tactical options at medium range.",,pending,译文含双引号
5b95d54d,datums/outfits/quick_load_outfits.dm,1656,desc,"Heavily armed and armored SOM elite. Equipped with a V-31 assault rifle with integrated 'micro grenade' rail launcher, heavy armor, a large variety of grenades as well as AP ammunition. Excellent performance against heavily armored targets, while the plentiful grenade provide greater tactical flexibility.",,pending,译文含双引号
c53253fa,datums/outfits/quick_load_outfits.dm,1703,desc,"Heavy armored breaching configuration. Equipped with a volkite charger configured for better one handed use, heavy armor upgraded with 'Lorica' armor reinforcements, a boarding shield and a good selection of grenades. Premier protection and deadly close range firepower.",,pending,译文含双引号
1849bf5f,datums/outfits/quick_load_outfits.dm,1855,desc,"War crimes have never been so easy. Equipped with a V-71 RPG and both incendiary and rad warheads, as well as a V-21 submachine gun with radioactive ammunition, heavy armor with a 'Mithridatius' environmental protection system, and rad grenades. Designed to inspire fear in the enemy and cripple them with deadly incendiary and radiological effects, providing excellent anti infantry support.",,pending,译文含双引号
b7aee583,datums/outfits/quick_load_outfits.dm,1938,desc,"Tactical utility. Equipped with a V-31 assault rifle with integrated 'micro grenade' rail launcher, Gorgon heavy armor with 'Valkyrie' autodoctor module, a large variety of grenades as well as AP ammunition. Excellent performance against heavily armored targets, while the plentiful grenade provide greater tactical flexibility.",,pending,译文含双引号
0b37e4ce,datums/outfits/quick_load_outfits.dm,1986,desc,"For the leader that prefers to be up close and personal. Equipped with a volkite charger with motion sensor and gyrostabiliser for better one handed use, Gorgon heavy armor with 'Valkyrie' autodoctor module and a good variety of grenades. Allows for excellent close to medium range firepower, with first rate survivability. Very dangerous.",,pending,译文含双引号
ed4cda3a,datums/outfits/quick_load_outfits.dm,2009,desc,"Victory through superior firepower. Equipped with a volkite caliver and motion sensor, Gorgon heavy armor with 'Valkyrie' autodoctor module and a good variety of grenades. Allows for excellent damage at all ranges, with first rate survivability. Very dangerous.",,pending,译文含双引号
9702bd49,datums/outfits/quick_load_outfits.dm,2032,desc,"For the leader with a taste for nostalgia. Equipped with an MPI_KM assault rifle, with under barrel grenade launcher, Gorgon heavy armor with 'Valkyrie' autodoctor module and a large supply of grenades. An old weapon that was a common sight during the original Martian rebellion, the MPI's good stopping power, reliability and a healthy dose of nostalgia means it is still seen in use by some among the SOM despite its age.",,pending,译文含双引号
107184cd,datums/proximity_monitor/field.dm,186,to_chat,You turn [src] [operating? ,,pending,{'[未闭合的方括号表达式]'}
057f1163,datums/status_effects/xeno_buffs.dm,800,visible_message,[X]'s [armor_modifier ? ,,pending,{'[未闭合的方括号表达式]'}
22e5b458,datums/status_effects/xeno_buffs.dm,812,visible_message,[X]'s [armor_modifier ? ,,pending,{'[未闭合的方括号表达式]'}
f0b0fb44,datums/storage/storage.dm,664,to_chat,"\The [parent.name] is full, make some space.",,pending,{'\\The'}
f3674925,datums/storage/storage.dm,688,to_chat,"\The [parent.name] is full, make some space.",,pending,{'\\The'}
cfff3785,datums/storage/storage.dm,730,to_chat,<span class='notice'>You begin to [taking_out ? ,,pending,{'[未闭合的方括号表达式]'}
401e489d,game/area/campaign_maps/jungle_outpost.dm,124,name,\improper Canteen,,pending,{'\\improper'}
c00b499a,game/area/campaign_maps/som_raiding_base.dm,99,name,\improper Central corridor,,pending,{'\\improper'}
6a6e54dd,game/area/campaign_maps/som_raiding_base.dm,140,name,\improper Southeast security checkpoint,,pending,{'\\improper'}
3f53b40a,game/area/campaign_maps/som_raiding_base.dm,192,name,\improper Canteen,,pending,{'\\improper'}
927447f1,game/area/campaign_maps/som_raiding_base.dm,196,name,\improper Kitchen,,pending,{'\\improper'}
a39e3682,game/area/campaign_maps/tgmc_raiding_base.dm,43,name,\improper Southwest Maintenance Shed,,pending,{'\\improper'}
3a097343,game/area/campaign_maps/tgmc_raiding_base.dm,89,name,\improper Colony Bar,,pending,{'\\improper'}
527e5949,game/area/campaign_maps/tgmc_raiding_base.dm,182,name,\improper Captain's Office,,pending,{'\\improper'}
9b6f4340,game/area/campaign_maps/tgmc_raiding_base.dm,198,name,\improper Cafeteria,,pending,{'\\improper'}
7b6edeb0,game/area/corsat.dm,208,name,\improper Gamma Sector,,pending,{'\\improper'}
c5830bea,game/area/corsat.dm,294,name,\improper Gamma Showers,,pending,{'\\improper'}
763b4b4d,game/area/corsat.dm,438,name,\improper Gamma Research Complex,,pending,{'\\improper'}
dddeb415,game/area/deltastation.dm,318,name,\improper Command Hallway,,pending,{'\\improper'}
42d89767,game/area/deltastation.dm,371,name,\improper Captain's Office,,pending,{'\\improper'}
c5304fb4,game/area/deltastation.dm,375,name,\improper Captain's Quarters,,pending,{'\\improper'}
41569b63,game/area/deltastation.dm,533,name,\improper Cafeteria,,pending,{'\\improper'}
b0c817e1,game/area/deltastation.dm,537,name,\improper Barber,,pending,{'\\improper'}
b2bdd833,game/area/deltastation.dm,541,name,\improper Kitchen,,pending,{'\\improper'}
c795abe9,game/area/deltastation.dm,613,name,\improper Abandoned Library,,pending,{'\\improper'}
1c00d55d,game/area/deltastation.dm,919,name,\improper Medical Office,,pending,{'\\improper'}
f9d1350a,game/area/deltastation.dm,1239,name,\improper Cytology Lab,,pending,{'\\improper'}
84725438,game/area/icecolony.dm,398,name,Aerodrome Hangar 'Beta',,pending,译文含双引号
27f491bb,game/area/icy_caves.dm,159,name,\improper Kitchen,,pending,{'\\improper'}
4277cb6d,game/area/icy_caves.dm,168,name,\improper Landing Zone One,,pending,{'\\improper'}
678c63cf,game/area/lava_outpost.dm,10,name,\improper Lava,,pending,{'\\improper'}
5257aa64,game/area/lava_outpost.dm,44,name,\improper South East Caves,,pending,{'\\improper'}
21a395ec,game/area/lava_outpost.dm,49,name,\improper South West Caves,,pending,{'\\improper'}
c1b35a9a,game/area/lava_outpost.dm,64,name,\improper Medical Clinic,,pending,{'\\improper'}
93630299,game/area/lava_outpost.dm,74,name,\improper Chief Medical Office,,pending,{'\\improper'}
5dd2211d,game/area/lv624.dm,125,name,\improper South Eastern Barrens,,pending,{'\\improper'}
749a48ee,game/area/lv624.dm,321,name,\improper Kitchen,,pending,{'\\improper'}
7a4bca04,game/area/lv624.dm,326,name,\improper Canteen,,pending,{'\\improper'}
146889ac,game/area/mainship.dm,363,name,\improper Medical Bay,,pending,{'\\improper'}
0f1e3b56,game/area/prison_v3_fiorina.dm,40,name,Fiorina - Scavenger Ship 'NSV Renault',,pending,译文含双引号
a18b16b1,game/area/slumbridge.dm,32,name,\improper Southeast Caves,,pending,{'\\improper'}
22ebeb49,game/area/slumbridge.dm,54,name,\improper Mined Rock,,pending,{'\\improper'}
382392c8,game/area/slumbridge.dm,293,name,\improper Chief Medical Office,,pending,{'\\improper'}
af957e7a,game/area/valhallastation.dm,2,name,\improper Valhalla,,pending,{'\\improper'}
fb1f7c6c,game/buckling.dm,140,visible_message,[buckling_mob] buckles [buckling_mob.p_them()]self to [src].,,pending,{'[buckling_mob.p_them()]'}
82dffb50,game/objects/effects/aliens.dm,187,visible_message,\The [acid_t] begins to crumble under the acid!,,pending,{'\\The'}
89bcb9c2,game/objects/effects/decals/posters/bs12.dm,5,desc,"A safety poster with a female surgeon. \""Let the surgeons do their work. NEVER replace or remove a surgery tool from where the surgeon put it!\""",,pending,译文含双引号
1c5c45c0,game/objects/effects/decals/posters/bs12.dm,75,desc,"A grimy old advert for a seedy lumber company. \""You got a friend in me.\"" is scrawled in the corner.",,pending,译文含双引号
cc7337e2,game/objects/effects/decals/posters/bs12.dm,150,desc,An old Third Soviet Union propaganda poster from centuries ago. 'Escape to the one place that hasn't been corrupted by capitalism!',,pending,译文含双引号
c36fcd08,game/objects/effects/overlays.dm,219,name,\improper[named] at [get_area_name(src)],,pending,{'转义符后缺少空格: \\improper[named'}
d0d95bee,game/objects/effects/spawners/random/misc_structure.dm,275,name,robotic showcase spawner,,pending,set()
f32d28bd,game/objects/items.dm,1058,to_chat,\The [src]'s water reserves are empty.,,pending,{'\\The'}
0bb23ccb,game/objects/items/binoculars.dm,264,to_chat,"[icon2html(src, user)] [span_warning(",,pending,{'[未闭合的方括号表达式]'}
1f545d16,game/objects/items/binoculars.dm,266,to_chat,"[icon2html(src, user)] [span_warning(",,pending,{'[未闭合的方括号表达式]'}
00eaff1c,game/objects/items/binoculars.dm,285,to_chat,"[icon2html(src, user)] [span_warning(",,pending,{'[未闭合的方括号表达式]'}
3af4415d,game/objects/items/bodybag.dm,217,visible_message,\The [xeno_attacker] slashes \the [src] open!,,pending,{'\\The'}
d0c1fed1,game/objects/items/books/manuals.dm,350,name,"APLU \""Ripley\"" Construction and Operation Manual",,pending,译文含双引号
602b203e,game/objects/items/cards_ids.dm,361,to_chat,"It reads: \""[fallen_names[1]] - [fallen_assignments[1]]\"".",,pending,译文含双引号
b11d3e86,game/objects/items/cards_ids.dm,268,balloon_alert,[owner.p_they()] [p_are()]n't dead yet!,,pending,{'[p_are()]'}
52de6981,game/objects/items/cards_ids.dm,48,name,\proper the coordinates to clown planet,,pending,{'\\proper'}
ffe8569e,game/objects/items/cards_ids.dm,121,name,[(!newname)	? ,,pending,{'[未闭合的方括号表达式]'}
628dfb6c,game/objects/items/cards_ids.dm,123,name,[(!paygrade) ? ,,pending,{'[未闭合的方括号表达式]'}
910f8cc5,game/objects/items/circuitboards/circuitboard.dm,169,to_chat,[src] positioning set to [split_mode ? ,,pending,{'[未闭合的方括号表达式]'}
782f3b8e,game/objects/items/circuitboards/circuitboard.dm,36,desc,"A circuit. It has a label on it, it says \""Can handle heat levels up to 40 degrees celsius!\""",,pending,译文含双引号
e87a8ff6,game/objects/items/circuitboards/computer.dm,187,to_chat,You [locked ? ,,pending,{'[未闭合的方括号表达式]'}
cbb7844a,game/objects/items/defibrillator.dm,109,visible_message,[user] turns [src] [ready? ,,pending,{'[未闭合的方括号表达式]'}
67e9334b,game/objects/items/devices/minimap_tablet.dm,324,to_chat,"That label contained a word prohibited in IC chat! Consider reviewing the server rules.\n<span replaceRegex='show_filtered_ic_chat'>\""[label_text]\""</span>",,pending,译文含双引号
85d268bb,game/objects/items/devices/spyglasses.dm,81,desc,"An eye gougingly yellow pamphlet with a badly designed image of a detective on it. the subtext says \"" The Latest way to violate privacy guidelines!\"" ",,pending,译文含双引号
82f1a178,game/objects/items/explosives/bombvest.dm,89,to_chat,"Warcry set to: \""[bomb_message]\"".",,pending,译文含双引号
5bf7aaa1,game/objects/items/explosives/bombvest.dm,49,say,[bomb_message]!!,,pending,{'[bomb_message]'}
b9c59158,game/objects/items/explosives/grenades/flares.dm,130,desc,"A NT standard emergency flare. There are instructions on the side, it reads 'pull cord, make light'.",,pending,译文含双引号
92edee7d,game/objects/items/explosives/plastique.dm,205,to_chat,[span_warning(,,pending,{'[未闭合的方括号表达式]'}
98940003,game/objects/items/explosives/plastique.dm,208,to_chat,[span_warning(,,pending,{'[未闭合的方括号表达式]'}
3e47483c,game/objects/items/firesupport_binoculars.dm,159,balloon_alert,[lowertext(mode.name)] expended!,,pending,{'[lowertext(mode.name)]'}
72e34bf3,game/objects/items/flashlight.dm,98,to_chat,You're going to need to remove that [(H.head && H.head.inventory_flags & COVEREYES) ? ,,pending,{'[未闭合的方括号表达式]'}
544be817,game/objects/items/handcuffs.dm,39,to_chat,\The [H] needs at least two wrists before you can cuff them together!,,pending,{'\\The'}
072431af,game/objects/items/handcuffs.dm,131,to_chat,\The [H] needs at least two wrists before you can cuff them together!,,pending,{'\\The'}
f775f503,game/objects/items/implants/implant.dm,128,to_chat,You feel something melting inside [part ? ,,pending,{'[未闭合的方括号表达式]'}
59e7c92d,game/objects/items/implants/implant_neurostim.dm,31,visible_message,Something buzzes inside [implant_owner][part ? ,,pending,{'[未闭合的方括号表达式]'}
31a214eb,game/objects/items/implants/implant_neurostim.dm,34,visible_message,Something beeps inside [implant_owner][part ? ,,pending,{'[未闭合的方括号表达式]'}
27023601,game/objects/items/implants/sandevistan.dm,126,to_chat,You turn your spinal implant [active? ,,pending,{'[未闭合的方括号表达式]'}
2d1bc419,game/objects/items/marine_gear.dm,103,name,\improper TGMC PFC Jim pizza,,pending,{'\\improper'}
72375595,game/objects/items/marine_gear.dm,24,desc,"<B>Instructions:</B> Extract food using maximum firepower. Eat.\n\nOn the box is a picture of a shouting Squad Leader. \n\""YOU WILL EAT YOUR NUTRIENT GOO AND YOU WILL ENJOY IT, MAGGOT.\""",,pending,译文含双引号
aa3e3706,game/objects/items/multitool.dm,36,to_chat,The local APC is located at [span_bold(,,pending,{'[未闭合的方括号表达式]'}
ac516d78,game/objects/items/radio/detpack.dm,277,to_chat,[span_warning(,,pending,{'[未闭合的方括号表达式]'}
118f9f27,game/objects/items/radio/detpack.dm,282,to_chat,[span_warning(,,pending,{'[未闭合的方括号表达式]'}
16d23b32,game/objects/items/radio/detpack.dm,285,to_chat,[span_warning(,,pending,{'[未闭合的方括号表达式]'}
9a02ee7a,game/objects/items/radio/detpack.dm,299,to_chat,[span_warning(,,pending,{'[未闭合的方括号表达式]'}
990ed111,game/objects/items/radio/detpack.dm,3,desc,"Programmable remotely triggered 'smart' explosive controlled via a signaler, used for demolitions and impromptu booby traps. Can be set to breach or demolition detonation patterns. Unique action to arm. Click on it with a signaler to copy over the signal code.",,pending,译文含双引号
7853d2f3,game/objects/items/radio/headset.dm,151,balloon_alert,high-volume mode [use_command ? ,,pending,{'[未闭合的方括号表达式]'}
e51ece55,game/objects/items/radio/headset.dm,157,balloon_alert,supply comms [channels[RADIO_CHANNEL_REQUISITIONS] ? ,,pending,{'[未闭合的方括号表达式]'}
0cf37e99,game/objects/items/scanners/gas_analyzer.dm,37,to_chat,[src]'s barometer function can't trace anything while the storm is [ongoing_weather.stage == MAIN_STAGE ? ,,pending,{'[未闭合的方括号表达式]'}
75b83e8b,game/objects/items/scanners/gas_analyzer.dm,49,to_chat,[src]'s barometer function says a storm will land in approximately [fixed/10] Seconds].,,pending,{'[未闭合的方括号表达式]'}
533238c5,game/objects/items/shards.dm,94,to_chat,[isxeno(M) ? ,,pending,{'[未闭合的方括号表达式]'}
e592f3f0,game/objects/items/shards.dm,100,to_chat,[isxeno(M) ? ,,pending,{'[未闭合的方括号表达式]'}
62e0d782,game/objects/items/shards.dm,23,visible_message,[user] is slitting [user.p_their()] [pick(,,pending,{'[未闭合的方括号表达式]'}
71348ec8,game/objects/items/stacks/medical.dm,50,balloon_alert,limb is [affecting.limb_status & LIMB_ROBOT ? ,,pending,{'[未闭合的方括号表达式]'}
e2aab813,game/objects/items/stacks/nanopaste.dm,30,visible_message,[user] applies some nanite paste at [user != M ? ,,pending,{'[未闭合的方括号表达式]'}
a19247be,game/objects/items/stacks/snow.dm,102,to_chat,There is already \a [O.name] in this direction!,,pending,{'\\a'}
cede8089,game/objects/items/storage/backpack.dm,276,to_chat,[warning]<b>Charge Remaining: [cell.charge]/[cell.maxcharge]</b>,,pending,{'[warning]'}
f82a55a2,game/objects/items/storage/backpack.dm,337,name,\improper TGMC technician backpack,,pending,{'\\improper'}
d5ba67ab,game/objects/items/storage/backpack.dm,344,name,\improper TGMC satchel,,pending,{'\\improper'}
024d763d,game/objects/items/storage/backpack.dm,351,name,\improper TGMC satchel,,pending,{'\\improper'}
45c09c15,game/objects/items/storage/backpack.dm,355,name,\improper TGMC corpsman satchel,,pending,{'\\improper'}
90bd7b83,game/objects/items/storage/backpack.dm,363,name,\improper TGMC technician satchel,,pending,{'\\improper'}
5d5af2b3,game/objects/items/storage/boxes.dm,233,desc,A small box of 'Space-Proof' premium matches.,,pending,译文含双引号
d542cf9a,game/objects/items/storage/boxes.dm,998,desc,A purple glowing box with a big TOP SECRET label as well as conspiracy talkpoints printed topside. What a load of gibberish!,,pending,译文含双引号
e35f0843,game/objects/items/storage/boxes.dm,1208,desc,A secure box holding 25 M45 Cloaker greandes. Warning: causes cancer!!!,,pending,译文含双引号
f237a3fb,game/objects/items/storage/dispenser.dm,4,desc,"The TX-9000 also known as \""Dispenser\"" is a machine capable of holding a large amount of items on it, while also healing nearby synthetics. Your allies will often ask you to lay down one of these.",,pending,译文含双引号
e0b8891e,game/objects/items/storage/misc.dm,35,to_chat,You [open ? ,,pending,{'[未闭合的方括号表达式]'}
1a89ee78,game/objects/items/tools/cleaning_tools.dm,127,desc,A deluxe Waffle Co. brand bar of soap. Smells of [pick(,,pending,{'[未闭合的方括号表达式]'}
22ee4cd2,game/objects/items/tools/extinguisher.dm,50,balloon_alert,safety [safety ? ,,pending,{'[未闭合的方括号表达式]'}
6393f1b7,game/objects/items/tools/flame_tools.dm,598,visible_message,"After a few attempts, [user] manages to light the [src],  however [user.p_they()] burn [user.p_their()] finger in the process.",,pending,{'[user.p_they()]'}
2a2bdfc3,game/objects/items/tools/flame_tools.dm,403,desc,"A bright red cigarette with what appears to be russian branding on it. The words \""RUSSIAN RED\"", however are unmistakable.",,pending,译文含双引号
3e5933c1,game/objects/items/tools/flame_tools.dm,413,desc,"Red tipped. Has got a single word stamped on the side: \""(BICARIDINE)\"".",,pending,译文含双引号
2df8c07c,game/objects/items/tools/flame_tools.dm,423,desc,"Yellow tipped. has got a single word stamped on the side: \""(KELOTANE)\"".",,pending,译文含双引号
7ad34c41,game/objects/items/tools/maintenance_tools.dm,43,visible_message,[user] is stabbing the [name] into [user.p_their()] [pick(,,pending,{'[未闭合的方括号表达式]'}
23d30795,game/objects/items/tools/maintenance_tools.dm,89,visible_message,\The [usr] cuts \the [C]'s restraints with \the [src]!,,pending,"{'\\The', '\\the'}"
469925c5,game/objects/items/tools/misc_tools.dm,123,desc,"It's a black ink pen with a sharp point and a carefully engraved \""Waffle Co.\""",,pending,译文含双引号
cda61fec,game/objects/items/tools/research_tools.dm,16,desc,"A tool for locating and uncovering underground resources. Use \""unique action\"" when near an excavation site.",,pending,译文含双引号
7567563f,game/objects/items/tools/shovel_tools.dm,73,balloon_alert,dumping [dirt_type == DIRT_TYPE_SNOW ? ,,pending,{'[未闭合的方括号表达式]'}
e926e60d,game/objects/items/tools/surgery_tools.dm,44,visible_message,[user] presses the [name] to [user.p_their()] [pick(,,pending,{'[未闭合的方括号表达式]'}
a9d7d49b,game/objects/items/toys/cards.dm,145,visible_message,\The [user] shuffles [src].,,pending,{'\\The'}
5137f443,game/objects/items/toys/cards.dm,235,visible_message,\The [user] plays \the [discarding].,,pending,{'\\The'}
0605d7f4,game/objects/items/toys/cards.dm,244,visible_message,\The [user] [concealed ? ,,pending,{'[未闭合的方括号表达式]'}
b687dc99,game/objects/items/toys/crayons.dm,90,visible_message,[user] starts drawing something on \the [target.name].,,pending,{'\\the'}
316ce841,game/objects/items/toys/toy_weapons.dm,41,to_chat,You reload [7 - bullets] caps\s!,,pending,{'[7 - bullets]'}
91580cfd,game/objects/items/toys/toys.dm,111,desc,"There is a tag on the back that reads \""FUK NT!11!\"".",,pending,译文含双引号
a8d03106,game/objects/items/toys/toys.dm,139,desc,"\""Singulo\"" brand spinning toy.",,pending,译文含双引号
97199328,game/objects/items/toys/toys.dm,552,desc,"A plushie depicting a royal xenomorph queen. Smells faintly of stardust and baguettes, with a tag that has Wee! written on it.",,pending,译文含双引号
941317ce,game/objects/items/trash.dm,77,name,"\improper \""LiquidFood\"" ration",,pending,译文含双引号
142f4e17,game/objects/items/trash.dm,109,desc,The fortune reads. <br>[span_tip(,,pending,{'[未闭合的方括号表达式]'}
eb046d5e,game/objects/items/trash.dm,204,desc,Overpriced 'Spring' water. Bottled by the Nanotrasen Corporation.,,pending,译文含双引号
fc23fd2d,game/objects/items/weapons/stunbaton.dm,119,to_chat,[src] is now [status ? ,,pending,{'[未闭合的方括号表达式]'}
ce60c2f7,game/objects/items/weapons/stunbaton.dm,232,to_chat,\The [src] is now [status ? ,,pending,{'[未闭合的方括号表达式]'}
7137b6d2,game/objects/items/weapons/swords.dm,40,visible_message,[user] is falling on [user.p_their()] [name]! It looks like [user.p_theyre()] trying to commit suicide.,,pending,{'[user.p_their()]'}
232c6b24,game/objects/items/weapons/two_handed/spears.dm,43,desc,A tactical spear. Used for 'tactical' combat.,,pending,译文含双引号
23ccd97e,game/objects/items/xeno_iff_tags.dm,17,to_chat,"[xeno] is dead, why would you waste a tag on it?",,pending,{'[xeno]'}
7dfd3101,game/objects/items/xeno_iff_tags.dm,20,to_chat,"[xeno] already has an IFF tag attached, and attaching another might mess with its signal!",,pending,{'[xeno]'}
aee80b05,game/objects/items/xeno_iff_tags.dm,28,to_chat,Someone already attached a tag to [xeno] while you were busy!,,pending,{'[xeno]'}
14c6dc77,game/objects/items/xeno_iff_tags.dm,22,visible_message,[user] starts attaching [src] to [xeno].,,pending,{'[xeno]'}
3bc643df,game/objects/items/xeno_iff_tags.dm,44,name,\[redacted\] xenomorph IFF tag,,pending,"{'[redacted\\]', '\\]', '\\['}"
2bc3c80d,game/objects/machinery/OpTable.dm,103,visible_message,[span_notice(,,pending,{'[未闭合的方括号表达式]'}
4ee897ee,game/objects/machinery/artillery/mortar.dm,380,visible_message,"[icon2html(src, viewers(src))] [span_danger(",,pending,{'[未闭合的方括号表达式]'}
0efdda56,game/objects/machinery/artillery/mortar.dm,430,desc,"A manual, crew-operated mortar system intended to rain down 80mm goodness on anything it's aimed at. Needs to be set down first to fire. Ctrl+Click on a tile to deploy, drag the mortar's sprites to mob's sprite to undeploy.",,pending,译文含双引号
b85b1732,game/objects/machinery/artillery/mortar.dm,461,desc,"A manual, crew-operated mortar system intended to rain down 80mm goodness on anything it's aimed at. Needs to be set down first to fire. This one is a double barreled mortar that can hold 2 rounds, and is usually fitted in TAVs.",,pending,译文含双引号
c4767f0a,game/objects/machinery/artillery/mortar.dm,249,say,Targeting set by [user]. COORDINATES: X:[coords[,,pending,{'[未闭合的方括号表达式]'}
0dba21ff,game/objects/machinery/artillery/mortar.dm,302,say,Remote targeting set by [user]. COORDINATES: X:[coords[,,pending,{'[未闭合的方括号表达式]'}
9bb1b548,game/objects/machinery/artillery/shells.dm,59,name,\improper 150mm 'Tanglefoot' artillery shell,,pending,译文含双引号
3767fb83,game/objects/machinery/artillery/shells.dm,71,name,\improper 150mm white phosporous 'spotting' artillery shell,,pending,译文含双引号
7b09164c,game/objects/machinery/artillery/shells.dm,72,desc,"An 150mm artillery shell, loaded with a 'spotting' gas that sets anything it hits aflame, whatever is hit by this will have their day, skin and future ruined, with a demand for a warcrime tribunal.",,pending,译文含双引号
925f3cdc,game/objects/machinery/autodoc.dm,395,visible_message,[mover_of_occupant] starts [mover_of_occupant == future_occupant ? ,,pending,{'[未闭合的方括号表达式]'}
cd7dedf3,game/objects/machinery/camera/camera.dm,133,to_chat,"You screw the camera's panel [CHECK_BITFIELD(machine_stat, PANEL_OPEN) ? ",,pending,{'[未闭合的方括号表达式]'}
f5d7bf5b,game/objects/machinery/camera/camera.dm,154,to_chat,You [(view_range == initial(view_range)) ? ,,pending,{'[未闭合的方括号表达式]'}
5bcab4ae,game/objects/machinery/camera/camera.dm,262,visible_message,\The [src] [change_msg]!,,pending,{'\\The'}
27f99250,game/objects/machinery/camera/deployable_camera.dm,38,to_chat,"NOTICE - \""Huginn\"" ROC-58 Observer has been deployed at [AREACOORD_NO_Z(user)].",,pending,译文含双引号
0813c675,game/objects/machinery/camera/deployable_camera.dm,4,name,"\""Huginn\"" ROC-58 Observer",,pending,译文含双引号
43563f76,game/objects/machinery/camera/deployable_camera.dm,27,name,"Undeployed \""Huginn\"" ROC-58 Observer",,pending,译文含双引号
264c7099,game/objects/machinery/cell_charger.dm,77,to_chat,You [anchored ? ,,pending,{'[未闭合的方括号表达式]'}
532909db,game/objects/machinery/cell_charger.dm,102,to_chat,ccpt [charging] [stat],,pending,{'[charging]'}
9823395b,game/objects/machinery/cloning/cloning.dm,277,visible_message,"[icon2html(src, viewers(src))] [span_notice(",,pending,{'[未闭合的方括号表达式]'}
5dbd41b1,game/objects/machinery/computer/communications.dm,108,to_chat,"That announcement contained a word prohibited in IC chat! Consider reviewing the server rules.\n<span replaceRegex='show_filtered_ic_chat'>\""[input]\""</span>",,pending,译文含双引号
1c32322a,game/objects/machinery/computer/dropship_weapons.dm,100,to_chat,"[DEW] just fired, wait for it to cool down.",,pending,{'[DEW]'}
1dd3d2d1,game/objects/machinery/cryopod.dm,260,desc,"A large automated capsule with LED displays intended to put anyone inside into 'hypersleep', a form of non-cryogenic statis used on most ships, linked to a long-term hypersleep bay on a lower level.",,pending,译文含双引号
7264ac53,game/objects/machinery/data_disks.dm,21,to_chat,You flip the write-protect tab to [src.read_only ? ,,pending,{'[未闭合的方括号表达式]'}
4e3bb656,game/objects/machinery/doors/airlock.dm,381,to_chat,\The [src] would require something a lot stronger than [W] to weld!,,pending,{'\\The'}
b79af3c0,game/objects/machinery/doors/airlock.dm,507,to_chat,\The [src] has no panel to open!,,pending,{'\\The'}
c5030f08,game/objects/machinery/doors/airlock.dm,309,visible_message,\The [xeno_attacker] digs into \the [src] and begins to pry it open.,,pending,{'\\The'}
a4a22806,game/objects/machinery/doors/airlock.dm,322,visible_message,\The [xeno_attacker] pries \the [src] open.,,pending,{'\\The'}
4c8e781f,game/objects/machinery/doors/airlock.dm,333,visible_message,\The [M] scuttles underneath \the [src]!,,pending,"{'\\The', '\\the'}"
2642f1e6,game/objects/machinery/doors/airlock.dm,388,visible_message,[user] is [welded ? ,,pending,{'[未闭合的方括号表达式]'}
728cf8e5,game/objects/machinery/doors/airlock.dm,396,visible_message,[user.name] has [welded? ,,pending,{'[未闭合的方括号表达式]'}
ad94683f,game/objects/machinery/doors/airlock_types.dm,296,name,\improper Captain's Office,,pending,{'\\improper'}
9ffedf58,game/objects/machinery/doors/airlock_types.dm,299,name,\improper Captain's Study,,pending,{'\\improper'}
7f374dd0,game/objects/machinery/doors/airlock_types.dm,303,name,\improper Captain's Mess,,pending,{'\\improper'}
b38646db,game/objects/machinery/doors/airlock_types.dm,555,name,\improper Pilot's Office,,pending,{'\\improper'}
0a42d137,game/objects/machinery/doors/airlock_types.dm,607,name,\improper Smartgunner Preparations,,pending,{'\\improper'}
cc6ba9a7,game/objects/machinery/doors/airlock_types.dm,663,name,\improper Alpha Squad Smartgunner Preparations,,pending,{'\\improper'}
524030c8,game/objects/machinery/doors/airlock_types.dm,735,name,\improper Delta Squad Leader Preparations,,pending,{'\\improper'}
ea9590ba,game/objects/machinery/doors/airlock_types.dm,750,name,\improper Delta Squad Smartgunner Preparations,,pending,{'\\improper'}
c00a9308,game/objects/machinery/doors/airlock_types.dm,805,name,\improper Cockpit,,pending,{'\\improper'}
a9c2a8bd,game/objects/machinery/doors/firedoor.dm,135,visible_message,\The [xeno_attacker] digs into \the [src] and begins to pry it open.,,pending,{'\\The'}
a0541657,game/objects/machinery/doors/firedoor.dm,145,visible_message,\The [xeno_attacker] pries \the [src] open.,,pending,{'\\The'}
f49e796a,game/objects/machinery/doors/firedoor.dm,179,visible_message,\The [src] [density ? ,,pending,{'[未闭合的方括号表达式]'}
60cbfad7,game/objects/machinery/doors/firedoor.dm,222,visible_message,\The [user] [blocked ? ,,pending,{'[未闭合的方括号表达式]'}
63a7fa29,game/objects/machinery/doors/firedoor.dm,229,visible_message,"\The [user] pries at \the [src] with \a [I], but \the [src] is welded in place!",,pending,"{'\\The', '\\a', '\\the'}"
e3780616,game/objects/machinery/doors/firedoor.dm,234,visible_message,\The [user] starts to force \the [src] [density ? ,,pending,{'[未闭合的方括号表达式]'}
39ec882d,game/objects/machinery/doors/firedoor.dm,245,visible_message,\The [user] forces \the [blocked ? ,,pending,{'[未闭合的方括号表达式]'}
7ac2c2e0,game/objects/machinery/doors/firedoor.dm,216,balloon_alert,[blocked ? ,,pending,{'[未闭合的方括号表达式]'}
15f1b618,game/objects/machinery/doors/multi_tile.dm,107,name,\improper Canteen,,pending,{'\\improper'}
773e2183,game/objects/machinery/doors/multi_tile.dm,186,name,\improper Alpha Squad Smartgunner Preparations,,pending,{'\\improper'}
268861dc,game/objects/machinery/doors/multi_tile.dm,246,name,\improper Delta Squad Leader Preparations,,pending,{'\\improper'}
3d877264,game/objects/machinery/doors/multi_tile.dm,261,name,\improper Delta Squad Smartgunner Preparations,,pending,{'\\improper'}
e6e0d85e,game/objects/machinery/doors/multi_tile.dm,283,name,\improper Medical Bay,,pending,{'\\improper'}
2bfd00bf,game/objects/machinery/doors/poddoor.dm,2,name,\improper Podlock,,pending,{'\\improper'}
4b8233d0,game/objects/machinery/doors/poddoor.dm,204,name,\improper Ammunition Storage,,pending,{'\\improper'}
077a659d,game/objects/machinery/doors/poddoor.dm,208,name,\improper Drop pod Bay,,pending,{'\\improper'}
79a62550,game/objects/machinery/fax.dm,168,to_chat,You [anchored ? ,,pending,{'[未闭合的方括号表达式]'}
25b4a00b,game/objects/machinery/fire_alarm.dm,136,to_chat,You wire \the [src].,,pending,{'\\the'}
e2aaf72d,game/objects/machinery/hologram.dm,303,to_chat,[span_danger(,,pending,{'[未闭合的方括号表达式]'}
125fd1ac,game/objects/machinery/hologram.dm,331,to_chat,[span_danger(,,pending,{'[未闭合的方括号表达式]'}
46bee8f1,game/objects/machinery/holosign.dm,33,desc,Small wall-mounted holographic projector. This one reads SURGERY.,,pending,译文含双引号
2c96850e,game/objects/machinery/iv_drip.dm,177,to_chat,The IV drip is now [mode ? ,,pending,{'[未闭合的方括号表达式]'}
69eccdf4,game/objects/machinery/kitchen/smartfridge.dm,62,to_chat,"You [CHECK_BITFIELD(machine_stat, PANEL_OPEN) ? ",,pending,{'[未闭合的方括号表达式]'}
f635d87e,game/objects/machinery/minelayer.dm,2,name,"\improper M21 APRDS \""Minelayer\""",,pending,译文含双引号
46c2beac,game/objects/machinery/overwatch/_overwatch.dm,137,to_chat,"Basic overwatch systems initialized. Welcome, [ID ? ",,pending,{'[未闭合的方括号表达式]'}
311e7a72,game/objects/machinery/overwatch/_overwatch.dm,145,to_chat,"Main overwatch systems initialized. Welcome, [ID ? ",,pending,{'[未闭合的方括号表达式]'}
9311f3a0,game/objects/machinery/overwatch/_overwatch.dm,153,to_chat,"Overwatch systems deactivated. Goodbye, [ID ? ",,pending,{'[未闭合的方括号表达式]'}
0853def4,game/objects/machinery/overwatch/_overwatch.dm,161,to_chat,"Main overwatch systems deactivated. Goodbye, [ID ? ",,pending,{'[未闭合的方括号表达式]'}
aa08bc7b,game/objects/machinery/overwatch/_overwatch.dm,186,to_chat,"[icon2html(src, operator)] [span_notice(",,pending,{'[未闭合的方括号表达式]'}
d780dd32,game/objects/machinery/overwatch/_overwatch.dm,188,to_chat,"[icon2html(src, operator)] [span_notice(",,pending,{'[未闭合的方括号表达式]'}
ac78997b,game/objects/machinery/overwatch/_overwatch.dm,192,to_chat,"[icon2html(src, operator)] [span_notice(",,pending,{'[未闭合的方括号表达式]'}
6e322986,game/objects/machinery/overwatch/_overwatch.dm,194,to_chat,"[icon2html(src, operator)] [span_notice(",,pending,{'[未闭合的方括号表达式]'}
9f9e3281,game/objects/machinery/overwatch/_overwatch.dm,199,to_chat,"[icon2html(src, operator)] [span_notice(",,pending,{'[未闭合的方括号表达式]'}
fcfa9e5a,game/objects/machinery/overwatch/_overwatch.dm,202,to_chat,"[icon2html(src, operator)] [span_notice(",,pending,{'[未闭合的方括号表达式]'}
856cc546,game/objects/machinery/overwatch/_overwatch.dm,205,to_chat,"[icon2html(src, operator)] [span_notice(",,pending,{'[未闭合的方括号表达式]'}
9050b34a,game/objects/machinery/overwatch/_overwatch.dm,220,to_chat,"[icon2html(src, operator)] [span_notice(",,pending,{'[未闭合的方括号表达式]'}
f05eb9ed,game/objects/machinery/overwatch/_overwatch.dm,223,to_chat,"[icon2html(src, operator)] [span_notice(",,pending,{'[未闭合的方括号表达式]'}
ad5a066b,game/objects/machinery/overwatch/_overwatch.dm,138,visible_message,"Basic overwatch systems initialized. Welcome, [ID ? ",,pending,{'[未闭合的方括号表达式]'}
3bca63a9,game/objects/machinery/overwatch/_overwatch.dm,146,visible_message,"Main overwatch systems initialized. Welcome, [ID ? ",,pending,{'[未闭合的方括号表达式]'}
913be821,game/objects/machinery/overwatch/_overwatch.dm,154,visible_message,"Overwatch systems deactivated. Goodbye, [ID ? ",,pending,{'[未闭合的方括号表达式]'}
96ca48f4,game/objects/machinery/overwatch/_overwatch.dm,162,visible_message,"Main overwatch systems deactivated. Goodbye, [ID ? ",,pending,{'[未闭合的方括号表达式]'}
bab42428,game/objects/machinery/overwatch/military.dm,228,to_chat,"[icon2html(src, operator)] [span_warning(",,pending,{'[未闭合的方括号表达式]'}
23f965a2,game/objects/machinery/overwatch/military.dm,242,to_chat,"[icon2html(src, operator)] [span_warning(",,pending,{'[未闭合的方括号表达式]'}
514b23bd,game/objects/machinery/overwatch/military.dm,259,to_chat,"[icon2html(src, operator)] [span_warning(",,pending,{'[未闭合的方括号表达式]'}
c9f541ca,game/objects/machinery/overwatch/military.dm,262,to_chat,"[icon2html(src, operator)] [span_warning(",,pending,{'[未闭合的方括号表达式]'}
d7a7c53b,game/objects/machinery/overwatch/military.dm,264,to_chat,"[icon2html(src, operator)] [span_warning(",,pending,{'[未闭合的方括号表达式]'}
40680b3c,game/objects/machinery/overwatch/military.dm,465,to_chat,"[icon2html(src, operator)] [span_warning(",,pending,{'[未闭合的方括号表达式]'}
df6095f0,game/objects/machinery/overwatch/military.dm,468,to_chat,"[icon2html(src, operator)] [span_warning(",,pending,{'[未闭合的方括号表达式]'}
90310dc5,game/objects/machinery/overwatch/military.dm,471,to_chat,"[icon2html(src, operator)] [span_warning(",,pending,{'[未闭合的方括号表达式]'}
632e72cd,game/objects/machinery/overwatch/military.dm,475,to_chat,"[icon2html(src, operator)] [span_warning(",,pending,{'[未闭合的方括号表达式]'}
49548213,game/objects/machinery/overwatch/military.dm,479,to_chat,"[icon2html(src, operator)] [span_warning(",,pending,{'[未闭合的方括号表达式]'}
f2ae9329,game/objects/machinery/overwatch/military.dm,482,to_chat,"[icon2html(src, operator)] [span_warning(",,pending,{'[未闭合的方括号表达式]'}
37d39dc3,game/objects/machinery/overwatch/military.dm,529,to_chat,"[icon2html(src, source)] [span_warning(",,pending,{'[未闭合的方括号表达式]'}
306dc281,game/objects/machinery/overwatch/military.dm,533,to_chat,"[icon2html(src, source)] [span_warning(",,pending,{'[未闭合的方括号表达式]'}
e894b2a3,game/objects/machinery/overwatch/military.dm,536,to_chat,"[icon2html(src, source)] [span_warning(",,pending,{'[未闭合的方括号表达式]'}
599e107e,game/objects/machinery/overwatch/military.dm,541,to_chat,Squad Leader [target_squad.squad_leader] of squad '[target_squad]' has been [target_squad.squad_leader.stat == DEAD ? ,,pending,{'[未闭合的方括号表达式]'}
c00a4a06,game/objects/machinery/overwatch/military.dm,550,to_chat,"[icon2html(src, target)] <font size='3' color='blue'><B>\[Overwatch\]: You've been promoted to \'[(ismarineleaderjob(target.job) || issommarineleaderjob(target.job)) ? ",,pending,{'[未闭合的方括号表达式]'}
af30c372,game/objects/machinery/overwatch/military.dm,559,to_chat,"[icon2html(src, operator)] [span_warning(",,pending,{'[未闭合的方括号表达式]'}
c195217d,game/objects/machinery/overwatch/military.dm,564,to_chat,"[icon2html(src, operator)] [span_warning(",,pending,{'[未闭合的方括号表达式]'}
5e7563b2,game/objects/machinery/overwatch/military.dm,580,to_chat,"[icon2html(src, wanted_marine)] <font size='3' color='blue'><B>\[Overwatch\]:</b> You've been reported for insubordination by your overwatch officer.</font>",,pending,{'[Overwatch\\]'}
c5dda609,game/objects/machinery/overwatch/military.dm,593,to_chat,"[icon2html(src, source)] [span_warning(",,pending,{'[未闭合的方括号表达式]'}
97a69528,game/objects/machinery/overwatch/military.dm,597,to_chat,"[icon2html(src, source)] [span_warning(",,pending,{'[未闭合的方括号表达式]'}
29e10957,game/objects/machinery/overwatch/military.dm,604,to_chat,"[icon2html(src, source)] [span_warning(",,pending,{'[未闭合的方括号表达式]'}
1291aff3,game/objects/machinery/overwatch/military.dm,609,to_chat,"[icon2html(src, source)] [span_warning(",,pending,{'[未闭合的方括号表达式]'}
108ea86f,game/objects/machinery/overwatch/military.dm,635,to_chat,"[icon2html(src, transfer_marine)] <font size='3' color='blue'><B>\[Overwatch\]:</b> You've been transfered to [new_squad]!</font>",,pending,{'[Overwatch\\]'}
20ed2d11,game/objects/machinery/overwatch/military.dm,542,visible_message,Squad Leader [target_squad.squad_leader] of squad '[target_squad]' has been [target_squad.squad_leader.stat == DEAD ? ,,pending,{'[未闭合的方括号表达式]'}
48eb06ad,game/objects/machinery/recharger.dm,32,to_chat,You [anchored ? ,,pending,{'[未闭合的方括号表达式]'}
a1d003ec,game/objects/machinery/recharger.dm,39,to_chat,\A [charging] is already charging here.,,pending,{'\\A'}
cce0be0c,game/objects/machinery/sellingpad.dm,55,visible_message,[src] buzzes: The [onpad] has been sold for [export_report.points ? export_report.points : ,,pending,{'[未闭合的方括号表达式]'}
a9a83127,game/objects/machinery/sleeper.dm,401,to_chat,[health_ratio > 50 ? ,,pending,{'[未闭合的方括号表达式]'}
df03d707,game/objects/machinery/sleeper.dm,402,to_chat,[occupant.bodytemperature > 50 ? ,,pending,{'[未闭合的方括号表达式]'}
20c2eccb,game/objects/machinery/sleeper.dm,403,to_chat,[occupant.getBruteLoss() < 60 ? ,,pending,{'[未闭合的方括号表达式]'}
1ff2b603,game/objects/machinery/sleeper.dm,404,to_chat,[occupant.getOxyLoss() < 60 ? ,,pending,{'[未闭合的方括号表达式]'}
3058b087,game/objects/machinery/sleeper.dm,405,to_chat,[occupant.getToxLoss() < 60 ? ,,pending,{'[未闭合的方括号表达式]'}
fc17c5e7,game/objects/machinery/sleeper.dm,406,to_chat,[occupant.getFireLoss() < 60 ? ,,pending,{'[未闭合的方括号表达式]'}
3ee864c1,game/objects/machinery/spaceheater.dm,57,balloon_alert,hatch [open ? ,,pending,{'[未闭合的方括号表达式]'}
f11a7033,game/objects/machinery/spaceheater.dm,111,balloon_alert,switched [on ? ,,pending,{'[未闭合的方括号表达式]'}
1d92d307,game/objects/machinery/squad_manager.dm,66,to_chat,"That name contained a word prohibited in IC chat! Consider reviewing the server rules.\n<span replaceRegex='show_filtered_ic_chat'>\""[new_name]\""</span>",,pending,译文含双引号
2f99080d,game/objects/machinery/squad_supply/supply_console.dm,108,to_chat,"[icon2html(src, usr)] [span_warning(",,pending,{'[未闭合的方括号表达式]'}
5794d37e,game/objects/machinery/squad_supply/supply_console.dm,112,to_chat,"[icon2html(src, usr)] [span_warning(",,pending,{'[未闭合的方括号表达式]'}
0a632edd,game/objects/machinery/squad_supply/supply_console.dm,116,to_chat,"[icon2html(src, usr)] [span_warning(",,pending,{'[未闭合的方括号表达式]'}
343ea501,game/objects/machinery/squad_supply/supply_console.dm,119,to_chat,"[icon2html(src, usr)] [span_warning(",,pending,{'[未闭合的方括号表达式]'}
1dc4e5c0,game/objects/machinery/squad_supply/supply_console.dm,160,visible_message,\The [supply_pad] whirrs as it beings to load the supply drop into a bluespace launch tube. Stand clear!,,pending,{'\\The'}
abcefcee,game/objects/machinery/squad_supply/supply_console.dm,164,visible_message,"[icon2html(supply_beacon, viewers(supply_beacon))] [span_boldnotice(",,pending,{'[未闭合的方括号表达式]'}
50fb4405,game/objects/machinery/squad_supply/supply_console.dm,178,visible_message,"[icon2html(supply_pad, usr)] [span_warning(",,pending,{'[未闭合的方括号表达式]'}
cdd253ea,game/objects/machinery/squad_supply/supply_console.dm,182,visible_message,"[icon2html(supply_pad, usr)] [span_warning(",,pending,{'[未闭合的方括号表达式]'}
a9848723,game/objects/machinery/squad_supply/supply_console.dm,186,visible_message,"[icon2html(supply_pad, usr)] [span_warning(",,pending,{'[未闭合的方括号表达式]'}
e3d1ca70,game/objects/machinery/squad_supply/supply_console.dm,203,visible_message,"[icon2html(supply_pad, viewers(src))] [span_boldnotice(",,pending,{'[未闭合的方括号表达式]'}
e8d3823a,game/objects/machinery/vending/marine_vending.dm,1217,name,\improper Surplus Clothing Vendor,,pending,{'\\improper'}
fe9cad28,game/objects/machinery/vending/new_marine_vendors.dm,562,desc,An automated equipment rack hooked up to a colossal storage unit of advanced cat-herding devices.,,pending,译文含双引号
68b28f20,game/objects/machinery/vending/new_marine_vendors.dm,838,desc,"A set of Heavy Gungnir pattern jaeger armor, including an armor suit and helmet.",,pending,译文含双引号
d5716fdc,game/objects/machinery/vending/vending.dm,352,to_chat,"You [CHECK_BITFIELD(machine_stat, PANEL_OPEN) ? ",,pending,{'[未闭合的方括号表达式]'}
cbcdb158,game/objects/machinery/vending/vending.dm,439,to_chat,"[icon2html(src, usr)][span_warning(",,pending,{'[未闭合的方括号表达式]'}
0229ce0c,game/objects/machinery/vending/vending.dm,441,to_chat,"[icon2html(src, usr)][span_warning(",,pending,{'[未闭合的方括号表达式]'}
0ba086db,game/objects/machinery/vending/vending.dm,445,to_chat,"[icon2html(src, usr)][span_warning(",,pending,{'[未闭合的方括号表达式]'}
1b87e9e6,game/objects/machinery/vending/vending.dm,450,to_chat,"[icon2html(src, usr)][span_warning(",,pending,{'[未闭合的方括号表达式]'}
e74cf0b7,game/objects/machinery/vending/vending.dm,293,visible_message,\The [xeno_attacker] smashes \the [src] beyond recognition!,,pending,{'\\The'}
a663737c,game/objects/machinery/vending/vending.dm,298,visible_message,[xeno_attacker] slashes \the [src]!,,pending,{'\\the'}
a9087432,game/objects/machinery/vending/vending.dm,307,visible_message,\The [xeno_attacker] begins to lean against \the [src].,,pending,{'\\The'}
5dfbd2bd,game/objects/machinery/vending/vending.dm,316,visible_message,\The [xeno_attacker] knocks \the [src] down!,,pending,{'\\The'}
d0b03807,game/objects/machinery/vending/vending_types.dm,723,name,\improper Dinnerware,,pending,{'\\improper'}
a13bfbb2,game/objects/structures.dm,111,visible_message,[user] starts [atom_flags & ON_BORDER ? ,,pending,{'[未闭合的方括号表达式]'}
cf4666af,game/objects/structures.dm,127,visible_message,[user] [atom_flags & ON_BORDER ? ,,pending,{'[未闭合的方括号表达式]'}
8ebaee9c,game/objects/structures/barricade.dm,963,visible_message,[user] flips [src] [is_open ? ,,pending,{'[未闭合的方括号表达式]'}
93e6e1b9,game/objects/structures/barricade.dm,843,balloon_alert,[linked ? ,,pending,{'[未闭合的方括号表达式]'}
40ce3073,game/objects/structures/barricade.dm,302,name,guard rail,,pending,set()
d0ff335f,game/objects/structures/campaign_props.dm,3,desc,"A state of the art Harbinger class fighter. The premier fighter for SOM forces in space and atmosphere, bristling with high tech systems and weapons.",,pending,译文含双引号
f74d20a9,game/objects/structures/campaign_props.dm,16,desc,"A state of the art Harbinger class fighter. The premier fighter for SOM forces in space and atmosphere, this one seems to be unarmed currently.",,pending,译文含双引号
d67f0d00,game/objects/structures/campaign_structures/destroy_objectives.dm,43,to_chat,[span_warning(,,pending,{'[未闭合的方括号表达式]'}
41ae5e82,game/objects/structures/campaign_structures/destroy_objectives.dm,315,desc,"A state of the art harbinger class fighter. The premier fighter for SOM forces in space and atmosphere, bristling with high tech systems and weapons.",,pending,译文含双引号
bb665005,game/objects/structures/coathanger.dm,19,visible_message,[user] takes [coat] off \the [src].,,pending,{'\\the'}
d8c98f04,game/objects/structures/crates_lockers/closets.dm,275,balloon_alert,[src] has been [welded ? ,,pending,{'[未闭合的方括号表达式]'}
bdfd5c3e,game/objects/structures/crates_lockers/closets.dm,287,balloon_alert,[user] [anchored ? ,,pending,{'[未闭合的方括号表达式]'}
38765140,game/objects/structures/crates_lockers/closets.dm,416,balloon_alert,[locked ? null : ,,pending,{'[未闭合的方括号表达式]'}
94fef391,game/objects/structures/crates_lockers/closets/fireaxe.dm,4,desc,"There is small label that reads \""For Emergency use only\"" along with details for safe use of the axe. As if.",,pending,译文含双引号
5c214047,game/objects/structures/crates_lockers/largecrate.dm,297,to_chat,You begin to cut the straps off \the [src]...,,pending,{'\\the'}
71e7b368,game/objects/structures/desertdam.dm,40,desc,"A large sign reading 'lazarus landing pop. 73', there's blood smeared on it.",,pending,译文含双引号
fe205683,game/objects/structures/door_assembly.dm,201,to_chat,You [anchored ? ,,pending,{'[未闭合的方括号表达式]'}
61eccdf1,game/objects/structures/droppod.dm,235,to_chat,[user ? user : ,,pending,{'[未闭合的方括号表达式]'}
b0ff5ed4,game/objects/structures/dropship_ammo.dm,418,desc,"The AGM-224 is the latest in air to ground missile technology. Earning the nickname of 'Widowmaker' from various pilots after improvements allow it to land at incredibly high speeds, at the cost of explosive payload. Well suited for ground bombardment, its high velocity making it reach its target quickly. Moving this will require some sort of lifter.",,pending,译文含双引号
7d79e8e2,game/objects/structures/dropship_ammo.dm,472,desc,The PGHM-227 missile is a mainstay of the fleet against any mobile or armored ground targets. It's earned the nickname of 'Banshee' from the sudden wail that it emitts right before hitting a target. Useful to clear out large areas. Moving this will require some sort of lifter.,,pending,译文含双引号
e0b6f0cc,game/objects/structures/dropship_ammo.dm,715,desc,"A incredibly high yield payload bomb used to utterly ruin someone's day, generally termed as the 'Mother of all Bombs'. will only fit in a full-sized bomb pod. Moving this will require some sort of lifter.",,pending,译文含双引号
a665e7a1,game/objects/structures/dropship_equipment.dm,240,to_chat,You've [ship_base ? ,,pending,{'[未闭合的方括号表达式]'}
0e176c93,game/objects/structures/dropship_equipment.dm,860,desc,"A dismounted GAU-21 'Rattler' 30mm rotary cannon. Capable of firing 5200 rounds a minute, feared by many for its power. Earned the nickname 'Rattler' from the vibrations it would cause on ships in its inital production run. Moving this will require some sort of lifter.",,pending,译文含双引号
1b87e279,game/objects/structures/dropship_equipment.dm,1020,desc,"A pnuematic thrower machine capable of up to 40 smaller bombs, generally called 'bomblets'. Moving this will require some sort of lifter.",,pending,译文含双引号
e47c1f20,game/objects/structures/girders.dm,133,to_chat,You weld the [girder_state == GIRDER_BROKEN_PATCHED ? ,,pending,{'[未闭合的方括号表达式]'}
31dc33fd,game/objects/structures/grille.dm,83,visible_message,[user] [anchored ? ,,pending,{'[未闭合的方括号表达式]'}
e5bdcbbf,game/objects/structures/hybrisa_props.dm,1404,desc,A robotic arm used in the construction of 'Meridian' Automobiles.,,pending,译文含双引号
ee97a2f8,game/objects/structures/inflatable.dm,97,visible_message,[src] [violent ? ,,pending,{'[未闭合的方括号表达式]'}
1cc4f841,game/objects/structures/ladders.dm,235,balloon_alert,can't go any further [going_up ? ,,pending,{'[未闭合的方括号表达式]'}
b2006dc3,game/objects/structures/landing_signs.dm,3,desc,A large sign reading 'lazarus landing por-' the rest of it is smeared in blood.,,pending,译文含双引号
cfe8e0c4,game/objects/structures/landing_signs.dm,13,desc,"A large sign that reads 'Solaris Ridge -', the rest of it is scraped away.",,pending,译文含双引号
05e0db32,game/objects/structures/landing_signs.dm,22,desc,"A large sign that reads 'Blue Moon, Solaris Ridge -', the rest of it is scraped away. This sign seems to have heating plates to prevent it from freezing, neat!",,pending,译文含双引号
418de7bb,game/objects/structures/landing_signs.dm,31,desc,"A large sign that reads 'Kutjevo pop-', the rest of it is obscured by claw marks.",,pending,译文含双引号
4cffaba7,game/objects/structures/landing_signs.dm,45,desc,"A large sign that reads 'UA Prison Docking -', the rest of it is obscured by claw marks.",,pending,译文含双引号
f757c0ce,game/objects/structures/landing_signs.dm,53,desc,"A large sign that reads 'Shiva's Ice L-nding -', bullet holes and torn metal obscuring the rest.'",,pending,译文含双引号
2949d0de,game/objects/structures/landing_signs.dm,61,desc,"A large sign that reads 'Chigusa mining colony', with half the sign written in japanese..",,pending,译文含双引号
07a45b0e,game/objects/structures/landing_signs.dm,69,desc,"A large sign that reads 'Chigusa mining col-', with the rest being obscured by what looks to be tried blood, and damage.",,pending,译文含双引号
a0fad613,game/objects/structures/landing_signs.dm,74,desc,A large sign that reads 'Tachi Base located at the planet of Ceres V' with a flag of the Sons of Mars.,,pending,译文含双引号
0915ee8a,game/objects/structures/landing_signs.dm,83,desc,A large sign that reads 'Rocinante Base' with a flag of the Sons of Mars.,,pending,译文含双引号
730c1002,game/objects/structures/large_vehicle_props.dm,256,desc,"It is a tread bound crawler used in harsh conditions. This one is designed for personnel transportation. Supplied by Orbital Blue International; 'Your friends, in the Aerospace business.' A subsidiary of Nanotrasen.",,pending,译文含双引号
84995d97,game/objects/structures/misc.dm,398,desc,A large automated capsule with LED displays intended to put anyone inside into 'hypersleep'.,,pending,译文含双引号
688a6026,game/objects/structures/orbital_cannon.dm,525,name,\improper Rail Gun,,pending,{'\\improper'}
32492d2f,game/objects/structures/prop.dm,500,visible_message,\The [hit_object] slams into \the [src] inducing a resonance... [hit_object.p_their()] body starts to glow and burst into flames before flashing into dust!,,pending,{'\\The'}
7cc52519,game/objects/structures/prop.dm,504,visible_message,\The [hit_object] smacks into \the [src] and rapidly flashes to ash.,,pending,{'\\The'}
76ffd001,game/objects/structures/prop.dm,561,name,\improper Main Airlock,,pending,{'\\improper'}
0462769c,game/objects/structures/prop.dm,854,name,\improper Terragov flag,,pending,{'\\improper'}
11386c44,game/objects/structures/prop.dm,624,desc,A giant machine for processing data and producing department specific tools. A small warning light labeled 'server connection' is flashing red,,pending,译文含双引号
37861591,game/objects/structures/prop.dm,708,desc,"Keeps an area from being fried by Edison's Bane, does not work against handheld Tesla cannons commonly issued by paramilitaries.",,pending,译文含双引号
3d92b96d,game/objects/structures/reagent_dispensers.dm,123,visible_message,[user] wrenches [src]'s faucet [modded ? ,,pending,{'[未闭合的方括号表达式]'}
d3d1da1a,game/objects/structures/reagent_dispensers.dm,138,visible_message,[user] catastrophically fails at refilling \his [W.name]!,,pending,{'转义符后缺少空格: \\his的[W.name]装填'}
34a276fe,game/objects/structures/safe.dm,66,to_chat,You hear a [pick(,,pending,{'[未闭合的方括号表达式]'}
748b842a,game/objects/structures/safe.dm,68,to_chat,You hear a [pick(,,pending,{'[未闭合的方括号表达式]'}
fca0218d,game/objects/structures/safe.dm,140,to_chat,You [open ? ,,pending,{'[未闭合的方括号表达式]'}
6bb484a0,game/objects/structures/safe.dm,146,to_chat,You can't [open ? ,,pending,{'[未闭合的方括号表达式]'}
4ea90420,game/objects/structures/safe.dm,70,visible_message,<b>[pick(,,pending,{'[未闭合的方括号表达式]'}
8e4efbf9,game/objects/structures/safe.dm,24,desc,"A huge chunk of metal with a dial embedded in it. Fine print on the dial reads \""Scarborough Arms - 2 tumbler safe, guaranteed thermite resistant, explosion resistant, and assistant resistant.\""",,pending,译文含双引号
c1faded6,game/objects/structures/signs.dm,178,name,\improper HARD VACUUM AHEAD,,pending,{'\\improper'}
bb1e45c7,game/objects/structures/signs.dm,362,name,\improper Medical Bay,,pending,{'\\improper'}
e768888a,game/objects/structures/signs.dm,372,name,\improper Escape Arm,,pending,{'\\improper'}
a488b237,game/objects/structures/signs.dm,407,name,\improper Medical Bay,,pending,{'\\improper'}
46455617,game/objects/structures/signs.dm,417,name,\improper Escape Arm,,pending,{'\\improper'}
ef047bb1,game/objects/structures/signs.dm,487,name,\improper Medical Bay,,pending,{'\\improper'}
85efbaa1,game/objects/structures/signs.dm,144,desc,A warning sign which reads 'LIVE AMMUNITION RANGE'.,,pending,译文含双引号
0c295843,game/objects/structures/signs.dm,149,desc,A warning sign which reads 'BIOHAZARD'.,,pending,译文含双引号
952092f0,game/objects/structures/signs.dm,154,desc,A warning sign which reads 'HIGH VOLTAGE'.,,pending,译文含双引号
1bd25305,game/objects/structures/signs.dm,164,desc,A warning sign which reads 'HIGH TEMPERATURE'.,,pending,译文含双引号
c2e65b41,game/objects/structures/signs.dm,169,desc,A warning sign which reads 'GAS MASKS REQUIRED'.,,pending,译文含双引号
ad1ba11a,game/objects/structures/signs.dm,179,desc,A warning sign which reads 'HARD VACUUM AHEAD'.,,pending,译文含双引号
bbf57b2b,game/objects/structures/signs.dm,184,desc,A warning sign which reads 'DISPOSAL LEADS TO SPACE'.,,pending,译文含双引号
927551bf,game/objects/structures/signs.dm,189,desc,A warning sign which reads 'ESCAPE PODS'.,,pending,译文含双引号
0017a961,game/objects/structures/signs.dm,199,desc,A warning sign which reads 'NO SMOKING'.,,pending,译文含双引号
e91f881e,game/objects/structures/signs.dm,204,desc,A warning sign which reads 'NO SMOKING'.,,pending,译文含双引号
d5ba3814,game/objects/structures/signs.dm,247,desc,A warning sign which reads 'SCIENCE!'.,,pending,译文含双引号
0e78ba12,game/objects/structures/signs.dm,255,desc,A warning sign which reads 'SCIENCE!'.,,pending,译文含双引号
a1cc9b12,game/objects/structures/signs.dm,263,desc,A warning sign which reads 'CHEMISTRY'.,,pending,译文含双引号
747060a8,game/objects/structures/signs.dm,276,desc,A guidance sign which reads 'HYDROPONICS'.,,pending,译文含双引号
33300768,game/objects/structures/signs.dm,321,desc,A guidance sign which reads 'HYDROPNICS'.,,pending,译文含双引号
fa0f79cf,game/objects/structures/signs.dm,332,desc,A guidance sign which reads 'RESTROOM'.,,pending,译文含双引号
975fa886,game/objects/structures/som_cas_parts.dm,3,desc,"The premier CAS VTOL of the SOM. Outmatches the TGMC Condor in speed and firepower with it's twin S-15 fusion engines, albeit very costly to produce. It can reach an AO and lay heavy fire support within a short length of time.",,pending,译文含双引号
690979af,game/objects/structures/stool_bed_chair_nest/bed.dm,727,visible_message,[user] [locked ? ,,pending,{'[未闭合的方括号表达式]'}
d2df47c3,game/objects/structures/stool_bed_chair_nest/chairs.dm,388,visible_message,[user] begins loosening the bolts on \the [src].,,pending,{'\\the'}
97cdc318,game/objects/structures/stool_bed_chair_nest/chairs.dm,395,visible_message,"[user] loosens the bolts on \the [src], folding it into the decking.",,pending,{'\\the'}
98f0df67,game/objects/structures/stool_bed_chair_nest/janicart.dm,76,desc,"A keyring with a small steel key, and a pink fob reading \""Pussy Wagon\"".",,pending,译文含双引号
ddab1336,game/objects/structures/stool_bed_chair_nest/xeno_nest.dm,77,visible_message,\The [user] pulls \the [buckled_mob] free from \the [src]!,,pending,"{'\\The', '\\the'}"
66743c16,game/objects/structures/stool_bed_chair_nest/xeno_nest.dm,90,visible_message,\The [buckled_mob] struggles to break free of \the [src].,,pending,{'\\The'}
c4a66738,game/objects/structures/stool_bed_chair_nest/xeno_nest.dm,98,visible_message,\The [buckled_mob] breaks free from \the [src]!,,pending,{'\\The'}
6b205527,game/objects/structures/teleporter.dm,41,to_chat,A red light flashes on \the [src]. It seems it doesn't have enough power.,,pending,{'\\the'}
9de9f481,game/objects/structures/toolboxtrophy.dm,10,name,"\improper \""Toolboxing For A Cause 2020\"" third place trophy",,pending,译文含双引号
d5516f1d,game/objects/structures/toolboxtrophy.dm,11,desc,"A worn, but still shining gold toolbox dedicated to those who \""may be stupid\"", who lead the way to victory for TerraGov, placing third in the tournament.\nA worn inscription says: <i>\""Manley Jyllian, Nick Johnson, and Clark Ulton\""</i>. You feel robust just looking at it.",,pending,译文含双引号
ce07d82c,game/objects/structures/watercloset.dm,42,to_chat,You find \an [I] in the cistern.,,pending,{'转义符后缺少空格: \\an [I]。'}
9bae44e4,game/objects/structures/watercloset.dm,59,to_chat,You start to [cistern ? ,,pending,{'[未闭合的方括号表达式]'}
20b39dd2,game/objects/structures/watercloset.dm,65,visible_message,[user] [cistern ? ,,pending,{'[未闭合的方括号表达式]'}
45f46c2b,game/turfs/closed.dm,77,to_chat,[I] can't cut through this!,,pending,{'[I]'}
db68c09e,game/turfs/closed.dm,565,name,\improper Alamo,,pending,{'\\improper'}
5d52a098,game/turfs/closed.dm,768,name,\improper Triumph,,pending,{'\\improper'}
ed6215fd,game/turfs/closed.dm,776,name,\improper Normandy,,pending,{'\\improper'}
8acd7978,game/turfs/closed.dm,932,name,\improper Normandy,,pending,{'\\improper'}
6ee95122,game/turfs/closed.dm,1118,name,\improper Tadpole,,pending,{'\\improper'}
cd44f04c,game/turfs/iron_floor.dm,207,desc,"\""This is a plaque in honour of our comrades on the G4407 Stations. Hopefully TG4407 model can live up to your fame and fortune.\"" Scratched in beneath that is a crude image of a meteor and a spaceman. The spaceman is laughing. The meteor is exploding.",,pending,译文含双引号
2de952a1,game/turfs/snow.dm,51,visible_message,\The [M] starts clearing out \the [src].,,pending,"{'\\The', '\\the'}"
f1848726,game/turfs/snow.dm,61,visible_message,\The [M] clears out \the [src].,,pending,"{'\\The', '\\the'}"
3f6b0e8d,game/turfs/walls/resin.dm,152,to_chat,You scrape ineffectively at \the [src].,,pending,{'\\the'}
01fd3932,game/turfs/walls/resin.dm,138,visible_message,\The [xeno_attacker] starts tearing down \the [src]!,,pending,{'\\The'}
b9e342bc,game/turfs/walls/resin.dm,145,visible_message,\The [xeno_attacker] tears down \the [src]!,,pending,{'\\The'}
0d95e967,game/turfs/walls/walls.dm,335,to_chat,[span_warning(,,pending,{'[未闭合的方括号表达式]'}
c8c3a893,game/verbs/ooc.dm,128,to_chat,<font color='[display_colour]'>[span_ooc(,,pending,{'[未闭合的方括号表达式]'}
722f9e5b,game/verbs/ooc.dm,130,to_chat,<span class='[display_class]'>[span_prefix(,,pending,{'[未闭合的方括号表达式]'}
3a6feb97,game/verbs/ooc.dm,223,to_chat,<font color='#a330a7'>[span_ooc(,,pending,{'[未闭合的方括号表达式]'}
b46c7bc2,game/verbs/ooc.dm,239,to_chat,<font color='#a330a7'>[span_ooc(,,pending,{'[未闭合的方括号表达式]'}
aa4ffef9,game/verbs/ooc.dm,330,to_chat,<font color='#ca6200'>[span_ooc(,,pending,{'[未闭合的方括号表达式]'}
54f49b6e,game/verbs/ooc.dm,346,to_chat,<font color='#ca6200'>[span_ooc(,,pending,{'[未闭合的方括号表达式]'}
f5167e52,game/verbs/ooc.dm,444,to_chat,<span class='prefix'>[span_tooltip(,,pending,{'[未闭合的方括号表达式]'}
800ad09c,game/verbs/ooc.dm,730,to_chat,"Now opening a window to login to your forum account, your account will automatically be linked the moment you log in. If this window doesn't load, Please go to <a href=\""[uri]?token=[token]\"">[uri]?token=[token]</a> - This link will expire in 30 minutes.",,pending,译文含双引号
bc344b13,modules/admin/callproc.dm,19,name,[initial(name)] ([callers.Join(,,pending,{'[未闭合的方括号表达式]'}
406c602e,modules/admin/callproc.dm,24,name,[initial(name)] ([callers.Join(,,pending,{'[未闭合的方括号表达式]'}
7e7ff94c,modules/admin/holder.dm,184,to_chat,"You do not have sufficient rights to do that. You require one of the following flags:[rights2text(rights_required,",,pending,{'[未闭合的方括号表达式]'}
3a5ca90a,modules/admin/holder.dm,200,to_chat,"You do not have sufficient rights to do that. You require one of the following flags:[rights2text(rights_required,",,pending,{'[未闭合的方括号表达式]'}
9d9406c4,modules/admin/panels/ban_panel.dm,457,to_chat,Ban not [edit_id ? ,,pending,{'[未闭合的方括号表达式]'}
c5dbc7aa,modules/admin/panels/ban_panel.dm,582,to_chat,You have been [applies_to_admins ? ,,pending,{'[未闭合的方括号表达式]'}
73f2d9c8,modules/admin/panels/ban_panel.dm,592,to_chat,You have been [applies_to_admins ? ,,pending,{'[未闭合的方括号表达式]'}
3bfe4884,modules/admin/preferences_verbs.dm,44,to_chat,You will [(user.prefs.toggles_chat & CHAT_PRAYER) ? ,,pending,{'[未闭合的方括号表达式]'}
30e88ec4,modules/admin/preferences_verbs.dm,50,to_chat,You will [(user.prefs.toggles_sound & SOUND_ADMINHELP) ? ,,pending,{'[未闭合的方括号表达式]'}
1f68ca78,modules/admin/server_verbs.dm,79,to_chat,Server shutting down [waitforroundend ? ,,pending,{'[未闭合的方括号表达式]'}
7d7503d9,modules/admin/server_verbs.dm,90,to_chat,Server shutting down[waitforroundend ? ,,pending,{'[未闭合的方括号表达式]'}
7975e3c6,modules/admin/topic.dm,578,to_chat,[pick(SSstrings.get_list_from_file(,,pending,{'[未闭合的方括号表达式]'}
019d2546,modules/admin/verbs/SDQL2/SDQL_2.dm,531,to_chat,"SDQL query results: [get_query_text()]<br>\
			SDQL query completed: [islist(obj_count_all)? length(obj_count_all) : obj_count_all] objects selected by path, and \
			[where_switched? ",,pending,{'[未闭合的方括号表达式]'}
37585003,modules/admin/verbs/SDQL2/SDQL_2.dm,991,to_chat,[spaces](,,pending,{'[spaces]'}
3fc986c7,modules/admin/verbs/SDQL2/SDQL_2.dm,993,to_chat,[spaces]),,pending,{'[spaces]'}
1d761582,modules/admin/verbs/SDQL2/SDQL_2.dm,1003,to_chat,[spaces][whitespace]),,pending,"{'[spaces]', '[whitespace]'}"
3ce7b7ad,modules/admin/verbs/SDQL2/SDQL_2.dm,1006,to_chat,[spaces][whitespace][query_tree[item]],,pending,"{'[spaces]', '[whitespace]', '[query_tree[item]]'}"
1bd792e1,modules/admin/verbs/SDQL2/SDQL_2.dm,1142,to_chat,"SDQL2: You have an error in your SDQL syntax, unexpected ' in query: \""<font color=gray>[query_text]</font>\"" following \""<font color=gray>[word]</font>\"". Please check your syntax, and try again.",,pending,译文含双引号
e68af532,modules/admin/verbs/SDQL2/SDQL_2.dm,1162,to_chat,"SDQL2: You have an error in your SDQL syntax, unmatched ' in query: \""<font color=gray>[query_text]</font>\"". Please check your syntax, and try again.",,pending,译文含双引号
6ecbd807,modules/admin/verbs/SDQL2/SDQL_2.dm,1170,to_chat,"SDQL2: You have an error in your SDQL syntax, unexpected \"" in query: \""<font color=gray>[query_text]</font>\"" following \""<font color=gray>[word]</font>\"". Please check your syntax, and try again.",,pending,译文含双引号
c9b52d49,modules/admin/verbs/SDQL2/SDQL_2.dm,1190,to_chat,"SDQL2: You have an error in your SDQL syntax, unmatched \"" in query: \""<font color=gray>[query_text]</font>\"". Please check your syntax, and try again.",,pending,译文含双引号
c7cf9cd8,modules/admin/verbs/poll_managment.dm,311,to_chat,Not all edits were applied because the following errors were present:\n[error_state.Join(,,pending,{'[未闭合的方括号表达式]'}
11d23930,modules/admin/verbs/poll_managment.dm,313,to_chat,Poll not [new_poll ? ,,pending,{'[未闭合的方括号表达式]'}
ccd75855,modules/admin/verbs/poll_managment.dm,476,to_chat,Poll [poll_type == POLLTYPE_TEXT ? ,,pending,{'[未闭合的方括号表达式]'}
f49ecd35,modules/admin/verbs/poll_managment.dm,602,to_chat,Option not added because the following errors were present:\n[error_state.Join(,,pending,{'[未闭合的方括号表达式]'}
f799e858,modules/admin/verbs/poll_managment.dm,605,to_chat,Not all edits were applied because the following errors were present:\n[error_state.Join(,,pending,{'[未闭合的方括号表达式]'}
caa866a1,modules/admin/verbs/request_internet_sound.dm,16,to_chat,"Invalid URL. Please use a URL from one of the following sites: [replacetext(CONFIG_GET(string/request_internet_allowed), ",,pending,{'[未闭合的方括号表达式]'}
fb87fa95,modules/admin/view_variables/mass_edit_variables.dm,193,to_chat,[rejected] out of [count] objects rejected your edit,,pending,{'[rejected]'}
13796cdf,modules/admin/view_variables/topic.dm,104,to_chat,You caused an error. DEBUG: Text:[Text] Mob:[L],,pending,{'[Text]'}
784bd986,modules/admin/view_variables/topic_basic.dm,42,to_chat,[holder.fakekey ? ,,pending,{'[未闭合的方括号表达式]'}
425a312c,modules/assembly/signaler.dm,113,to_chat,You transfer the frequency and code of \the [signaler2.name] to \the [name],,pending,{'\\the'}
c9154d42,modules/assembly/voice.dm,87,say,[listening ? ,,pending,{'[未闭合的方括号表达式]'}
1e505a30,modules/atmospherics/machinery/components/binary_devices/circulator.dm,39,to_chat,You [anchored?,,pending,{'[未闭合的方括号表达式]'}
2ca3efb5,modules/atmospherics/machinery/components/binary_devices/circulator.dm,88,to_chat,You set [src] to [mode?,,pending,{'[未闭合的方括号表达式]'}
19fd16be,modules/atmospherics/machinery/components/binary_devices/circulator.dm,96,to_chat,"You [CHECK_BITFIELD(machine_stat, PANEL_OPEN)?",,pending,{'[未闭合的方括号表达式]'}
e556bd54,modules/atmospherics/machinery/portable/scrubber.dm,12,balloon_alert,turned [on ? ,,pending,{'[未闭合的方括号表达式]'}
20ef9883,modules/buildmode/submodes/advanced.dm,37,to_chat,[initial(object.name)] ([object.type]) selected.,,pending,"{'[object.type]', '[initial(object.name)]'}"
58005d97,modules/client/client_procs.dm,260,to_chat,"You can go to <a href=\""https://secure.byond.com/download/build\"">BYOND's website</a> to download other versions.",,pending,译文含双引号
ebd2a86e,modules/client/client_procs.dm,266,to_chat,"Please download a new version of byond. If [byond_build] is the latest, you can go to <a href=\""https://secure.byond.com/download/build\"">BYOND's website</a> to download other versions.",,pending,译文含双引号
8a424120,modules/client/client_procs.dm,308,to_chat,"Visit <a href=\""https://secure.byond.com/download\"">BYOND's website</a> to get the latest version of BYOND.",,pending,译文含双引号
7a699e22,modules/client/preferences_toggles.dm,8,to_chat,At the end of the round you will [(prefs.toggles_chat & CHAT_STATISTICS) ? ,,pending,{'[未闭合的方括号表达式]'}
4916cf00,modules/client/preferences_toggles.dm,18,to_chat,"As a ghost, you will now [(prefs.toggles_chat & CHAT_GHOSTEARS) ? ",,pending,{'[未闭合的方括号表达式]'}
2702d2bc,modules/client/preferences_toggles.dm,27,to_chat,The selected special ability will now be activated with [(prefs.toggles_gameplay & MIDDLESHIFTCLICKING) ? ,,pending,{'[未闭合的方括号表达式]'}
7e173306,modules/client/preferences_toggles.dm,39,to_chat,"As a ghost, you will now [(prefs.toggles_chat & CHAT_GHOSTSIGHT) ? ",,pending,{'[未闭合的方括号表达式]'}
f49f02ee,modules/client/preferences_toggles.dm,49,to_chat,"As a ghost, you will now [(prefs.toggles_chat & CHAT_GHOSTRADIO) ? ",,pending,{'[未闭合的方括号表达式]'}
fbdf66df,modules/client/preferences_toggles.dm,59,to_chat,You will [(prefs.toggles_chat & CHAT_RADIO) ? ,,pending,{'[未闭合的方括号表达式]'}
aa07782a,modules/client/preferences_toggles.dm,69,to_chat,"As a ghost, you will [(prefs.toggles_chat & CHAT_GHOSTHIVEMIND) ? ",,pending,{'[未闭合的方括号表达式]'}
37e1c782,modules/client/preferences_toggles.dm,79,to_chat,You will [(prefs.toggles_chat & CHAT_DEAD) ? ,,pending,{'[未闭合的方括号表达式]'}
346eddf1,modules/client/preferences_toggles.dm,88,to_chat,You will [(prefs.toggles_gameplay & RADIAL_MEDICAL) ? ,,pending,{'[未闭合的方括号表达式]'}
af152caa,modules/client/preferences_toggles.dm,97,to_chat,You will [(prefs.toggles_gameplay & RADIAL_STACKS) ? ,,pending,{'[未闭合的方括号表达式]'}
5d27f59b,modules/client/preferences_toggles.dm,106,to_chat,You will [(prefs.toggles_chat & CHAT_OOC) ? ,,pending,{'[未闭合的方括号表达式]'}
89faf90c,modules/client/preferences_toggles.dm,116,to_chat,You will [(prefs.toggles_chat & CHAT_LOOC) ? ,,pending,{'[未闭合的方括号表达式]'}
9cd7d93b,modules/client/preferences_toggles.dm,129,to_chat,You will [(prefs.be_special & role_flag) ? ,,pending,{'[未闭合的方括号表达式]'}
c15afe69,modules/client/preferences_toggles.dm,223,to_chat,New spawn announcements have been [(prefs.toggles_deadchat & DISABLE_ARRIVALRATTLE) ? ,,pending,{'[未闭合的方括号表达式]'}
66430a4a,modules/client/preferences_toggles.dm,232,to_chat,Death announcements have been [(prefs.toggles_deadchat & DISABLE_DEATHRATTLE) ? ,,pending,{'[未闭合的方括号表达式]'}
c56228f8,modules/client/preferences_ui.dm,957,to_chat,"You, or another user of this computer or connection ([ban_details[",,pending,{'[未闭合的方括号表达式]'}
95d1d9b9,modules/clothing/clothing.dm,238,desc,[desc]<br>They have had the fingertips cut off of them.,,pending,{'[desc]'}
9d493557,modules/clothing/gloves/marine_gloves.dm,8,desc,Standard issue marine tactical gloves. It reads: 'knit by Marine Widows Association'.,,pending,译文含双引号
4b6c83d5,modules/clothing/gloves/marine_gloves.dm,21,desc,Standard issue marine tactical gloves but black! It reads: 'knit by Marine Widows Association'.,,pending,译文含双引号
f8e2476f,modules/clothing/gloves/marine_gloves.dm,27,desc,Standard issue marine tactical gloves but fingerless! It reads: 'knit by Marine Widows Association'.,,pending,译文含双引号
0b8aa726,modules/clothing/gloves/marine_gloves.dm,33,desc,Standard issue marine tactical gloves BUT colorable with a facepaint! It reads: 'knit by Marine Widows Association'.,,pending,译文含双引号
cfaa31dc,modules/clothing/gloves/marine_gloves.dm,81,desc,"You may like these gloves, but THEY think you are unworthy of them.",,pending,set()
b21f9141,modules/clothing/head/head.dm,28,name,\improper TGMC beanie,,pending,{'\\improper'}
3f1106cb,modules/clothing/head/head.dm,66,name,\improper Red beret,,pending,{'\\improper'}
6c400054,modules/clothing/head/head.dm,85,name,\improper Blue beret,,pending,{'\\improper'}
8f6b996f,modules/clothing/head/head.dm,100,name,\improper White beret,,pending,{'\\improper'}
8589665e,modules/clothing/head/head.dm,112,name,\improper Field Commander beret,,pending,{'\\improper'}
cf657c60,modules/clothing/head/head.dm,120,name,\improper TGMC cap,,pending,{'\\improper'}
cc0078a0,modules/clothing/head/head.dm,156,name,\improper TGMC officer cap,,pending,{'\\improper'}
34958721,modules/clothing/head/head.dm,161,name,\improper TGMC navy officer cap,,pending,{'\\improper'}
a5ad73d5,modules/clothing/head/head.dm,166,name,\improper TGMC requisition cap,,pending,{'\\improper'}
9a92823f,modules/clothing/head/head.dm,180,name,\improper ornamented cap,,pending,{'\\improper'}
a8f0dc3b,modules/clothing/head/head.dm,191,name,\improper TGMC slouch hat,,pending,{'\\improper'}
36136db8,modules/clothing/head/head.dm,240,name,\improper Chief Medical hat,,pending,{'\\improper'}
b5f556e4,modules/clothing/head/head.dm,382,name,\improper commissar cap,,pending,{'\\improper'}
e38306e6,modules/clothing/head/helmet.dm,112,name,\improper M10 pattern marine helmet,,pending,{'\\improper'}
a5e8b469,modules/clothing/head/helmet.dm,497,name,\improper UM4 helmet,,pending,{'\\improper'}
8a694e59,modules/clothing/head/helmet.dm,555,name,\improper Z7 engineer helmet,,pending,{'\\improper'}
eadf32ff,modules/clothing/head/helmet.dm,582,name,\improper S7 combat helmet,,pending,{'\\improper'}
1b306c26,modules/clothing/head/helmet.dm,113,desc,"A standard M10 Pattern Helmet. It reads on the label, 'The difference between an open-casket and closed-casket funeral. Wear on head for best results.'.",,pending,译文含双引号
b2e8039a,modules/clothing/head/helmet.dm,655,desc,"Vyacheslav Security Detail's custom, modified helmet designed for the 'Ares' Juggernaut suit.",,pending,译文含双引号
8da1560c,modules/clothing/head/helmet.dm,663,desc,"Vyacheslav Security Detail's custom, modified helmet designed for the 'Zeus' Juggernaut suit.",,pending,译文含双引号
8d34a169,modules/clothing/head/helmet.dm,671,desc,"Vyacheslav Security Detail's custom, modified helmet designed for the 'Apollo' Juggernaut suit.",,pending,译文含双引号
e397dddf,modules/clothing/masks/breath.dm,93,to_chat,You [active ? ,,pending,{'[未闭合的方括号表达式]'}
b1c70fbe,modules/clothing/modular_armor/attachments/arm_plates.dm,14,desc,"Designed for use with the Jaeger Combat Exoskeleton. It provides protection and encumbrance when attached and is fairly easy to attach and remove from armor. Click on the armor frame to attach it. All arm plates have the same armor and slowdown, meaning that only changing the chestplate makes significant armor difference. This armor appears to be marked as a Infantry armor piece.",,pending,译文含双引号
35ec5796,modules/clothing/modular_armor/attachments/arm_plates.dm,20,desc,"Designed for use with the Jaeger Combat Exoskeleton. It provides protection and encumbrance  when attached and is fairly easy to attach and remove from armor. Click on the armor frame to attach it. All arm plates have the same armor and slowdown, meaning that only changing the chestplate makes significant armor difference. This armor appears to be marked as a Skirmisher armor piece.",,pending,译文含双引号
bcdad079,modules/clothing/modular_armor/attachments/arm_plates.dm,25,desc,"Designed for use with the Jaeger Combat Exoskeleton. It provides protection and encumbrance  when attached and is fairly easy to attach and remove from armor. Click on the armor frame to attach it. All arm plates have the same armor and slowdown, meaning that only changing the chestplate makes significant armor difference. This armor appears to be marked as a Scout armor piece.",,pending,译文含双引号
11924b97,modules/clothing/modular_armor/attachments/arm_plates.dm,30,desc,"Designed for use with the Jaeger Combat Exoskeleton. It provides protection and encumbrance when attached and is fairly easy to attach and remove from armor. Click on the armor frame to attach it. All arm plates have the same armor and slowdown, meaning that only changing the chestplate makes significant armor difference. This armor appears to be marked as a Assault armor piece.",,pending,译文含双引号
0c262dbd,modules/clothing/modular_armor/attachments/arm_plates.dm,35,desc,"Designed for use with the Jaeger Combat Exoskeleton. It provides protection and encumbrance when attached and is fairly easy to attach and remove from armor. Click on the armor frame to attach it. All arm plates have the same armor and slowdown, meaning that only changing the chestplate makes significant armor difference. This armor appears to be marked as a EVA armor piece.",,pending,译文含双引号
c18f2700,modules/clothing/modular_armor/attachments/arm_plates.dm,40,desc,"Designed for use with the Jaeger Combat Exoskeleton. It provides protection and encumbrance when attached and is fairly easy to attach and remove from armor. Click on the armor frame to attach it. All arm plates have the same armor and slowdown, meaning that only changing the chestplate makes significant armor difference. This armor appears to be marked as a EOD armor piece.",,pending,译文含双引号
b09ed2d6,modules/clothing/modular_armor/attachments/arm_plates.dm,45,desc,"Designed for use with the Jaeger Combat Exoskeleton. It provides protection and encumbrance when attached and is fairly easy to attach and remove from armor. Click on the armor frame to attach it. All arm plates have the same armor and slowdown, meaning that only changing the chestplate makes significant armor difference. This armor appears to be marked as a Hell Jumper armor piece.",,pending,译文含双引号
fa688525,modules/clothing/modular_armor/attachments/arm_plates.dm,50,desc,"Designed for use with the Jaeger Combat Exoskeleton. It provides protection and encumbrance when attached and is fairly easy to attach and remove from armor. Click on the armor frame to attach it. All arm plates have the same armor and slowdown, meaning that only changing the chestplate makes significant armor difference. This armor appears to be marked as a Ranger armor piece.",,pending,译文含双引号
22c01ef0,modules/clothing/modular_armor/attachments/arm_plates.dm,55,desc,"Designed for use with the Jaeger Combat Exoskeleton. It provides protection and encumbrance when attached and is fairly easy to attach and remove from armor. Click on the armor frame to attach it. All arm plates have the same armor and slowdown, meaning that only changing the chestplate makes significant armor difference. This armor appears to be marked as a Trooper armor piece.",,pending,译文含双引号
9f3a6322,modules/clothing/modular_armor/attachments/arm_plates.dm,60,desc,"Designed for use with the Jaeger Combat Exoskeleton. It provides protection and encumbrance when attached and is fairly easy to attach and remove from armor. Click on the armor frame to attach it. All arm plates have the same armor and slowdown, meaning that only changing the chestplate makes significant armor difference. This armor appears to be marked as a Mjolnir armor piece.",,pending,译文含双引号
90ac31bd,modules/clothing/modular_armor/attachments/arm_plates.dm,98,desc,"Designed for use with the CrashCore MT/P Exoskeleton. It provides protection and encumbrance when attached and is fairly easy to attach and remove from armor. Click on the armor frame to attach it. All arm plates have the same armor and slowdown, meaning that only changing the chestplate makes significant armor difference. This armor appears to be marked as a 'Hephaestus' armor piece.",,pending,译文含双引号
8f0e4af4,modules/clothing/modular_armor/attachments/chest_plates.dm,14,desc,Designed for use with the Jaeger Combat Exoskeleton. It provides moderate protection and encumbrance when attached and is fairly easy to attach and remove from armor. Click on the armor frame to attach it. This armor appears to be marked as a Infantry armor piece.,,pending,译文含双引号
08f8dbef,modules/clothing/modular_armor/attachments/chest_plates.dm,21,desc,Designed for use with the Jaeger Combat Exoskeleton. It provides minor protection and encumbrance when attached and is fairly easy to attach and remove from armor. Click on the armor frame to attach it. This armor appears to be marked as a Skirmisher armor piece.,,pending,译文含双引号
e5093820,modules/clothing/modular_armor/attachments/chest_plates.dm,28,desc,Designed for use with the Jaeger Combat Exoskeleton. It provides minor protection and encumbrance when attached and is fairly easy to attach and remove from armor. Click on the armor frame to attach it. This armor appears to be marked as a Scout armor piece.,,pending,译文含双引号
c67fc88d,modules/clothing/modular_armor/attachments/chest_plates.dm,33,desc,Designed for use with the Jaeger Combat Exoskeleton. It provides minor protection and encumbrance when attached and is fairly easy to attach and remove from armor. Click on the armor frame to attach it. This armor appears to be marked as a Trooper armor piece.,,pending,译文含双引号
06bcb0c3,modules/clothing/modular_armor/attachments/chest_plates.dm,38,desc,Designed for use with the Jaeger Combat Exoskeleton. It provides high protection and encumbrance when attached and is fairly easy to attach and remove from armor. Click on the armor frame to attach it. This armor appears to be marked as a Assault armor piece.,,pending,译文含双引号
5d69967e,modules/clothing/modular_armor/attachments/chest_plates.dm,45,desc,Designed for use with the Jaeger Combat Exoskeleton. It provides moderate protection and encumbrance when attached and is fairly easy to attach and remove from armor. Click on the armor frame to attach it. This armor appears to be marked as a EVA armor piece.,,pending,译文含双引号
219e3063,modules/clothing/modular_armor/attachments/chest_plates.dm,50,desc,Designed for use with the Jaeger Combat Exoskeleton. It provides high protection and encumbrance when attached and is fairly easy to attach and remove from armor. Click on the armor frame to attach it. This armor appears to be marked as a EOD armor piece.,,pending,译文含双引号
3d0c3672,modules/clothing/modular_armor/attachments/chest_plates.dm,55,desc,Designed for use with the Jaeger Combat Exoskeleton. It provides moderate protection and encumbrance when attached and is fairly easy to attach and remove from armor. Click on the armor frame to attach it. This armor appears to be marked as a Hell Jumper armor piece.,,pending,译文含双引号
3d7ac4ce,modules/clothing/modular_armor/attachments/chest_plates.dm,60,desc,Designed for use with the Jaeger Combat Exoskeleton. It provides moderate protection and encumbrance when attached and is fairly easy to attach and remove from armor. Click on the armor frame to attach it. This armor appears to be marked as a Ranger armor piece.,,pending,译文含双引号
d98cd308,modules/clothing/modular_armor/attachments/chest_plates.dm,65,desc,Designed for use with the Jaeger Combat Exoskeleton. It provides moderate protection and encumbrance when attached and is fairly easy to attach and remove from armor. Click on the armor frame to attach it. This armor appears to be marked as a Mjolnir armor piece.,,pending,译文含双引号
ac49a119,modules/clothing/modular_armor/attachments/chest_plates.dm,110,desc,"Designed for use with the CrashCore MT/P Exoskeleton. It provides a very good amount protection, with the cost of encumbrance when attached and is fairly easy to attach and remove from armor. Click on the armor frame to attach it. Meaning that only changing the chestplate makes significant armor difference. This armor appears to be marked as a 'Clementia' armor piece.",,pending,译文含双引号
44e3ae59,modules/clothing/modular_armor/attachments/chest_plates.dm,116,desc,"Designed for use with the CrashCore MT/P Exoskeleton. It provides a very good amount protection, with the cost of encumbrance when attached and is fairly easy to attach and remove from armor. Click on the armor frame to attach it. Meaning that only changing the chestplate makes significant armor difference. This armor appears to be marked as a 'Hephaestus' armor piece.",,pending,译文含双引号
a532a615,modules/clothing/modular_armor/attachments/leg_plates.dm,14,desc,"Designed for use with the Jaeger Combat Exoskeleton. It provides protection and encumbrance when attached and is fairly easy to attach and remove from armor. Click on the armor frame to attach it. All leg plates have the same armor and slowdown, meaning that only changing the chestplate makes significant armor difference. This armor appears to be marked as a Infantry armor piece.",,pending,译文含双引号
0e15f29d,modules/clothing/modular_armor/attachments/leg_plates.dm,20,desc,"Designed for use with the Jaeger Combat Exoskeleton. It provides protection and encumbrance when attached and is fairly easy to attach and remove from armor. Click on the armor frame to attach it. All leg plates have the same armor and slowdown, meaning that only changing the chestplate makes significant armor difference. This armor appears to be marked as a Skirmisher armor piece.",,pending,译文含双引号
a59213f6,modules/clothing/modular_armor/attachments/leg_plates.dm,25,desc,"Designed for use with the Jaeger Combat Exoskeleton. It provides protection and encumbrance when attached and is fairly easy to attach and remove from armor. Click on the armor frame to attach it. All leg plates have the same armor and slowdown, meaning that only changing the chestplate makes significant armor difference. This armor appears to be marked as a Scout armor piece.",,pending,译文含双引号
8c8326cf,modules/clothing/modular_armor/attachments/leg_plates.dm,30,desc,"Designed for use with the Jaeger Combat Exoskeleton. It provides protection and encumbrance when attached and is fairly easy to attach and remove from armor. Click on the armor frame to attach it. All leg plates have the same armor and slowdown, meaning that only changing the chestplate makes significant armor difference. This armor appears to be marked as a Assault armor piece.",,pending,译文含双引号
bd431fc5,modules/clothing/modular_armor/attachments/leg_plates.dm,35,desc,"Designed for use with the Jaeger Combat Exoskeleton. It provides protection and encumbrance when attached and is fairly easy to attach and remove from armor. Click on the armor frame to attach it. All leg plates have the same armor and slowdown, meaning that only changing the chestplate makes significant armor difference. This armor appears to be marked as a EVA armor piece.",,pending,译文含双引号
cfeef845,modules/clothing/modular_armor/attachments/leg_plates.dm,40,desc,"Designed for use with the Jaeger Combat Exoskeleton. It provides protection and encumbrance when attached and is fairly easy to attach and remove from armor. Click on the armor frame to attach it. All leg plates have the same armor and slowdown, meaning that only changing the chestplate makes significant armor difference. This armor appears to be marked as a EOD armor piece.",,pending,译文含双引号
3e3bc812,modules/clothing/modular_armor/attachments/leg_plates.dm,45,desc,"Designed for use with the Jaeger Combat Exoskeleton. It provides protection and encumbrance when attached and is fairly easy to attach and remove from armor. Click on the armor frame to attach it. All leg plates have the same armor and slowdown, meaning that only changing the chestplate makes significant armor difference. This armor appears to be marked as a Hell Jumper armor piece.",,pending,译文含双引号
886feaf7,modules/clothing/modular_armor/attachments/leg_plates.dm,50,desc,"Designed for use with the Jaeger Combat Exoskeleton. It provides protection and encumbrance when attached and is fairly easy to attach and remove from armor. Click on the armor frame to attach it. All leg plates have the same armor and slowdown, meaning that only changing the chestplate makes significant armor difference. This armor appears to be marked as a Ranger armor piece.",,pending,译文含双引号
bd3dcdb6,modules/clothing/modular_armor/attachments/leg_plates.dm,55,desc,"Designed for use with the Jaeger Combat Exoskeleton. It provides protection and encumbrance when attached and is fairly easy to attach and remove from armor. Click on the armor frame to attach it. All leg plates have the same armor and slowdown, meaning that only changing the chestplate makes significant armor difference. This armor appears to be marked as a Trooper armor piece.",,pending,译文含双引号
3df5de84,modules/clothing/modular_armor/attachments/leg_plates.dm,100,desc,"Designed for use with the CrashCore MT/P Exoskeleton. It provides protection and encumbrance when attached and is fairly easy to attach and remove from armor. Click on the armor frame to attach it. All leg plates have the same armor and slowdown, meaning that only changing the chestplate makes significant armor difference. This armor appears to be marked as a 'Hephaestus' armor piece.",,pending,译文含双引号
834a2647,modules/clothing/modular_armor/attachments/modules.dm,653,to_chat,You toggle \the [src]. [active ? ,,pending,{'[未闭合的方括号表达式]'}
f73f09aa,modules/clothing/modular_armor/attachments/modules.dm,706,to_chat,You toggle \the [src]. [active ? ,,pending,{'[未闭合的方括号表达式]'}
5d11a7d5,modules/clothing/modular_armor/attachments/modules.dm,483,desc,"A sophisticated shielding unit, designed to disperse the energy of incoming impacts, rendering them harmless to the user. If it sustains too much it will deactivate, and leave the user vulnerable. It is unclear if this was a purely  SOM designed module, or whether it was reverse engineered from the TGMC's 'Svalinn' shield system which was developed around the same time.",,pending,译文含双引号
a5b8911c,modules/clothing/modular_armor/attachments/visors.dm,46,to_chat,You turn [ visor_emissive_on ? ,,pending,{'[未闭合的方括号表达式]'}
52ff6c97,modules/clothing/modular_armor/attachments/visors.dm,131,name,\improper Jaeger Pattern Gungnir visor,,pending,译文含双引号
9949e1b8,modules/clothing/modular_armor/jaeger.dm,267,name,Crasher MT/41 'Clementia' helmet,,pending,译文含双引号
27666f8b,modules/clothing/modular_armor/jaeger.dm,6,desc,A Infantry-pattern Jaeger combat exoskeleton made to work with modular attachments for the ability to function in many enviroments. This one seems to have a moderate amount of armor plating. Alt-Click to remove attached items. Use it to toggle the built-in flashlight.,,pending,译文含双引号
0d9354c7,modules/clothing/modular_armor/jaeger.dm,62,desc,A Ranger-pattern Jaeger combat exoskeleton made to work with modular attachments for the ability to function in many enviroments. This one seems to have a moderate amount of armor plating. Alt-Click to remove attached items. Use it to toggle the built-in flashlight.,,pending,译文含双引号
2aa2c209,modules/clothing/modular_armor/jaeger.dm,76,desc,A Skirmisher-pattern Jaeger combat exoskeleton made to work with modular attachments for the ability to function in many enviroments. This one seems to have a light amount of armor plating. Alt-Click to remove attached items. Use it to toggle the built-in flashlight.,,pending,译文含双引号
af26b3f6,modules/clothing/modular_armor/jaeger.dm,81,desc,A Trooper-pattern Jaeger combat exoskeleton made to work with modular attachments for the ability to function in many enviroments. This one seems to have a light amount of armor plating. Alt-Click to remove attached items. Use it to toggle the built-in flashlight.,,pending,译文含双引号
9665e3ef,modules/clothing/modular_armor/jaeger.dm,99,desc,A EOD-pattern Jaeger combat exoskeleton made to work with modular attachments for the ability to function in many enviroments. This one seems to have a high amount of armor plating. Alt-Click to remove attached items. Use it to toggle the built-in flashlight.,,pending,译文含双引号
4ccdda4f,modules/clothing/modular_armor/jaeger.dm,105,desc,Usually paired with the Jaeger Combat Exoskeleton. Can mount utility functions on the helmet hard points. Has Infantry markings.,,pending,译文含双引号
92ddf0c2,modules/clothing/modular_armor/jaeger.dm,163,desc,Usually paired with the Jaeger Combat Exoskeleton. Can mount utility functions on the helmet hard points. Has EVA markings.,,pending,译文含双引号
6b915be2,modules/clothing/modular_armor/jaeger.dm,173,desc,Usually paired with the Jaeger Combat Exoskeleton. Can mount utility functions on the helmet hard points. Has Skirmisher markings.,,pending,译文含双引号
c3148c7e,modules/clothing/modular_armor/jaeger.dm,179,desc,Usually paired with the Jaeger Combat Exoskeleton. Can mount utility functions on the helmet hard points. Has Scout markings,,pending,译文含双引号
5bb96b35,modules/clothing/modular_armor/jaeger.dm,191,desc,Usually paired with the Jaeger Combat Exoskeleton. Can mount utility functions on the helmet hard points. Has Assault markings.,,pending,译文含双引号
4a20bb4a,modules/clothing/modular_armor/jaeger.dm,197,desc,Usually paired with the Jaeger Combat Exoskeleton. Can mount utility functions on the helmet hard points. Has EOD markings,,pending,译文含双引号
70122b82,modules/clothing/modular_armor/jaeger.dm,203,desc,Usually paired with the Jaeger Combat Exoskeleton. Can mount utility functions on the helmet hard points. Has Helljumper markings,,pending,译文含双引号
e65d8d2f,modules/clothing/modular_armor/jaeger.dm,222,desc,Usually paired with the Jaeger Combat Exoskeleton. Can mount utility functions on the helmet hard points. Has Trooper markings,,pending,译文含双引号
58414007,modules/clothing/modular_armor/jaeger.dm,228,desc,Usually paired with the Jaeger Combat Exoskeleton. Can mount utility functions on the helmet hard points. Has Mjolnir markings but explosing the lower jaw.,,pending,译文含双引号
5b47c2af,modules/clothing/modular_armor/jaeger.dm,262,desc,Usually paired with the CrashCore MT/P modular exoskeleton. Can mount utility functions on the helmet hard points. Has 'Phobos' markings,,pending,译文含双引号
fb64857e,modules/clothing/modular_armor/jaeger.dm,268,desc,Usually paired with the CrashCore MT/P modular exoskeleton. Can mount utility functions on the helmet hard points. Has 'Clementia' markings,,pending,译文含双引号
021cadd9,modules/clothing/modular_armor/jaeger.dm,274,desc,Usually paired with the CrashCore MT/P modular exoskeleton. Can mount utility functions on the helmet hard points. Has 'Hephaestus' markings,,pending,译文含双引号
538873b5,modules/clothing/modular_armor/mark_one.dm,59,name,\improper Jaeger Mk.I Pattern EVA 'Skull' Helmet,,pending,译文含双引号
d8816614,modules/clothing/modular_armor/mark_one.dm,4,desc,Usually paired with the Jaeger Combat Exoskeleton. Can mount utility functions on the helmet hard points. Has Infantry markings.,,pending,译文含双引号
bd1e0c02,modules/clothing/modular_armor/mark_one.dm,47,desc,Usually paired with the Jaeger Combat Exoskeleton. Can mount utility functions on the helmet hard points.,,pending,译文含双引号
8bf20059,modules/clothing/modular_armor/mark_one.dm,54,desc,Usually paired with the Jaeger Combat Exoskeleton. Can mount utility functions on the helmet hard points. Has EVA markings.,,pending,译文含双引号
e425bbdd,modules/clothing/modular_armor/mark_one.dm,64,desc,Usually paired with the Jaeger Combat Exoskeleton. Can mount utility functions on the helmet hard points. Has Skirmisher markings.,,pending,译文含双引号
be69e886,modules/clothing/modular_armor/mark_one.dm,70,desc,Usually paired with the Jaeger Combat Exoskeleton. Can mount utility functions on the helmet hard points. Has Scout markings,,pending,译文含双引号
69746aed,modules/clothing/modular_armor/mark_one.dm,76,desc,Usually paired with the Jaeger Combat Exoskeleton. Can mount utility functions on the helmet hard points. Has Assault markings.,,pending,译文含双引号
d477118f,modules/clothing/modular_armor/mark_one.dm,82,desc,Usually paired with the Jaeger Combat Exoskeleton. Can mount utility functions on the helmet hard points. Has EOD markings.,,pending,译文含双引号
15998da6,modules/clothing/modular_armor/mark_one.dm,88,desc,Usually paired with the Jaeger Combat Exoskeleton. Can mount utility functions on the helmet hard points. Has Mjolnir markings.,,pending,译文含双引号
43d560ec,modules/clothing/modular_armor/modular.dm,256,desc,"FleckTex Dynamics brand new modular hardsuit exoskeleton, designed for full compatiability with jaeger modules. Comes with pre-installed light armour-plating and a shoulder lamp. Mount armor pieces to it by clicking on the frame with the components. Use Alt-Click to remove any attached items.",,pending,译文含双引号
1edab234,modules/clothing/modular_armor/modular.dm,307,desc,"CrashCore Industries modular hardsuit exoskeleton, made to lift up the 'Super-Heavy' armor system and designed for full compatiability with jaeger modules. Comes with pre-installed light armour-plating and a shoulder lamp. Mount armor pieces to it by clicking on the frame with the components. Use Alt-Click to remove any attached items.",,pending,译文含双引号
342b898f,modules/clothing/modular_armor/modular.dm,357,desc,Usually paired with the Jaeger Combat Exoskeleton. Can mount utility functions on the helmet hard points.,,pending,译文含双引号
2283f1db,modules/clothing/modular_armor/som.dm,191,desc,"A bulky suit of heavy combat armor, the M-35 'Gorgon' armor provides the user with superior protection without severely impacting mobility. Typically seen on SOM leaders or their most elite combat units due to the significant construction and maintenance requirements. You'll need serious firepower to punch through this. Alt-Click to remove attached items. Use it to toggle the built-in flashlight.",,pending,译文含双引号
7a59f4a3,modules/clothing/modular_armor/som.dm,227,desc,"A bulky suit of heavy combat armor, the M-35 'Gorgon' armor provides the user with superior protection without severely impacting mobility. The gold markings on this one signify it is worn by a high ranking field officer. You'll need serious firepower to punch through this. Alt-Click to remove attached items. Use it to toggle the built-in flashlight.",,pending,译文含双引号
b15378ad,modules/clothing/modular_armor/som.dm,295,desc,"A helmet paired with the 'Hades' armor module, designed for significantly improved protection from fire, without compromising normal durability.",,pending,译文含双引号
b3811f5f,modules/clothing/modular_armor/som.dm,311,desc,"A bulky helmet paired with the 'Lorica' armor module, designed for outstanding protection at the cost of significant weight and reduced flexibility. Substantial additional armor improves protection against all damage.",,pending,译文含双引号
f3b2b6d8,modules/clothing/modular_armor/style_line.dm,84,name,\improper Nice Hat,,pending,{'\\improper'}
1650a66e,modules/clothing/modular_armor/style_line.dm,149,desc,"A slouch hat, makes you feel down under, doesn't it? Has 'PROPERTY OF THE TGMC' markings under the hat.",,pending,译文含双引号
349ca4c2,modules/clothing/modular_armor/style_line.dm,173,desc,"A beanie, just looking at it makes you feel like an 'Oussama', or in better terms- A modern phenomenon of people suddenly needing to bench once they put on a beanie.",,pending,译文含双引号
e94b8ac6,modules/clothing/modular_armor/tdf.dm,341,desc,"A bulky helmet paired with the 'Tyr' armor module, for added on additional protection at the cost of significant weight and reduced flexibility.",,pending,译文含双引号
3a59d686,modules/clothing/modular_armor/tdf.dm,351,desc,"A bulky helmet with an integrated gas mask and a 'Surt' armor module for fireproofing, fielded to TDF flamethrower operators.",,pending,译文含双引号
54a54ad6,modules/clothing/modular_armor/tdf.dm,379,desc,"A distinct helmet paired with the 'Mimir' armor module for additional protection against biological attacks, helps indicate your a medic and also helps indicate you as a priority target.",,pending,译文含双引号
0ce59680,modules/clothing/modular_armor/xenonauten.dm,368,name,\improper M10XE pattern marine helmet,,pending,{'\\improper'}
2330d6d4,modules/clothing/modular_armor/xenonauten.dm,5,desc,"A XN-M vest, also known as Xenonauten, a set vest with modular attachments made to work in many enviroments. This one seems to be a medium variant. Alt-Click to remove attached items. Use it to toggle the built-in flashlight.",,pending,译文含双引号
399bddf9,modules/clothing/modular_armor/xenonauten.dm,161,desc,"A XN-H vest, also known as Xenonauten, a set vest with modular attachments made to work in many enviroments. This one seems to be a heavy variant. Alt-Click to remove attached items. Use it to toggle the built-in flashlight.",,pending,译文含双引号
0f729ea8,modules/clothing/modular_armor/xenonauten.dm,315,desc,"A standard M10 Pattern Helmet with attach points. It reads on the label, 'The difference between an open-casket and closed-casket funeral. Wear on head for best results.'.",,pending,译文含双引号
eb3d72e0,modules/clothing/shoes/marine_shoes.dm,159,name,\improper combat boots,,pending,{'\\improper'}
36c32b96,modules/clothing/spacesuits/standard_space_suits.dm,3,name,\improper TGMC Compression Helmet,,pending,{'\\improper'}
4870f405,modules/clothing/suits/jobs.dm,76,desc,This suit says to you 'hush'!,,pending,译文含双引号
1a749dd8,modules/clothing/suits/marine_armor.dm,390,name,\improper commissar coat,,pending,{'\\improper'}
f31a8cee,modules/clothing/suits/marine_armor.dm,780,name,\improper Modelle/22 'Cuirassier' combat armor,,pending,译文含双引号
6bd5523b,modules/clothing/suits/marine_armor.dm,775,desc,"A piece of ICCGF body armor, worn by specialized infantry. Most Infantry actions in the ICC forces are done by adhoc personnel due to constant shortages of manpower, however most real Infantry divisions are of high quality, and are better known as 'Guardsmen'.  Protects well from most sources, and will entirely protect from explosions.",,pending,译文含双引号
0ea9c065,modules/clothing/suits/marine_armor.dm,781,desc,"A piece of ICCGF body armor, worn by specialized infantry. Most Infantry actions in the ICC forces are done by adhoc personnel due to constant shortages of manpower, however most real Infantry divisions are of high quality, and are better known as 'Guardsmen'.  Protects well from most sources, and will entirely protect from explosions.",,pending,译文含双引号
ccf7d1e0,modules/clothing/under/color.dm,32,desc,"It's standardised prisoner-wear. Its suit sensors are stuck in the \""Fully On\"" position.",,pending,译文含双引号
c1e7ab5b,modules/clothing/under/jobs/civilian.dm,12,desc,"It's a blue jumpsuit with some gold markings denoting the rank of \""Captain\"".",,pending,译文含双引号
5eb7a2b7,modules/clothing/under/jobs/civilian.dm,61,desc,"It's a jumpsuit worn by someone who works in the position of \""Head of Personnel\"".",,pending,译文含双引号
3ebe99fc,modules/clothing/under/jobs/engineering.dm,3,desc,"It's a high visibility jumpsuit given to those engineers insane enough to achieve the rank of \""Chief engineer\"". It has minor radiation shielding.",,pending,译文含双引号
a1c5047d,modules/clothing/under/jobs/medsci.dm,5,desc,"It's a jumpsuit worn by those with the know-how to achieve the position of \""Research Director\"". Its fabric provides minor protection from biological contaminants.",,pending,译文含双引号
103ab4d5,modules/clothing/under/jobs/medsci.dm,39,desc,"It's a jumpsuit worn by those with the experience to be \""Chief Medical Officer\"". It provides minor biological protection.",,pending,译文含双引号
f30485a6,modules/clothing/under/jobs/security.dm,99,desc,"It's a jumpsuit worn by those few with the dedication to achieve the position of \""Head of Security\"". It has additional armor to protect the wearer.",,pending,译文含双引号
c4a04342,modules/clothing/under/marine_uniform.dm,5,name,\improper TGMC uniform,,pending,{'\\improper'}
f2b98b28,modules/clothing/under/marine_uniform.dm,46,name,\improper TGMC Delta turtleneck,,pending,{'\\improper'}
1e3cac92,modules/clothing/under/marine_uniform.dm,54,name,\improper TGMC Delta turtleneck,,pending,{'\\improper'}
9d1b1915,modules/clothing/under/marine_uniform.dm,59,name,\improper TGMC Charlie turtleneck,,pending,{'\\improper'}
903da7e0,modules/clothing/under/marine_uniform.dm,64,name,\improper TGMC Bravo turtleneck,,pending,{'\\improper'}
a0d3e14c,modules/clothing/under/marine_uniform.dm,69,name,\improper TGMC Alpha turtleneck,,pending,{'\\improper'}
050f88d1,modules/clothing/under/marine_uniform.dm,76,name,\improper TGMC camo fatigues (jungle),,pending,{'\\improper'}
f10759ab,modules/clothing/under/marine_uniform.dm,84,name,\improper TGMC camo fatigues (desert),,pending,{'\\improper'}
e2b01b20,modules/clothing/under/marine_uniform.dm,88,name,\improper TGMC corpsman fatigues,,pending,{'\\improper'}
e6f98c5b,modules/clothing/under/marine_uniform.dm,96,name,\improper TGMC engineer fatigues,,pending,{'\\improper'}
eeb1e2cb,modules/clothing/under/marine_uniform.dm,104,name,\improper TGMC jaeger undersuit,,pending,{'\\improper'}
abf7abfc,modules/clothing/under/marine_uniform.dm,288,name,\improper TGMC service uniform,,pending,{'\\improper'}
6e5014cb,modules/clothing/under/marine_uniform.dm,314,name,\improper commissar uniform,,pending,{'\\improper'}
d8335654,modules/clothing/under/marine_uniform.dm,450,name,\improper De Void of Soul,,pending,{'\\improper'}
e305af06,modules/clothing/under/marine_uniform.dm,172,desc,"A kevlar-weaved, hazmat-tested, EMF-augmented, yet extra-soft and extra-light officer uniform. You suspect it's not as extra-fancy as advertised.",,pending,译文含双引号
7525f76a,modules/clothing/under/marine_uniform.dm,185,desc,"A kevlar-weaved, hazmat-tested, EMF-augmented, yet extra-soft and extra-light officer uniform. You suspect it's not as extra-fancy as advertised.",,pending,译文含双引号
b40f8255,modules/clothing/under/miscellaneous.dm,57,name,\improper CentCom officer's jumpsuit,,pending,{'\\improper'}
7bc4243f,modules/clothing/under/miscellaneous.dm,64,name,\improper CentCom officer's jumpsuit,,pending,{'\\improper'}
3d9a56e8,modules/economy/ATM.dm,217,to_chat,"[icon2html(src, usr)][span_info(",,pending,{'[未闭合的方括号表达式]'}
6e986424,modules/economy/ATM.dm,230,to_chat,"[icon2html(src, usr)][span_warning(",,pending,{'[未闭合的方括号表达式]'}
bd1cc219,modules/economy/ATM.dm,233,to_chat,"[icon2html(src, usr)][span_warning(",,pending,{'[未闭合的方括号表达式]'}
592edf35,modules/economy/ATM.dm,319,to_chat,"[icon2html(src, usr)][span_warning(",,pending,{'[未闭合的方括号表达式]'}
c77ab34c,modules/economy/ATM.dm,344,to_chat,"[icon2html(src, usr)][span_warning(",,pending,{'[未闭合的方括号表达式]'}
867412e4,modules/economy/EFTPOS.dm,126,to_chat,"[icon2html(src, user)][span_warning(",,pending,{'[未闭合的方括号表达式]'}
32743cea,modules/economy/EFTPOS.dm,134,to_chat,"[icon2html(src, user)][span_warning(",,pending,{'[未闭合的方括号表达式]'}
c25f7f38,modules/economy/EFTPOS.dm,138,to_chat,"[icon2html(src, user)][span_warning(",,pending,{'[未闭合的方括号表达式]'}
d4215de1,modules/economy/EFTPOS.dm,145,to_chat,"[icon2html(src, user)][span_warning(",,pending,{'[未闭合的方括号表达式]'}
13696db8,modules/economy/EFTPOS.dm,183,to_chat,"[icon2html(src, usr)][span_warning(",,pending,{'[未闭合的方括号表达式]'}
e6b058e7,modules/economy/EFTPOS.dm,190,to_chat,"[icon2html(src, usr)][span_warning(",,pending,{'[未闭合的方括号表达式]'}
3874fa7c,modules/economy/EFTPOS.dm,198,to_chat,"[icon2html(src, usr)][span_warning(",,pending,{'[未闭合的方括号表达式]'}
bf0dcd60,modules/economy/EFTPOS.dm,200,to_chat,"[icon2html(src, usr)][span_warning(",,pending,{'[未闭合的方括号表达式]'}
b4310a64,modules/economy/EFTPOS.dm,223,to_chat,"[icon2html(src, usr)][span_warning(",,pending,{'[未闭合的方括号表达式]'}
657640ee,modules/economy/EFTPOS.dm,230,to_chat,"[icon2html(src, usr)][span_warning(",,pending,{'[未闭合的方括号表达式]'}
c592c71b,modules/economy/EFTPOS.dm,238,to_chat,"[icon2html(src, usr)][span_info(",,pending,{'[未闭合的方括号表达式]'}
d0e3ebe5,modules/economy/EFTPOS.dm,288,to_chat,"[icon2html(src, usr)][span_warning(",,pending,{'[未闭合的方括号表达式]'}
47d7ddde,modules/economy/EFTPOS.dm,290,to_chat,"[icon2html(src, usr)][span_warning(",,pending,{'[未闭合的方括号表达式]'}
d94f0479,modules/economy/EFTPOS.dm,292,to_chat,"[icon2html(src, usr)][span_warning(",,pending,{'[未闭合的方括号表达式]'}
e812d90a,modules/economy/EFTPOS.dm,294,to_chat,"[icon2html(src, usr)][span_warning(",,pending,{'[未闭合的方括号表达式]'}
c0689761,modules/economy/EFTPOS.dm,296,to_chat,"[icon2html(src, usr)][span_warning(",,pending,{'[未闭合的方括号表达式]'}
507de954,modules/error_handler/error_viewer.dm,139,name,\[[time_stamp()]] Uncaught exceptions,,pending,{'\\['}
9c936abb,modules/error_handler/error_viewer.dm,171,name,"\[[time_stamp()]] Skipped [skip_count] runtimes in [e.file],[e.line].",,pending,{'\\['}
b578197b,modules/factory/machines.dm,35,balloon_alert,[anchored ? ,,pending,{'[未闭合的方括号表达式]'}
9d4002d5,modules/factory/unboxer.dm,50,balloon_alert,[anchored ? ,,pending,{'[未闭合的方括号表达式]'}
cf8e455a,modules/factory/unboxer.dm,177,desc,"A box with round metal plates inside. Used to refill Unboxers. These will become 'Pizzas', once finished.",,pending,译文含双引号
8607b238,modules/flufftext/Hallucination.dm,164,to_chat,[xeno.name] begins climbing into the ventilation system...,,pending,{'[xeno.name]'}
adeb7016,modules/flufftext/Hallucination.dm,166,to_chat,[xeno.name] scrambles into the ventilation ducts!,,pending,{'[xeno.name]'}
45b68329,modules/flufftext/Hallucination.dm,316,to_chat,"<b>DEAD: [fakemob.name]</b> says, \""[pick(",,pending,{'[未闭合的方括号表达式]'}
051ce30c,modules/food_and_drinks/kitchen_machinery/griddle.dm,109,balloon_alert,[anchored ? ,,pending,{'[未闭合的方括号表达式]'}
4d211368,modules/food_and_drinks/kitchen_machinery/griddle.dm,113,balloon_alert,[anchored ? ,,pending,{'[未闭合的方括号表达式]'}
11b1fdc0,modules/food_and_drinks/kitchen_machinery/grill.dm,143,balloon_alert,[anchored ? ,,pending,{'[未闭合的方括号表达式]'}
0ee45e15,modules/food_and_drinks/kitchen_machinery/grill.dm,148,balloon_alert,[anchored ? ,,pending,{'[未闭合的方括号表达式]'}
7d8b7328,modules/hydroponics/grown_inedible.dm,130,desc,The <span class='warning'> glowing \black nettle incites <span class='warning'><B>rage</B>\black in you just from looking at it!</span>,,pending,{'\\black'}
8b27349b,modules/hydroponics/hydro_tray.dm,620,to_chat,You [anchored ? ,,pending,{'[未闭合的方括号表达式]'}
d2a7d252,modules/hydroponics/hydro_tray.dm,635,to_chat,[src] has [span_notice(,,pending,{'[未闭合的方括号表达式]'}
4db211af,modules/hydroponics/hydro_tray.dm,637,to_chat,The plant looks [span_warning(,,pending,{'[未闭合的方括号表达式]'}
b3d12991,modules/hydroponics/hydro_tray.dm,643,to_chat,[src] is [span_warning(,,pending,{'[未闭合的方括号表达式]'}
c969a355,modules/hydroponics/hydro_tray.dm,645,to_chat,[src] is [span_warning(,,pending,{'[未闭合的方括号表达式]'}
2e5e868f,modules/hydroponics/hydro_tray.dm,657,to_chat,You [closed_system ? ,,pending,{'[未闭合的方括号表达式]'}
a758c220,modules/hydroponics/seed_datums.dm,548,to_chat,You [harvest_sample ? ,,pending,{'[未闭合的方括号表达式]'}
0e191b81,modules/hydroponics/seed_datums.dm,320,visible_message,\The [display_name] shudders hungrily.,,pending,{'\\The'}
36e25e8b,modules/hydroponics/seed_machines.dm,97,to_chat,You [open ? ,,pending,{'[未闭合的方括号表达式]'}
ba485eb2,modules/hydroponics/vines.dm,126,to_chat,The vines [pick(,,pending,{'[未闭合的方括号表达式]'}
fc1e5c7b,modules/hydroponics/vines.dm,137,to_chat,\The [src] pierces your flesh greedily!,,pending,{'\\The'}
82337a5f,modules/instruments/items.dm,53,desc,"A wooden musical instrument with four strings and a bow. \""The devil went down to space, he was looking for an assistant to grief.\""",,pending,译文含双引号
63bdfccd,modules/instruments/items.dm,61,desc,"A golden musical instrument with four strings and a bow. \""The devil went down to space, he was looking for an assistant to grief.\""",,pending,译文含双引号
a77c2d47,modules/mob/camera/imaginary_friend.dm,129,to_chat,You have [xeno_mobhud ? ,,pending,{'[未闭合的方括号表达式]'}
6f31a708,modules/mob/camera/imaginary_friend.dm,142,to_chat,You have [med_squad_mobhud ? ,,pending,{'[未闭合的方括号表达式]'}
a799d960,modules/mob/dead/observer/observer.dm,403,to_chat,[hud_choice] [ghost_medhud ? ,,pending,{'[未闭合的方括号表达式]'}
14d5b436,modules/mob/dead/observer/observer.dm,410,to_chat,[hud_choice] [ghost_sechud ? ,,pending,{'[未闭合的方括号表达式]'}
58cb3775,modules/mob/dead/observer/observer.dm,419,to_chat,[hud_choice] [ghost_squadhud ? ,,pending,{'[未闭合的方括号表达式]'}
1793003e,modules/mob/dead/observer/observer.dm,426,to_chat,[hud_choice] [ghost_xenohud ? ,,pending,{'[未闭合的方括号表达式]'}
0c7c4b48,modules/mob/dead/observer/observer.dm,433,to_chat,[hud_choice] [ghost_orderhud ? ,,pending,{'[未闭合的方括号表达式]'}
9dc9840b,modules/mob/dead/observer/observer.dm,567,to_chat,You [(ghost_vision ? ,,pending,{'[未闭合的方括号表达式]'}
c3d02616,modules/mob/dead/observer/observer.dm,811,visible_message,[span_name(,,pending,{'[未闭合的方括号表达式]'}
0562f30f,modules/mob/living/brain/MMI.dm,53,to_chat,You [locked ? ,,pending,{'[未闭合的方括号表达式]'}
a4b6ec49,modules/mob/living/brain/MMI.dm,113,to_chat,Radio is [radio.broadcasting==1 ? ,,pending,{'[未闭合的方括号表达式]'}
6f1795b2,modules/mob/living/brain/MMI.dm,126,to_chat,Radio is [radio.listening==1 ? ,,pending,{'[未闭合的方括号表达式]'}
52aa1fe6,modules/mob/living/carbon/carbon.dm,16,to_chat,<b>[span_deadsay(,,pending,{'[未闭合的方括号表达式]'}
4a8879c7,modules/mob/living/carbon/carbon_stripping.dm,146,balloon_alert,[strapped ? ,,pending,{'[未闭合的方括号表达式]'}
8412270d,modules/mob/living/carbon/human/human.dm,375,to_chat,<b>Name:</b> [security_record.fields[,,pending,{'[未闭合的方括号表达式]'}
655fd64a,modules/mob/living/carbon/human/human.dm,376,to_chat,<b>Minor Crimes:</b> [security_record.fields[,,pending,{'[未闭合的方括号表达式]'}
a58cb96b,modules/mob/living/carbon/human/human.dm,377,to_chat,<b>Details:</b> [security_record.fields[,,pending,{'[未闭合的方括号表达式]'}
6c2038f6,modules/mob/living/carbon/human/human.dm,378,to_chat,<b>Major Crimes:</b> [security_record.fields[,,pending,{'[未闭合的方括号表达式]'}
a0542f3a,modules/mob/living/carbon/human/human.dm,379,to_chat,<b>Details:</b> [security_record.fields[,,pending,{'[未闭合的方括号表达式]'}
037fa3a9,modules/mob/living/carbon/human/human.dm,380,to_chat,<b>Notes:</b> [security_record.fields[,,pending,{'[未闭合的方括号表达式]'}
495dcaac,modules/mob/living/carbon/human/human.dm,381,to_chat,<a href='byond://?src=[text_ref(src)];secrecordComment=`'>\[View Comment Log\]</a>,,pending,{'[View Comment Log\\]'}
9de55e0b,modules/mob/living/carbon/human/human.dm,409,to_chat,[security_record.fields[,,pending,{'[未闭合的方括号表达式]'}
c378e0fa,modules/mob/living/carbon/human/human.dm,413,to_chat,<a href='byond://?src=[text_ref(src)];secrecordadd=`'>\[Add comment\]</a>,,pending,{'[Add comment\\]'}
58a0ae66,modules/mob/living/carbon/human/human.dm,503,to_chat,<b>Name:</b> [medical_record.fields[,,pending,{'[未闭合的方括号表达式]'}
571600fc,modules/mob/living/carbon/human/human.dm,504,to_chat,<b>DNA:</b> [medical_record.fields[,,pending,{'[未闭合的方括号表达式]'}
e9bb6d06,modules/mob/living/carbon/human/human.dm,505,to_chat,<b>Minor Disabilities:</b> [medical_record.fields[,,pending,{'[未闭合的方括号表达式]'}
9e4da40a,modules/mob/living/carbon/human/human.dm,506,to_chat,<b>Details:</b> [medical_record.fields[,,pending,{'[未闭合的方括号表达式]'}
a3371873,modules/mob/living/carbon/human/human.dm,507,to_chat,<b>Major Disabilities:</b> [medical_record.fields[,,pending,{'[未闭合的方括号表达式]'}
437a192f,modules/mob/living/carbon/human/human.dm,508,to_chat,<b>Details:</b> [medical_record.fields[,,pending,{'[未闭合的方括号表达式]'}
b6e48739,modules/mob/living/carbon/human/human.dm,509,to_chat,<b>Notes:</b> [medical_record.fields[,,pending,{'[未闭合的方括号表达式]'}
d690b99e,modules/mob/living/carbon/human/human.dm,510,to_chat,<a href='byond://?src=[text_ref(src)];medrecordComment=`'>\[View Comment Log\]</a>,,pending,{'[View Comment Log\\]'}
199cda53,modules/mob/living/carbon/human/human.dm,539,to_chat,[medical_record.fields[,,pending,{'[未闭合的方括号表达式]'}
f1c48c26,modules/mob/living/carbon/human/human.dm,543,to_chat,<a href='byond://?src=[text_ref(src)];medrecordadd=`'>\[Add comment\]</a>,,pending,{'[Add comment\\]'}
b9f335fc,modules/mob/living/carbon/human/human.dm,732,to_chat,[self ? ,,pending,{'[未闭合的方括号表达式]'}
e036e18d,modules/mob/living/carbon/human/human.dm,737,to_chat,You must[self ? ,,pending,{'[未闭合的方括号表达式]'}
ce11da5f,modules/mob/living/carbon/human/human.dm,743,to_chat,[self ? ,,pending,{'[未闭合的方括号表达式]'}
d4c9cd02,modules/mob/living/carbon/human/human_attackhand.dm,211,visible_message,[src] examines [p_them()]sel[gender == PLURAL ? ,,pending,{'[未闭合的方括号表达式]'}
7ec9a894,modules/mob/living/carbon/human/human_defense.dm,463,visible_message,\The [user] patches some dents on [src]'s [affecting.display_name].,,pending,{'\\The'}
4dc69251,modules/mob/living/carbon/human/human_helpers.dm,181,to_chat,There is no exposed flesh or thin material [target_zone == ,,pending,{'[未闭合的方括号表达式]'}
ea4f9d4f,modules/mob/living/carbon/human/life/handle_shock.dm,15,to_chat,[pick(,,pending,{'[未闭合的方括号表达式]'}
a7d89b4c,modules/mob/living/carbon/human/life/handle_shock.dm,18,to_chat,[pick(,,pending,{'[未闭合的方括号表达式]'}
e155c315,modules/mob/living/carbon/human/life/handle_shock.dm,22,to_chat,[pick(,,pending,{'[未闭合的方括号表达式]'}
f0acbd0f,modules/mob/living/carbon/human/life/handle_shock.dm,35,to_chat,[pick(,,pending,{'[未闭合的方括号表达式]'}
37a1a6b6,modules/mob/living/carbon/human/life/handle_shock.dm,42,to_chat,[pick(,,pending,{'[未闭合的方括号表达式]'}
b9d9a519,modules/mob/living/carbon/human/life/handle_shock.dm,49,to_chat,[pick(,,pending,{'[未闭合的方括号表达式]'}
0a64f00e,modules/mob/living/carbon/human/life/handle_shock.dm,56,to_chat,[pick(,,pending,{'[未闭合的方括号表达式]'}
9abc34aa,modules/mob/living/carbon/xenomorph/abilities.dm,1021,to_chat,"You hear a strange, alien voice in your head. <i>\""[msg]\""</i>",,pending,译文含双引号
b3aa58fc,modules/mob/living/carbon/xenomorph/abilities.dm,401,visible_message,\The [xeno_owner] regurgitates a thick substance and shapes it into \a [initial(AM.name)]!,,pending,{'\\The'}
ed70b0cd,modules/mob/living/carbon/xenomorph/abilities.dm,671,visible_message,\The [xeno_owner] vomits globs of vile stuff all over \the [A]. It begins to sizzle and melt under the bubbling mess of acid!,,pending,{'\\The'}
79a9815a,modules/mob/living/carbon/xenomorph/abilities.dm,1200,visible_message,\The [xeno_owner] begins opening its mouth and extending a second jaw towards \the [victim].,,pending,{'\\The'}
70558ebd,modules/mob/living/carbon/xenomorph/abilities.dm,1221,visible_message,\The [victim]'s life force is drained by \the [xeno_owner]!,,pending,{'\\The'}
87b13d66,modules/mob/living/carbon/xenomorph/abilities.dm,1303,visible_message,[xeno_owner] starts to devour [victim]!,,pending,{'[xeno_owner]'}
484ef275,modules/mob/living/carbon/xenomorph/castes/behemoth/abilities_behemoth.dm,287,balloon_alert,[lowertext(initial(name))] ready[current_charges > 1 ? ,,pending,{'[未闭合的方括号表达式]'}
6c889a7b,modules/mob/living/carbon/xenomorph/castes/behemoth/abilities_behemoth.dm,594,balloon_alert,[lowertext(initial(name))] ready[maximum_pillars > 1 ? ,,pending,{'[未闭合的方括号表达式]'}
455c576e,modules/mob/living/carbon/xenomorph/castes/boiler/abilities_boiler.dm,388,visible_message,\The [xeno_owner] launches a huge glob of gas hurling into the distance!,,pending,{'\\The'}
b6d78546,modules/mob/living/carbon/xenomorph/castes/boiler/abilities_boiler.dm,595,visible_message,[xeno_owner]'s body is spewing steam intensely!,,pending,{'[xeno_owner]'}
acf669f2,modules/mob/living/carbon/xenomorph/castes/boiler/abilities_boiler.dm,263,desc,[initial(desc)] Reduces bombard cooldown by [BOILER_BOMBARD_COOLDOWN_REDUCTION / 10] seconds for each stored. Begins to emit light when surpassing [xeno_owner.glob_luminosity_threshold] globs stored.,,pending,{'[initial(desc)]'}
030099a9,modules/mob/living/carbon/xenomorph/castes/carrier/abilities_carrier.dm,121,visible_message,\The [xeno_owner] throws something towards \the [A]!,,pending,{'\\The'}
2367ac05,modules/mob/living/carbon/xenomorph/castes/carrier/abilities_carrier.dm,452,visible_message,"\The [victim] loses [victim.p_their()] balance, falling to the side!",,pending,{'[victim.p_their()]'}
4e7ce52a,modules/mob/living/carbon/xenomorph/castes/crusher/mutations_crusher.dm,128,desc,Crest Toss's cooldown is set to 65/50/35% of its original cooldown if it was used on allies.,,pending,译文含双引号
39e22755,modules/mob/living/carbon/xenomorph/castes/defender/abilities_defender.dm,207,to_chat,We can [xeno_owner.crest_defense ? ,,pending,{'[未闭合的方括号表达式]'}
41f4346c,modules/mob/living/carbon/xenomorph/castes/defender/abilities_defender.dm,291,to_chat,We can [xeno_owner.fortify ? ,,pending,{'[未闭合的方括号表达式]'}
456cb9fe,modules/mob/living/carbon/xenomorph/castes/defender/mutations_defender.dm,282,desc,"You are no longer immobilized during Fortify. However, your move delay is increased by 1.2/1/0.8 seconds while it is active.",,pending,译文含双引号
3e2cb779,modules/mob/living/carbon/xenomorph/castes/defiler/abilities_defiler.dm,327,visible_message,"The stinger retracts from [xeno_owner], leaving the egg and little one alive.",,pending,{'[xeno_owner]'}
acf81196,modules/mob/living/carbon/xenomorph/castes/dragon/abilities_dragon.dm,111,visible_message,[xeno_owner] lifts [grabbed_human] into the air and gets ready to slam!,,pending,{'[xeno_owner]'}
0ff7defb,modules/mob/living/carbon/xenomorph/castes/dragon/abilities_dragon.dm,422,visible_message,[xeno_owner] exhales a massive fireball right ontop of [grabbed_human]!,,pending,"{'[grabbed_human]', '[xeno_owner]'}"
2e32f5a6,modules/mob/living/carbon/xenomorph/castes/drone/mutations_drone.dm,171,desc,Salve Heal has no cast time on your Essence Link partner if they qualify for bonus healing. Bonus healing multiplier is increased by an additive of 1/2/3.,,pending,译文含双引号
4fd23208,modules/mob/living/carbon/xenomorph/castes/gorger/abilities_gorger.dm,410,balloon_alert,linked to [xeno_owner],,pending,{'[xeno_owner]'}
685fae75,modules/mob/living/carbon/xenomorph/castes/hivelord/abilities_hivelord.dm,46,visible_message,\The [xeno_owner] starts breaking apart \the [recycled_xeno]'s carcass.,,pending,{'\\The'}
d15fc901,modules/mob/living/carbon/xenomorph/castes/hunter/abilities_hunter.dm,516,to_chat,"We sense our quarry <b>[mark.marked_target]</b> is currently located in <b>[AREACOORD_NO_Z(mark.marked_target)]</b> and is <b>[get_dist(xeno_owner, mark.marked_target)]</b> tiles away. It is <b>[calculate_mark_health(mark.marked_target)]</b> and <b>[mark.marked_target.status_flags & XENO_HOST ? ",,pending,{'[未闭合的方括号表达式]'}
e38c8f21,modules/mob/living/carbon/xenomorph/castes/hunter/abilities_hunter.dm,723,to_chat,We invade the mind of [victim_count] [victim_count > 1 ? ,,pending,{'[未闭合的方括号表达式]'}
a73f65ab,modules/mob/living/carbon/xenomorph/castes/hunter/mutations_hunter.dm,290,desc,The effects of Silence against your Hunter's Mark target last 2.5/2.75/3x as long.,,pending,set()
79a3ba90,modules/mob/living/carbon/xenomorph/castes/king/abilities_conqueror.dm,102,balloon_alert,[initial(name)] [toggled ? ,,pending,{'[未闭合的方括号表达式]'}
75f3ef87,modules/mob/living/carbon/xenomorph/castes/king/abilities_conqueror.dm,359,balloon_alert,Combo display [display_combos ? ,,pending,{'[未闭合的方括号表达式]'}
f361fb99,modules/mob/living/carbon/xenomorph/castes/praetorian/abilities_praetorian.dm,301,visible_message,\The [xeno_owner] violently spears \the [target_atom] with their tail!,,pending,{'\\The'}
f52e9f42,modules/mob/living/carbon/xenomorph/castes/praetorian/abilities_praetorian.dm,455,visible_message,\The [xeno_owner] swings the hook on its tail through the air!,,pending,{'\\The'}
705a5491,modules/mob/living/carbon/xenomorph/castes/puppeteer/abilities_puppeteer.dm,291,visible_message,[puppet] bloats and slowly unfurls its stitched body!,,pending,{'[puppet]'}
d673a27f,modules/mob/living/carbon/xenomorph/castes/puppeteer/abilities_puppeteer.dm,300,visible_message,"[puppet] ruptures, releasing corrosive acid!",,pending,{'[puppet]'}
daf0bfa1,modules/mob/living/carbon/xenomorph/castes/queen/abilities_queen.dm,25,to_chat,"That announcement contained a word prohibited in IC chat! Consider reviewing the server rules.\n<span replaceRegex='show_filtered_ic_chat'>\""[input]\""</span>",,pending,译文含双引号
8e9a274c,modules/mob/living/carbon/xenomorph/castes/queen/abilities_queen.dm,112,visible_message,\The [xeno_owner] emits an ear-splitting guttural roar!,,pending,{'\\The'}
8162b318,modules/mob/living/carbon/xenomorph/castes/queen/abilities_queen.dm,145,visible_message,\The [xeno_owner] emits an ear-splitting guttural roar!,,pending,{'\\The'}
e38e40c4,modules/mob/living/carbon/xenomorph/castes/queen/abilities_queen.dm,157,visible_message,\The [xeno_owner] emits an ear-splitting guttural roar!,,pending,{'\\The'}
622b5f2b,modules/mob/living/carbon/xenomorph/castes/ravager/abilities_ravager.dm,679,to_chat,You will now[xeno_owner.vampirism ? ,,pending,{'[未闭合的方括号表达式]'}
aa1c1c7d,modules/mob/living/carbon/xenomorph/castes/ravager/mutations_ravager.dm,90,desc,Endure no longer grants stagger immunity nor can be activated while staggered. Endure grants 10/15/20 all soft armor while active.,,pending,译文含双引号
ec6c2011,modules/mob/living/carbon/xenomorph/castes/runner/abilities_runner.dm,222,to_chat,"We take evasive action, making us impossible to hit.",,pending,set()
a35f3ea4,modules/mob/living/carbon/xenomorph/castes/runner/abilities_runner.dm,280,to_chat,The searing fire compromises our ability to dodge![RUNNER_EVASION_COOLDOWN_REFRESH_THRESHOLD - evasion_stacks > 0 ? ,,pending,{'[未闭合的方括号表达式]'}
8d501768,modules/mob/living/carbon/xenomorph/castes/runner/abilities_runner.dm,56,balloon_alert,Savage [savage_activated ? ,,pending,{'[未闭合的方括号表达式]'}
8e7f54cb,modules/mob/living/carbon/xenomorph/castes/runner/abilities_runner.dm,192,balloon_alert,Auto Evasion [auto_evasion ? ,,pending,{'[未闭合的方括号表达式]'}
f5a23bf0,modules/mob/living/carbon/xenomorph/castes/shrike/mutations_shrike.dm,46,desc,20/35/50% of the health restored from Psychic Cure is reapplied to you.,,pending,set()
cb78f334,modules/mob/living/carbon/xenomorph/castes/spitter/abilities_spitter.dm,262,visible_message,\The [owner] throws something towards \the [target]!,,pending,"{'\\The', '\\the'}"
3986064d,modules/mob/living/carbon/xenomorph/castes/warrior/abilities_warrior.dm,420,balloon_alert,[fling_action ? ,,pending,{'[未闭合的方括号表达式]'}
23f3f331,modules/mob/living/carbon/xenomorph/castes/warrior/abilities_warrior.dm,730,balloon_alert,[initial(name)] ready[current_charges > 1 ? ,,pending,{'[未闭合的方括号表达式]'}
9a3bf997,modules/mob/living/carbon/xenomorph/castes/widow/abilities_widow.dm,129,visible_message,\The [xeno_attacker] starts to pull in the leashes from \the [src]!,,pending,{'\\The'}
1d104610,modules/mob/living/carbon/xenomorph/castes/widow/abilities_widow.dm,134,visible_message,\The [xeno_attacker] yanks all the leashes from \the [src]!,,pending,{'\\The'}
9ef65996,modules/mob/living/carbon/xenomorph/castes/widow/abilities_widow.dm,143,visible_message,\The [xeno_attacker] starts tearing down \the [src]!,,pending,{'\\The'}
fda0a14d,modules/mob/living/carbon/xenomorph/castes/widow/abilities_widow.dm,147,visible_message,\The [xeno_attacker] yanks all the leashes from \the [src]!,,pending,{'\\The'}
73f3fca5,modules/mob/living/carbon/xenomorph/castes/widow/abilities_widow.dm,178,desc,"Give birth to a spiderling after a short charge-up. The spiderlings will follow you until death. You can only deploy [max_spiderlings] spiderlings at one time. On alt-use, if any charges of Cannibalise are stored, create a spiderling at no plasma cost or cooldown.",,pending,译文含双引号
bb56b33c,modules/mob/living/carbon/xenomorph/castes/widow/abilities_widow.dm,244,desc,"Send your spawn on a valid target, they will automatically destroy themselves out of sheer fury after 15 seconds.",,pending,set()
9ff77a2a,modules/mob/living/carbon/xenomorph/castes/widow/abilities_widow.dm,403,desc,"Consume one of your children, storing their biomass for future use. If any charges of Cannibalise are stored, alt-use of Birth Spiderling will create one spiderling in exchange for one charge of Cannibalise. Up to three charges of Cannibalise may be stored at once.",,pending,译文含双引号
9d811f6c,modules/mob/living/carbon/xenomorph/charge_crush.dm,549,visible_message,[span_warning(,,pending,{'[未闭合的方括号表达式]'}
aaa654aa,modules/mob/living/carbon/xenomorph/charge_crush.dm,675,visible_message,[charger] rams into [src] and flings [p_them()] away!,,pending,{'[p_them()]'}
f3c579b5,modules/mob/living/carbon/xenomorph/death.dm,48,to_chat,<b>[span_deadsay(,,pending,{'[未闭合的方括号表达式]'}
1bd250f9,modules/mob/living/carbon/xenomorph/embryo.dm,100,to_chat,[pick(,,pending,{'[未闭合的方括号表达式]'}
ede42df1,modules/mob/living/carbon/xenomorph/embryo.dm,103,to_chat,[pick(,,pending,{'[未闭合的方括号表达式]'}
6f5d2405,modules/mob/living/carbon/xenomorph/embryo.dm,119,to_chat,[pick(,,pending,{'[未闭合的方括号表达式]'}
882f42f9,modules/mob/living/carbon/xenomorph/facehuggers.dm,364,visible_message,\A [src] leaps out of \the [loc]!,,pending,{'\\A'}
00fffd65,modules/mob/living/carbon/xenomorph/facehuggers.dm,523,visible_message,<span class='notice'>[hugged] snatches [src] out of the air and [pickweight(list(,,pending,{'[未闭合的方括号表达式]'}
eaa19232,modules/mob/living/carbon/xenomorph/facehuggers.dm,651,visible_message,"[icon2html(src, viewers(src))] [span_danger(",,pending,{'[未闭合的方括号表达式]'}
ea549d5a,modules/mob/living/carbon/xenomorph/hive_datum.dm,903,to_chat,<span class='[span_class]'><font size=[size]> [message][report_distance ? ,,pending,{'[未闭合的方括号表达式]'}
90862f9d,modules/mob/living/carbon/xenomorph/hive_datum.dm,1072,to_chat,You are jobbaned from the [ROLE_XENOMORPH] role.,,pending,{'[ROLE_XENOMORPH]'}
e8d2e679,modules/mob/living/carbon/xenomorph/hive_upgrades.dm,129,to_chat,You need [points_requirement] more [(upgrade_flags & UPGRADE_FLAG_USES_TACTICAL) ? ,,pending,{'[未闭合的方括号表达式]'}
f0386608,modules/mob/living/carbon/xenomorph/xenoattacks.dm,42,visible_message,\The [H] pets \the [src].,,pending,"{'\\The', '\\the'}"
ab82fcfe,modules/mob/living/carbon/xenomorph/xenoattacks.dm,91,visible_message,\The [xeno_attacker] caresses \the [src] with its scythe-like arm.,,pending,{'\\The'}
a2adeb56,modules/mob/living/carbon/xenomorph/xenomorph.dm,570,visible_message,[target_mounting ? ,,pending,{'[未闭合的方括号表达式]'}
e5f5881e,modules/mob/living/carbon/xenomorph/xenomorph.dm,573,visible_message,[target_mounting ? ,,pending,{'[未闭合的方括号表达式]'}
8b5cfccc,modules/mob/living/carbon/xenomorph/xenoprocs.dm,502,to_chat,You have [(xeno_flags & XENO_MOBHUD) ? ,,pending,{'[未闭合的方括号表达式]'}
b0b75893,modules/mob/living/living.dm,802,to_chat,[rider ? src : ,,pending,{'[未闭合的方括号表达式]'}
613c264d,modules/mob/living/living.dm,1159,to_chat,You can't see through the floor [direction == DOWN ? ,,pending,{'[未闭合的方括号表达式]'}
ad382891,modules/mob/living/living.dm,857,visible_message,[src] makes a hard landing on [impacted_turf] but remains unharmed from the fall[graceful_landing ? ,,pending,{'[未闭合的方括号表达式]'}
1a254cb7,modules/mob/living/living.dm,871,visible_message,"[src] makes a hard landing on [impacted_turf], but lands safely on [p_their()] feet!",,pending,{'[p_their()]'}
f16614b6,modules/mob/living/living_verbs.dm,71,visible_message,[span_name(,,pending,{'[未闭合的方括号表达式]'}
ba4ea7b1,modules/mob/living/say.dm,96,to_chat,"\""[message]\""",,pending,{'[message]'}
a37c54e1,modules/mob/living/say.dm,419,say,#[message],,pending,{'[message]'}
f594a23a,modules/mob/living/silicon/ai/ai.dm,562,to_chat,"That message contained a word prohibited in IC chat! Consider reviewing the server rules.\n<span replaceRegex='show_filtered_ic_chat'>\""[text]\""</span>",,pending,译文含双引号
1903aa53,modules/mob/living/silicon/ai/ai_verbs.dm,198,to_chat,Camera acceleration has been [acceleration ? ,,pending,{'[未闭合的方括号表达式]'}
527513af,modules/mob/living/silicon/ai/ai_verbs.dm,242,to_chat,<b>You are now [anchored ? ,,pending,{'[未闭合的方括号表达式]'}
d9470524,modules/mob/living/silicon/ai/ai_verbs.dm,301,to_chat,Automatic announcements [chan == ,,pending,{'[未闭合的方括号表达式]'}
c88550b8,modules/mob/living/silicon/ai/death.dm,14,to_chat,<b>[span_deadsay(,,pending,{'[未闭合的方括号表达式]'}
756c68a0,modules/mob/living/silicon/ai/say.dm,35,to_chat,"Holopad transmitted: [real_name]: \""[message]\""",,pending,译文含双引号
cb857eed,modules/mob/living/simple_animal/friendly/corgi.dm,42,name,\improper bull terrier,,pending,{'\\improper'}
d570f16b,modules/mob/living/simple_animal/friendly/corgi.dm,126,name,\improper void puppy,,pending,{'\\improper'}
88cd0cee,modules/mob/living/simple_animal/friendly/farm_animals.dm,48,visible_message,[src] gets an evil-looking gleam in [p_their()] eye.,,pending,{'[p_their()]'}
178d9678,modules/mob/living/simple_animal/friendly/parrot.dm,556,to_chat,[equipping] won't fit!,,pending,{'[equipping]'}
5090dcca,modules/mob/living/simple_animal/friendly/parrot.dm,15,desc,"The parrot squaks, \""It's a Parrot! BAWWK!\""",,pending,译文含双引号
f4c71215,modules/mob/living/simple_animal/friendly/parrot.dm,615,say,[parrot_source.available_channels.len ? ,,pending,{'[未闭合的方括号表达式]'}
c656e575,modules/mob/living/simple_animal/hostile/carp.dm,49,name,[pick(SSstrings.get_list_from_file(,,pending,{'[未闭合的方括号表达式]'}
39f610fd,modules/mob/living/simple_animal/simple_animal.dm,136,to_chat,<b>[span_deadsay(,,pending,{'[未闭合的方括号表达式]'}
150b0a53,modules/mob/living/simple_animal/simple_animal.dm,203,visible_message,[xeno_attacker] [response_disarm] [name]!,,pending,{'[xeno_attacker]'}
e0ad7a69,modules/mob/living/status_procs.dm,585,to_chat,[priority_absorb_key[,,pending,{'[未闭合的方括号表达式]'}
24ae9f5c,modules/mob/living/status_procs.dm,581,visible_message,[src][priority_absorb_key[,,pending,{'[未闭合的方括号表达式]'}
890f8eb7,modules/mob/living/status_procs.dm,583,visible_message,[src][priority_absorb_key[,,pending,{'[未闭合的方括号表达式]'}
b8c94169,modules/mob/mob_helpers.dm,402,to_chat,[(extra_large) ? ,,pending,{'[未闭合的方括号表达式]'}
d11bfcd5,modules/mob/mob_verbs.dm,232,to_chat,<br><br><h1>[span_danger(,,pending,{'[未闭合的方括号表达式]'}
fc0e34e4,modules/mob/new_player/new_player.dm,447,to_chat,You are now [ready? ,,pending,{'[未闭合的方括号表达式]'}
5822f41c,modules/orbits/spaceship.dm,48,to_chat,"The wires have been [CHECK_BITFIELD(machine_stat, PANEL_OPEN) ? ",,pending,{'[未闭合的方括号表达式]'}
a6cd8c9f,modules/organs/limbs.dm,1142,visible_message,You hear a sickening cracking sound coming from \the [owner]'s face.,,pending,{'\\the'}
c5ec7c66,modules/paperwork/filingcabinet.dm,60,to_chat,You [anchored ? ,,pending,{'[未闭合的方括号表达式]'}
1d466bf3,modules/paperwork/folders.dm,67,name,folder[(n_name ? ,,pending,{'[未闭合的方括号表达式]'}
bba0d15b,modules/paperwork/paper.dm,82,name,[(n_name ? ,,pending,{'[未闭合的方括号表达式]'}
82c1786c,modules/paperwork/paper_bundle.dm,188,name,[(n_name ? ,,pending,{'[未闭合的方括号表达式]'}
f470c295,modules/paperwork/photography.dm,288,name,photo[(n_name ? ,,pending,{'[未闭合的方括号表达式]'}
f4d4bba8,modules/power/apc/apc_attack.dm,84,balloon_alert,[locked ? ,,pending,{'[未闭合的方括号表达式]'}
8605e228,modules/power/apc/apc_attack.dm,121,balloon_alert,Wired],,pending,{'[未闭合的方括号表达式]'}
7b605c4f,modules/power/apc/apc_attack.dm,251,balloon_alert,[locked ? ,,pending,{'[未闭合的方括号表达式]'}
b12a9ea6,modules/power/apc/apc_tool_act.dm,81,balloon_alert,"wires [CHECK_BITFIELD(machine_stat, PANEL_OPEN) ? ",,pending,{'[未闭合的方括号表达式]'}
89f37f43,modules/power/cable.dm,517,visible_message,\The [user] fixes some wires in \the [H]'s [affecting.display_name] with [src].,,pending,"{'\\The', '\\the'}"
a580e5e2,modules/power/fusion_engine.dm,355,desc,A rechargable fuel cell designed to work as a power source for the Cheyenne-Class transport or for Westingland S-52 Reactors.,,pending,译文含双引号
50b1b471,modules/power/generator.dm,83,to_chat,You [anchored ? ,,pending,{'[未闭合的方括号表达式]'}
fb24b42f,modules/power/groundmap_geothermal.dm,146,visible_message,"[icon2html(src, viewers(src))] [span_notice(",,pending,{'[未闭合的方括号表达式]'}
e193613b,modules/power/groundmap_geothermal.dm,148,visible_message,"[icon2html(src, viewers(src))] [span_notice(",,pending,{'[未闭合的方括号表达式]'}
77de196c,modules/power/groundmap_geothermal.dm,150,visible_message,"[icon2html(src, viewers(src))] [span_notice(",,pending,{'[未闭合的方括号表达式]'}
a172f9d5,modules/power/groundmap_geothermal.dm,198,visible_message,"\The [xeno_attacker] slashes at \the [src], tearing at it's components!",,pending,{'\\The'}
507a623e,modules/power/lighting.dm,237,to_chat,There is no [fitting] in this light.,,pending,{'[fitting]'}
ca6c4027,modules/power/pipecleaners.dm,219,name,pipe cleaner [amount < 3 ? ,,pending,{'[未闭合的方括号表达式]'}
287328f8,modules/power/smes_construction.dm,132,to_chat,"Massive electrical arc sparks between you and [src]. Last thing you can think about is \""Oh shit...\""",,pending,译文含双引号
b0d5b91a,modules/power/smes_construction.dm,250,to_chat,You [safeties_enabled ? ,,pending,{'[未闭合的方括号表达式]'}
f32223ed,modules/power/smes_construction.dm,251,visible_message,"[icon2html(src, viewers(src))] <b>[src]</b> beeps: \""Caution. Safety circuit has been: [safeties_enabled ? ",,pending,{'[未闭合的方括号表达式]'}
f4410d8c,modules/projectiles/ammo_types/miscellaneous_ammo.dm,235,visible_message,\A [G] lands on [T]!,,pending,{'\\A'}
00e6d271,modules/projectiles/ammunition.dm,201,name,handful of [ammo_name + ,,pending,{'[未闭合的方括号表达式]'}
b9f5a116,modules/projectiles/gun_helpers.dm,436,balloon_alert,"Safety [HAS_TRAIT(src, TRAIT_GUN_SAFETY) ? ",,pending,{'[未闭合的方括号表达式]'}
166bf7af,modules/projectiles/gun_helpers.dm,543,balloon_alert,"Automatic unloading [CHECK_BITFIELD(chosen_gun.reciever_flags, AMMO_RECIEVER_AUTO_EJECT) ? ",,pending,{'[未闭合的方括号表达式]'}
f17d0c06,modules/projectiles/gun_helpers.dm,554,balloon_alert,"Automatic unloading [CHECK_BITFIELD(chosen_gun.reciever_flags, AMMO_RECIEVER_AUTO_EJECT) ? ",,pending,{'[未闭合的方括号表达式]'}
c64f25fd,modules/projectiles/gun_system.dm,644,to_chat,[dat.Join(,,pending,{'[未闭合的方括号表达式]'}
d7455616,modules/projectiles/guns/_shared_ammo_objects.dm,197,visible_message,[xeno_attacker] tries to put out the fire!,,pending,{'[xeno_attacker]'}
9c92d686,modules/projectiles/guns/energy.dm,127,to_chat,"[icon2html(src, user)] You [overcharge? ",,pending,{'[未闭合的方括号表达式]'}
6a6058ec,modules/projectiles/guns/energy.dm,135,to_chat,"[icon2html(src, user)] You [overcharge? ",,pending,{'[未闭合的方括号表达式]'}
7976c6d9,modules/projectiles/guns/energy.dm,1065,desc,"Volkite weapons are the pride of Martian weapons manufacturing, their construction being a tightly guarded secret. Infamous for its ability to deflagrate organic targets with its tremendous thermal energy, explosively burning flesh in a fiery blast that can be deadly to anyone unfortunate enough to be nearby. The 'serpenta' is pistol typically seen in the hands of SOM officers and some NCOs, and is quite dangerous for it's size.",,pending,译文含双引号
de4d4fdb,modules/projectiles/guns/energy.dm,1090,desc,"The 'serpenta' is pistol typically seen in the hands of SOM officers and some NCOs, and is quite dangerous for it's size. This particular weapon appears to be a custom model with improved performance.",,pending,译文含双引号
d0c5a81c,modules/projectiles/guns/mounted.dm,339,name,"\improper \""Death incarnate\"" heavy machine gun",,pending,译文含双引号
480026db,modules/projectiles/guns/mounted.dm,650,desc,"The AGLS-37 automatic grenade launching system. It's too heavy to be wielded or operated without the tripod. On the back, it reads: \""Kauser is not obligated to buy you new body parts for you or your friends if you lose them.\""\nCan be deployed with Crtl-Click. Can be repaired with a blowtorch once deployed.",,pending,译文含双引号
ca60ffe3,modules/projectiles/guns/pistols.dm,886,name,\improper M6 'Eclipse Raider' ballistic knife,,pending,译文含双引号
63e18393,modules/projectiles/guns/pistols.dm,727,desc,"A 'riot control' weapon used by the protectors of colonies. Now adopted by the V.S.D, it is the standard side arm for all members. Firing armor piercing 9x19mm parabellum with a capacity of 15 rounds.",,pending,译文含双引号
9caa75ab,modules/projectiles/guns/pistols.dm,765,desc,"Intertech's one of a kind revolver. Fires custom incendiary .357 rounds, has firemode switch of single action and burst fire. Kicks like a fucking mule. You remember High Command saying: 'Don't let this get into enemy hands'.",,pending,译文含双引号
5db0feb7,modules/projectiles/guns/revolvers.dm,147,name,\improper R-24 'Mateba' autorevolver,,pending,译文含双引号
ebdb67ca,modules/projectiles/guns/rifles.dm,423,desc,"An \""Elite\"" modification of the PR-412 pulse rifle series, given to special operation units. It has been given a stock and a longer barrel with an integrated barrel charger, with a red skull stenciled on the body for some reason.",,pending,译文含双引号
2b59ca39,modules/projectiles/guns/rifles.dm,1898,desc,"A certified classic, this reproduction design was hailed as the first successful assault rifle concept, generally termed a 'storm rifle'. Has a higher than usual firerate for its class, but suffers in capacity. This version of it chambers 7.62x39mm.",,pending,译文含双引号
038242e1,modules/projectiles/guns/rifles.dm,2020,desc,"Officially designated an Objective Individual Combat Weapon, the AR-55 features an upper bullpup 20mm grenade launcher designed to fire a variety of specialised rounds, and an underslung assault rifle using 10x24mm caseless ammunition. Somewhat cumbersome to use due to its size and weight. Requires a T49 scope for precision aiming.",,pending,译文含双引号
dabcd7df,modules/projectiles/guns/rifles.dm,2086,desc,"Officially designated an Objective Individual Combat Weapon, the AR-55 features an upper bullpup 20mm grenade launcher designed to fire a variety of specialised rounds, and an underslung assault rifle using 10x24mm caseless ammunition. Somewhat cumbersome to use due to its size and weight. Requires a T49 scope for precision aiming. This specific model was customized and tuned by MAGNUM freelancers, which made it ligher and allowed to use bigger mags of AR-12",,pending,译文含双引号
ef02b68c,modules/projectiles/guns/shotguns.dm,667,name,\improper Leicester Repeater,,pending,{'\\improper'}
18279784,modules/projectiles/guns/shotguns.dm,456,desc,"A mosin nagant rifle, even just looking at it you can feel the cosmoline already. Commonly known by its slang, \""Moist Nugget\"", by downbrained colonists and outlaws.",,pending,译文含双引号
3cb51f10,modules/projectiles/guns/shotguns.dm,961,desc,"An in-built railgun designed to fire so called 'micro grenades'. By using railgun technology, the projectile does not need any propellant, helping greatly increase usable space for the payload.",,pending,译文含双引号
fd88125b,modules/projectiles/guns/smgs.dm,352,name,\improper CZ-81 submachinegun,,pending,{'\\improper'}
e5248180,modules/projectiles/guns/smgs.dm,647,desc,"The L-40 is the primer ICCAF submachinegun, generally termed as a 'PDW' due to its armor-piercing high velocity round, while it has adequate ranged performance, it is mostly tuned for at close quarters combat. It uses 4.6mm high velocity caseless rounds.",,pending,译文含双引号
8a8dd5e5,modules/projectiles/guns/specialist.dm,448,name,\improper Modified MG-100 Vindicator Minigun,,pending,译文含双引号
925163f2,modules/projectiles/guns/specialist.dm,29,desc,"The SR-26 is an IFF capable sniper rifle which is mostly used by long range marksmen. It excels in long-range combat situations and support sniping. It has a laser designator installed, and the scope itself has IFF integrated into it. Uses specialized 10x28 caseless rounds made to work with the guns odd IFF-scope system.  \nIt has an integrated Target Marker and a Laser Targeting system.\n\""Peace Through Superior Firepower\"".",,pending,译文含双引号
72604a08,modules/projectiles/magazines/energy.dm,167,to_chat,[warning]<b>Charge Remaining: [charge]/[maxcharge]</b>,,pending,{'[warning]'}
f2ad8da2,modules/projectiles/magazines/revolvers.dm,76,desc,"A revolver speed loader for the Judge, these rounds have a high velocity propellant, leading to next to no scatter and falloff.",,pending,译文含双引号
f1b7f17b,modules/projectiles/magazines/revolvers.dm,85,desc,"A revolver speed loader for the Judge, this is filled with tiny pellets inside, with high scatter but large CQC damage.",,pending,译文含双引号
cd7abca4,modules/projectiles/magazines/shotguns.dm,140,desc,A box filled with high velocity shotgun slugs nicknamed 'Barrikada'. Rated to break through basically everything up to including tank engines. 6 Gauge.,,pending,译文含双引号
eba6ebbc,modules/projectiles/magazines/smgs.dm,116,name,\improper CZ-81 magazine (.32ACP),,pending,{'\\improper'}
7c96d883,modules/projectiles/magazines/smgs.dm,248,name,\improper C17 drum mag (.45 ACP),,pending,{'\\improper'}
e5535731,modules/projectiles/magazines/specialist.dm,131,name,\improper 84mm 'Unguided' high-explosive rocket,,pending,译文含双引号
33e7861f,modules/projectiles/magazines/specialist.dm,151,name,\improper 84mm 'Unguided' white-phosphorus rocket,,pending,译文含双引号
e9035926,modules/projectiles/magazines/specialist.dm,338,name,\improper 84mm HE 'Anti-Personnel' rocket,,pending,译文含双引号
7c1781cf,modules/projectiles/magazines/specialist.dm,346,name,\improper 84mm Incendiary 'Anti-Personnel' rocket,,pending,译文含双引号
42701acc,modules/projectiles/magazines/specialist.dm,353,name,\improper 84mm Chemical-Warhead 'Anti-Personnel' rocket,,pending,译文含双引号
d2ee953e,modules/projectiles/magazines/specialist.dm,132,desc,"A warhead for the RL-152 rocket launcher. Carries a bogstandard HE warhead that explodes. It is entirely unguided, and thus 'Dumb', this allows for a larger payload, and a skilled operator can hit longer ranged hits that a laser-guided rocket could not reach at all.  When empty, use this frame to deconstruct it.",,pending,译文含双引号
11fec292,modules/projectiles/magazines/specialist.dm,152,desc,"A highly destructive warhead that bursts into deadly flames on impact. It is entirely unguided, and thus 'Dumb', the benefit of this is a bigger overall payload, and a skilled operator can hit longer ranged hits that a laser-guided rocket could not reach at all. Use this in hand to deconstruct it.",,pending,译文含双引号
8ecc2b38,modules/projectiles/magazines/specialist.dm,383,desc,"A canister holding a tungsten projectile to be used inside a railgun. HVAP is written across the canister. This round has less punching power than other railgun canister types, but will leave a sizeable hole in the targets armor.",,pending,译文含双引号
e065e633,modules/projectiles/magazines/specialist.dm,390,desc,"A canister holding a tungsten projectile to be used inside a railgun. SAP is written across the canister. This round has poor punching power due to low velocity for the smart ammunition, but will leave a target significantly staggered and stunned due to the impact.",,pending,译文含双引号
334651c1,modules/projectiles/mounted.dm,142,visible_message,"[icon2html(src, viewers(src))] [span_notice(",,pending,{'[未闭合的方括号表达式]'}
e724527b,modules/projectiles/mounted.dm,339,balloon_alert,You begin [anchored ? ,,pending,{'[未闭合的方括号表达式]'}
2c2f6e6a,modules/projectiles/mounted.dm,347,balloon_alert,You [anchored ? ,,pending,{'[未闭合的方括号表达式]'}
4b643015,modules/projectiles/projectile.dm,1361,to_chat,[victim_feedback.Join(,,pending,{'[未闭合的方括号表达式]'}
263af07e,modules/projectiles/projectile.dm,1400,to_chat,[victim_feedback.Join(,,pending,{'[未闭合的方括号表达式]'}
b9deba8b,modules/projectiles/sentries.dm,231,visible_message,[user] [safe ? ,,pending,{'[未闭合的方括号表达式]'}
58b286fd,modules/projectiles/sentries.dm,255,visible_message,[user] [alert ? ,,pending,{'[未闭合的方括号表达式]'}
df61dfe7,modules/projectiles/sentries.dm,257,say,Alert notification system [alert ? ,,pending,{'[未闭合的方括号表达式]'}
e0c66eb7,modules/reagents/chemistry/machinery/chem_dispenser.dm,379,balloon_alert,"[CHECK_BITFIELD(machine_stat, PANEL_OPEN) ? ",,pending,{'[未闭合的方括号表达式]'}
a2a304c6,modules/reagents/chemistry/reagents.dm,135,to_chat,You feel like you took too much of [name]!,,pending,{'[name]'}
9a63eb53,modules/reagents/chemistry/reagents/drinks/glass_styles/mixed_alcohol.dm,456,desc,A new hit cocktail inspired by THE ARM Breweries will have you shouting Fuu ma'jin in no time!,,pending,译文含双引号
491c8a42,modules/reagents/chemistry/reagents/drinks/glass_styles/mixed_alcohol.dm,536,desc,"If you can't mix a Sugar Rush, you can't tend bar.",,pending,译文含双引号
ec2c7674,modules/reagents/chemistry/reagents/drinks/glass_styles/sodas.dm,37,desc,Dr. Gibb. Not as dangerous as the container_name might imply.,,pending,set()
4d0cd2e5,modules/reagents/chemistry/reagents/medical.dm,959,to_chat,[pick(,,pending,{'[未闭合的方括号表达式]'}
b3e26c03,modules/reagents/chemistry/reagents/medical.dm,968,to_chat,[pick(,,pending,{'[未闭合的方括号表达式]'}
51d7013f,modules/reagents/chemistry/reagents/medical.dm,979,to_chat,[pick(,,pending,{'[未闭合的方括号表达式]'}
94ad6e0e,modules/reagents/chemistry/reagents/medical.dm,991,to_chat,[pick(,,pending,{'[未闭合的方括号表达式]'}
c3637ad3,modules/reagents/reagent_containers/autoinjectors.dm,3,desc,"An autoinjector containing... table salt? <i>\""For any client assistance, please contact the coderbus\"" is written on the back.</i>",,pending,译文含双引号
aee235f3,modules/reagents/reagent_containers/cups/bottle.dm,327,name,\improper Nanotrasen 'Space-Aged' 60-Year Old Whiskey,,pending,译文含双引号
86b9311f,modules/reagents/reagent_containers/cups/bottle.dm,335,desc,"A black bottle with nothing but a note and a warning label on it. 'Drink this and you will die,' '600 proof,' and other such discouraging words are written upon it.",,pending,译文含双引号
a3662bb9,modules/reagents/reagent_containers/cups/bottle.dm,349,desc,"The bottle reads, 'Ra Ra Red Star Man: Lover of the Finer Things.' Or at least that's what you assume....",,pending,译文含双引号
f0ccbb91,modules/reagents/reagent_containers/cups/bottle.dm,363,desc,"An expensive whiskey with a distinct flavor. The bottle proudly proclaims that it's, 'A True Classic.'",,pending,译文含双引号
817cd355,modules/reagents/reagent_containers/cups/bottle.dm,385,desc,"Named after the famed Captain 'Cuban' Pete, this rum is about as volatile as his final mission.",,pending,译文含双引号
17c71dc8,modules/reagents/reagent_containers/cups/bottle.dm,420,desc,"A sweet and strongly alchoholic drink, made after numerous distillations and years of maturing. You might as well not scream 'SHITCURITY' this time.",,pending,译文含双引号
02586f5a,modules/reagents/reagent_containers/cups/drinkingglass.dm,81,name,[length(reagents.reagent_list) ? ,,pending,{'[未闭合的方括号表达式]'}
b11312f8,modules/reagents/reagent_containers/cups/drinkingglass.dm,122,name,[pick(,,pending,{'[未闭合的方括号表达式]'}
668afc4a,modules/reagents/reagent_containers/cups/glassbottle.dm,69,visible_message,Some of [name]'s contents are let loose!,,pending,{'[name]'}
33b2b253,modules/reagents/reagent_containers/cups/glassbottle.dm,150,desc,"Brewed with \""Pure Ice Asteroid Spring Water\"".",,pending,译文含双引号
c7d4d81b,modules/reagents/reagent_containers/cups/glassbottle.dm,200,desc,The label's written in Cyrillic. All you can make out is the name and a word that looks vaguely like 'Vodka'.,,pending,译文含双引号
07775603,modules/reagents/reagent_containers/cups/glassbottle.dm,266,desc,"A sweet and strongly alchoholic drink, made after numerous distillations and years of maturing. You might as well not scream 'SHITCURITY' this time.",,pending,译文含双引号
2a969ffc,modules/reagents/reagent_containers/cups/glassbottle.dm,283,desc,A strong alcoholic drink brewed and distributed by,,pending,set()
b70f534e,modules/reagents/reagent_containers/cups/soda.dm,188,desc,"The only drink with the PWR that true gamers crave. When a gamer talks about gamerfuel, this is what they're literally referring to.",,pending,译文含双引号
6ec5aecf,modules/reagents/reagent_containers/food/cans.dm,15,to_chat,You open the drink with [pick(,,pending,{'[未闭合的方括号表达式]'}
fdfd91bb,modules/reagents/reagent_containers/food/cans.dm,33,name,\improper TGM Cola,,pending,{'\\improper'}
31df3bb1,modules/reagents/reagent_containers/food/cans.dm,90,name,\improper Space-Up,,pending,{'\\improper'}
4699e849,modules/reagents/reagent_containers/food/cans.dm,146,name,\improper Cherry Souto,,pending,{'\\improper'}
0d261265,modules/reagents/reagent_containers/food/cans.dm,167,name,\improper Lime Souto,,pending,{'\\improper'}
be6fc9dd,modules/reagents/reagent_containers/food/cans.dm,181,name,\improper Grape Souto,,pending,{'\\improper'}
b675a2a4,modules/reagents/reagent_containers/food/cans.dm,41,desc,Overpriced 'Spring' water. Bottled by Nanotrasen.,,pending,译文含双引号
c533dac3,modules/reagents/reagent_containers/food/drinks.dm,144,name,\improper Coffee,,pending,{'\\improper'}
e2bbbc6e,modules/reagents/reagent_containers/food/drinks.dm,151,name,\improper Cafe Latte,,pending,{'\\improper'}
253cd891,modules/reagents/reagent_containers/food/piecake.dm,325,desc,A quote on quote cake that is made with electronic boards and leaks acid...,,pending,译文含双引号
e4adc49c,modules/reagents/reagent_containers/food/pizzapasta.dm,184,desc,"[desc] The box on top has a tag, it reads: '[toptag]'.",,pending,{'[desc]'}
bc104d13,modules/reagents/reagent_containers/food/pizzapasta.dm,189,desc,"[desc] The box has a tag, it reads: '[boxtag]'.",,pending,译文含双引号
dd444c7e,modules/reagents/reagent_containers/food/snacks.dm,80,to_chat,You cannot force any more of \the [src] to go down your throat.,,pending,{'\\the'}
b793ff20,modules/reagents/reagent_containers/food/snacks.dm,1173,to_chat,You color \the [src] [clr],,pending,{'\\the'}
c556ba9f,modules/reagents/reagent_containers/food/snacks.dm,1660,name,\improper Spicy-pocket,,pending,{'\\improper'}
3a3c3510,modules/reagents/reagent_containers/food/snacks.dm,1674,name,\improper Teriyaki-pocket,,pending,{'\\improper'}
866b98cc,modules/reagents/reagent_containers/food/snacks.dm,290,desc,Commander Riker's What-The-Crisps,,pending,译文含双引号
04357dd9,modules/reagents/reagent_containers/food/snacks.dm,1068,desc,It's just a salad of questionable 'herbs' with meatballs and fried potato slices. Nothing suspicious about it.,,pending,译文含双引号
3a07ff98,modules/reagents/reagent_containers/food/snacks.dm,1461,desc,"A bar of \""The <b>CHUNK</b>\"" brand chocolate. <i>\""The densest chocolate permitted to exist according to federal law. We are legally required to ask you not to use this blunt object for anything other than nutrition.\""</i>",,pending,译文含双引号
2256028e,modules/reagents/reagent_containers/food/snacks.dm,1516,desc,"A packaged [icon_state] from a Meal Ready-to-Eat, there is a lengthy list of [pick(",,pending,{'[未闭合的方括号表达式]'}
4c7610dc,modules/reagents/reagent_containers/food/snacks.dm,1717,desc,A relentlessly sweet donk-pocket first created for use in Operation Dessert Storm.,,pending,译文含双引号
ef7debcc,modules/reagents/reagent_containers/food/snacks/grown.dm,225,desc,Emblazoned upon the apple is the word 'Kallisti'.,,pending,译文含双引号
3da98a5b,modules/reagents/reagent_containers/food/snacks/grown.dm,324,desc,"I say to-mah-to, you say tom-mae-to.",,pending,译文含双引号
b33d933f,modules/reagents/reagent_containers/food/snacks/grown.dm,341,desc,"I say to-mah-to, you say tom-mae-to... OH GOD IT'S EATING MY LEGS!!",,pending,译文含双引号
2fafd845,modules/reagents/reagent_containers/glass/bottle.dm,271,desc,"A small bottle. Contains Doctor's Delight - functions similar to tricordrazine, but is weaker and makes the patient hungry.",,pending,译文含双引号
bf7b3b06,modules/reagents/reagent_containers/hypospray.dm,244,balloon_alert,"Labeled \""[str]\"".",,pending,译文含双引号
d5693fbb,modules/reagents/reagent_containers/hypospray.dm,254,balloon_alert,"You tag [src] as \""[str]\"".",,pending,译文含双引号
6f3eac73,modules/reagents/reagent_containers/jerrycan.dm,3,desc,A can filled with fuel to light things on fire. It has Absolut Jerry stamped in the side.,,pending,译文含双引号
8b174ce8,modules/reagents/reagent_containers/spray.dm,143,to_chat,<span class = 'notice'>You switch the safety [safety ? ,,pending,{'[未闭合的方括号表达式]'}
71d3b73a,modules/reagents/reagent_containers/syringes.dm,241,visible_message,"[user] tries to stab [target] in \the [hit_area] with [src], but the attack is deflected by armor!",,pending,{'\\the'}
2d3c0ee0,modules/reagents/reagent_containers/syringes.dm,246,visible_message,[user] stabs [target] in \the [hit_area] with [src]!,,pending,{'\\the'}
164e588a,modules/recycling/conveyor2.dm,100,balloon_alert,[conveyor_flags & CONVEYOR_INVERTED ? ,,pending,{'[未闭合的方括号表达式]'}
347adb18,modules/recycling/sortingmachinery.dm,62,to_chat,"It has a note attached which reads, \""[examtext]\""",,pending,译文含双引号
e65f4494,modules/recycling/sortingmachinery.dm,175,to_chat,"It has a note attached which reads, \""[examtext]\""",,pending,译文含双引号
c4b2003c,modules/recycling/sortingmachinery.dm,117,visible_message,"\The [user] labels \the [src] with \a [I], scribbling down: \""[examtext]\""",,pending,"{'\\The', '\\a', '\\the'}"
4b51938e,modules/recycling/sortingmachinery.dm,226,visible_message,"\The [user] labels \the [src] with \a [I], scribbling down: \""[examtext]\""",,pending,"{'\\The', '\\a', '\\the'}"
ad1b36fd,modules/recycling/sortingmachinery.dm,280,visible_message,\The [user] wraps \a [target] with \a [src].,,pending,"{'\\The', '\\a'}"
58eb6b40,modules/recycling/sortingmachinery.dm,291,visible_message,\The [user] wraps \a [target] with \a [src].,,pending,"{'\\The', '\\a'}"
318fba3d,modules/remote_fob/actions_misc.dm,127,to_chat,Will now [console.do_wiring ? ,,pending,{'[未闭合的方括号表达式]'}
9a16dfdd,modules/reqs/supplypacks/explosives_packs.dm,15,name,"M21 APRDS \""Minelayer\""",,pending,译文含双引号
8d1f6616,modules/reqs/supplypacks/factory_packs.dm,270,name,MG-100Y howitzer Tanglefoot shell assembly refill,,pending,译文含双引号
a5c102c7,modules/reqs/supplypacks/imports_packs.dm,229,name,Rebota' revolver speed loader,,pending,译文含双引号
e4d382c4,modules/reqs/supplypacks/vehicles_packs.dm,50,name,"\""Skink\"" tiny unmanned vehicle",,pending,译文含双引号
f6582854,modules/reqs/supplypacks/vehicles_packs.dm,55,name,"\""Iguana\"" light unmanned vehicle",,pending,译文含双引号
974c70e9,modules/reqs/supplypacks/vehicles_packs.dm,60,name,"\""Gecko\"" Mmedium unmanned vehicle",,pending,译文含双引号
5f8dff05,modules/reqs/supplypacks/vehicles_packs.dm,65,name,"\""Komodo\"" heavy unmanned vehicle",,pending,译文含双引号
b28f9b2c,modules/reqs/supplypacks/vehicles_packs.dm,179,name,Bushwhacker Autocannon High Explosive ammo box,,pending,译文含双引号
7967613d,modules/screen_alert/command_alert.dm,57,to_chat,"That message contained a word prohibited in IC chat! Consider reviewing the server rules.\n<span replaceRegex='show_filtered_ic_chat'>\""[text]\""</span>",,pending,译文含双引号
8982319f,modules/shuttle/computer.dm,78,to_chat,NOTICE - [M.name] taking off towards [href_list[,,pending,{'[未闭合的方括号表达式]'}
eb706aed,modules/shuttle/marine_dropship.dm,877,desc,"The flight controls for the 'Normandy' Dropship. Named after a department in France, noteworthy for the famous naval invasion of Normandy on the 6th of June 1944, a bloody but decisive victory in World War II and the campaign for the Liberation of France.",,pending,译文含双引号
f0a1efcd,modules/shuttle/marine_dropship.dm,1610,desc,"The remote controls for the 'Normandy' Dropship. Named after a department in France, noteworthy for the famous naval invasion of Normandy on the 6th of June 1944, a bloody but decisive victory in World War II and the campaign for the Liberation of France.",,pending,译文含双引号
f81b9e68,modules/shuttle/marine_dropship.dm,1616,desc,The remote controls for the 'Canterbury' shuttle.,,pending,译文含双引号
34c13be5,modules/surgery/amputation.dm,27,visible_message,[user] is beginning to cut off [target]'s [affected.display_name] with \the [tool].,,pending,{'\\the'}
c13459e2,modules/surgery/amputation.dm,34,visible_message,[user] cuts off [target]'s [affected.display_name] with \the [tool].,,pending,{'\\the'}
0512a854,modules/surgery/amputation.dm,42,visible_message,"[user]'s hand slips, sawing through the bone in [target]'s [affected.display_name] with \the [tool]!",,pending,{'\\the'}
70a8128f,modules/surgery/bones.dm,28,visible_message,[user] starts applying medication to the damaged bones in [target]'s [affected.display_name] with \the [tool].,,pending,{'\\the'}
475c99d0,modules/surgery/bones.dm,60,visible_message,[user] is beginning to piece together [target]'s skull with \the [tool].,,pending,{'\\the'}
f338a0cf,modules/surgery/bones.dm,71,visible_message,[user] sets [target]'s skull with \the [tool].,,pending,{'\\the'}
ab6317ad,modules/surgery/bones.dm,74,visible_message,[user] sets the bone in [target]'s [affected.display_name] in place with \the [tool].,,pending,{'\\the'}
151672ba,modules/surgery/bones.dm,85,visible_message,"[user]'s hand slips, damaging [target]'s face with \the [tool]!",,pending,{'\\the'}
e8915d73,modules/surgery/bones.dm,93,visible_message,"[user]'s hand slips, damaging the bone in [target]'s [affected.display_name] with \the [tool]!",,pending,{'\\the'}
6d91ce97,modules/surgery/brainrepair.dm,47,visible_message,"[user]'s hand slips, jabbing \the [tool] in [target]'s brain!",,pending,{'\\the'}
5e735f52,modules/surgery/brainrepair.dm,66,visible_message,[user] starts mending hematoma in [target]'s brain with \the [tool].,,pending,{'\\the'}
8be7def9,modules/surgery/brainrepair.dm,81,visible_message,"[user]'s hand slips, bruising [target]'s brain with \the [tool]!",,pending,{'\\the'}
7c223e8d,modules/surgery/encased.dm,28,visible_message,[user] begins to cut through [target]'s [affected.encased] with \the [tool].,,pending,{'\\the'}
b2d94d74,modules/surgery/encased.dm,35,visible_message,[user] has cut [target]'s [affected.encased] open with \the [tool].,,pending,{'\\the'}
fb5bf32c,modules/surgery/encased.dm,42,visible_message,"[user]'s hand slips, cracking [target]'s [affected.encased] with \the [tool]!",,pending,{'\\the'}
28b9ab39,modules/surgery/encased.dm,62,visible_message,[user] starts to force open the [affected.encased] in [target]'s [affected.display_name] with \the [tool].,,pending,{'\\the'}
42b93877,modules/surgery/encased.dm,69,visible_message,[user] forces open [target]'s [affected.encased] with \the [tool].,,pending,{'\\the'}
ee88248d,modules/surgery/encased.dm,101,visible_message,[user] starts bending [target]'s [affected.encased] back into place with \the [tool].,,pending,{'\\the'}
1c77ad97,modules/surgery/encased.dm,108,visible_message,[user] bends [target]'s [affected.encased] back into place with \the [tool].,,pending,{'\\the'}
2c1de097,modules/surgery/encased.dm,134,visible_message,[user] starts applying \the [tool] to [target]'s [affected.encased].,,pending,{'\\the'}
7cabdc96,modules/surgery/encased.dm,176,visible_message,[user] starts cutting away at [target]'s [affected.display_name] with \the [tool].,,pending,{'\\the'}
5c664ceb,modules/surgery/eye.dm,36,visible_message,[user] starts to separate the cornea on [target]'s eyes with \the [tool].,,pending,{'\\the'}
23434f1b,modules/surgery/eye.dm,52,visible_message,"[user]'s hand slips, slicing [target]'s eyes with \the [tool]!",,pending,{'\\the'}
9f0b0c90,modules/surgery/eye.dm,72,visible_message,[user] starts lifting the cornea from [target]'s eyes with \the [tool].,,pending,{'\\the'}
8191bdc5,modules/surgery/eye.dm,87,visible_message,"[user]'s hand slips, damaging [target]'s eyes with \the [tool]!",,pending,{'\\the'}
073ff698,modules/surgery/eye.dm,105,visible_message,[user] starts mending the nerves and lenses in [target]'s eyes with \the [tool].,,pending,{'\\the'}
5acfeb30,modules/surgery/eye.dm,120,visible_message,"[user]'s hand slips, stabbing \the [tool] into [target]'s eye!",,pending,{'\\the'}
81c15b25,modules/surgery/eye.dm,140,visible_message,[user] is beginning to cauterize the incision around [target]'s eyes with \the [tool].,,pending,{'\\the'}
a7063e4a,modules/surgery/eye.dm,158,visible_message,"[user]'s hand slips, searing [target]'s eyes with \the [tool]!",,pending,{'\\the'}
db3f1f95,modules/surgery/face.dm,33,visible_message,[user] starts to cut open [target]'s face and neck with \the [tool].,,pending,{'\\the'}
a9df1bbb,modules/surgery/face.dm,39,visible_message,[user] has cut open [target]'s face and neck with \the [tool].,,pending,{'\\the'}
bd6929d6,modules/surgery/face.dm,46,visible_message,"[user]'s hand slips, slicing [target]'s throat wth \the [tool]!",,pending,{'\\the'}
d658e6ac,modules/surgery/face.dm,67,visible_message,[user] starts mending [target]'s vocal cords with \the [tool].,,pending,{'\\the'}
e41e58e5,modules/surgery/face.dm,73,visible_message,[user] mends [target]'s vocal cords with \the [tool].,,pending,{'\\the'}
8814d13a,modules/surgery/face.dm,80,visible_message,"[user]'s hand slips, clamping [target]'s trachea shut for a moment with \the [tool]!",,pending,{'\\the'}
fb99c8ec,modules/surgery/face.dm,99,visible_message,[user] starts pulling the skin on [target]'s face back in place with \the [tool].,,pending,{'\\the'}
2069a162,modules/surgery/face.dm,112,visible_message,"[user]'s hand slips, tearing skin on [target]'s face with \the [tool]!",,pending,{'\\the'}
858620f1,modules/surgery/face.dm,148,visible_message,"[user]'s hand slips, leaving a small burn on [target]'s face with \the [tool]!",,pending,{'\\the'}
47c461a8,modules/surgery/generic.dm,35,visible_message,[user] starts to construct a prepared incision on and within [target]'s [affected.display_name] with \the [tool].,,pending,{'\\the'}
f7552956,modules/surgery/generic.dm,57,visible_message,"[user]'s hand jolts as the system sparks, ripping a gruesome hole in [target]'s [affected.display_name] with \the [tool]!",,pending,{'\\the'}
ef11ff1f,modules/surgery/generic.dm,79,visible_message,[user] starts the bloodless incision on [target]'s [affected.display_name] with \the [tool].,,pending,{'\\the'}
a3357f27,modules/surgery/generic.dm,102,visible_message,"[user]'s hand slips as the blade sputters, searing a long gash in [target]'s [affected.display_name] with \the [tool]!",,pending,{'\\the'}
83e98b69,modules/surgery/generic.dm,126,visible_message,[user] starts the incision on [target]'s [affected.display_name] with \the [tool].,,pending,{'\\the'}
2e559798,modules/surgery/generic.dm,146,visible_message,"[user]'s hand slips, slicing open [target]'s [affected.display_name] in the wrong place with \the [tool]!",,pending,{'\\the'}
b087458d,modules/surgery/generic.dm,171,visible_message,[user] starts clamping bleeders in [target]'s [affected.display_name] with \the [tool].,,pending,{'\\the'}
99ee7e7d,modules/surgery/generic.dm,178,visible_message,[user] clamps bleeders in [target]'s [affected.display_name] with \the [tool].,,pending,{'\\the'}
e563b986,modules/surgery/generic.dm,186,visible_message,"[user]'s hand slips, tearing blood vessals and causing massive bleeding in [target]'s [affected.display_name] with \the [tool]!",,pending,{'\\the'}
40d2ff30,modules/surgery/generic.dm,207,visible_message,[user] starts to pry open the incision and rearrange the organs in [target]'s lower abdomen with \the [tool].,,pending,{'\\the'}
f0758d53,modules/surgery/generic.dm,210,visible_message,[user] starts to pry open the incision on [target]'s [affected.display_name] with \the [tool].,,pending,{'\\the'}
d6f80175,modules/surgery/generic.dm,232,visible_message,"[user]'s hand slips, damaging several organs in [target]'s torso with \the [tool]!",,pending,{'\\the'}
94269493,modules/surgery/generic.dm,235,visible_message,"[user]'s hand slips, damaging several organs in [target]'s lower abdomen with \the [tool]!",,pending,{'\\the'}
094d371f,modules/surgery/generic.dm,238,visible_message,"[user]'s hand slips, tearing the edges of the incision on [target]'s [affected.display_name] with \the [tool]!",,pending,{'\\the'}
e515cb77,modules/surgery/generic.dm,264,visible_message,[user] is beginning to cauterize the incision on [target]'s [affected.display_name] with \the [tool].,,pending,{'\\the'}
318ffba3,modules/surgery/generic.dm,271,visible_message,[user] cauterizes the incision on [target]'s [affected.display_name] with \the [tool].,,pending,{'\\the'}
640f9de6,modules/surgery/generic.dm,280,visible_message,"[user]'s hand slips, leaving a small burn on [target]'s [affected.display_name] with \the [tool]!",,pending,{'\\the'}
aa59e8f5,modules/surgery/generic.dm,325,visible_message,"[user]'s hand slips, tearing through [target]'s skin with \the [tool]!",,pending,{'\\the'}
b3451137,modules/surgery/headreattach.dm,33,visible_message,[user] starts peeling back tattered flesh where [target]'s head used to be with \the [tool].,,pending,{'\\the'}
81757780,modules/surgery/headreattach.dm,67,visible_message,[user] is beginning to reshape [target]'s esophagal and vocal region with \the [tool].,,pending,{'\\the'}
73809019,modules/surgery/headreattach.dm,100,visible_message,[user] is stapling and suturing flesh into place in [target]'s esophagal and vocal region with \the [tool].,,pending,{'\\the'}
0f377f5b,modules/surgery/headreattach.dm,134,visible_message,[user] starts adjusting area around [target]'s neck with \the [tool].,,pending,{'\\the'}
25b039ad,modules/surgery/headreattach.dm,140,visible_message,[user] has finished adjusting the area around [target]'s neck with \the [tool].,,pending,{'\\the'}
f0b8e405,modules/surgery/implant.dm,23,visible_message,[user] starts poking around inside the incision on [target]'s [affected.display_name] with \the [tool].,,pending,{'\\the'}
49f4afc4,modules/surgery/implant.dm,53,visible_message,"[user]'s hand slips, scraping tissue inside [target]'s [affected.display_name] with \the [tool]!",,pending,{'\\the'}
37076741,modules/surgery/internal_bleeding.dm,25,visible_message,[user] starts patching the damaged vein in [target]'s [affected.display_name] with \the [tool].,,pending,{'\\the'}
c667e30f,modules/surgery/necrosis.dm,33,visible_message,[user] starts cutting away necrotic tissue in [target]'s [affected.display_name] with \the [tool].,,pending,{'\\the'}
afe7a315,modules/surgery/necrosis.dm,49,visible_message,"[user]'s hand slips, slicing an artery inside [target]'s [affected.display_name] with \the [tool]!",,pending,{'\\the'}
1c820941,modules/surgery/necrosis.dm,88,visible_message,"[user]'s hand slips, applying \the [tool] to the wrong place in [target]'s [affected.display_name]!",,pending,{'\\the'}
2fd78143,modules/surgery/organs_internal.dm,36,visible_message,[user] starts to pull something out from [target]'s ribcage with \the [tool].,,pending,{'\\the'}
fa0b5326,modules/surgery/organs_internal.dm,107,visible_message,"[user]'s hand slips, getting messy and tearing the inside of [target]'s [affected.display_name] with \the [tool]!",,pending,{'\\the'}
19a7e4ac,modules/surgery/organs_internal.dm,162,visible_message,"[user]'s hand slips, gumming up the mechanisms inside of [target]'s [affected.display_name] with \the [tool]!",,pending,{'\\the'}
8fecdc15,modules/surgery/robolimbs.dm,35,visible_message,[user] starts cutting away flesh where [target]'s [affected.display_name] used to be with \the [tool].,,pending,{'\\the'}
a6cd04ed,modules/surgery/robolimbs.dm,41,visible_message,[user] cuts away flesh where [target]'s [affected.display_name] used to be with \the [tool].,,pending,{'\\the'}
f615796c,modules/surgery/robolimbs.dm,104,visible_message,[user] starts adjusting the area around [target]'s [affected.display_name] with \the [tool].,,pending,{'\\the'}
8de472c5,modules/surgery/robolimbs.dm,110,visible_message,[user] has finished adjusting the area around [target]'s [affected.display_name] with \the [tool].,,pending,{'\\the'}
6a84178c,modules/transport/tram/tram_controller.dm,875,balloon_alert,controls [cover_locked ? ,,pending,{'[未闭合的方括号表达式]'}
d000f10a,modules/transport/tram/tram_controller.dm,904,balloon_alert,[machine_stat & PANEL_OPEN ? ,,pending,{'[未闭合的方括号表达式]'}
4bf4f02c,modules/transport/tram/tram_displays.dm,65,balloon_alert,[anchored ? ,,pending,{'[未闭合的方括号表达式]'}
2061bfae,modules/transport/tram/tram_displays.dm,69,balloon_alert,[anchored ? ,,pending,{'[未闭合的方括号表达式]'}
620790e1,modules/transport/tram/tram_remote.dm,45,balloon_alert,mode: [options ? ,,pending,{'[未闭合的方括号表达式]'}
279d815f,modules/transport/tram/tram_structures.dm,460,to_chat,"You begin to weld \the [src], [locked ? ",,pending,{'[未闭合的方括号表达式]'}
750e6cef,modules/transport/tram/tram_structures.dm,464,visible_message,[user] [locked ? ,,pending,{'[未闭合的方括号表达式]'}
92f1598c,modules/vehicles/armored/__armored.dm,692,balloon_alert,equipment [weapons_safety ? ,,pending,{'[未闭合的方括号表达式]'}
4b261acd,modules/vehicles/armored/ammo_magazine.dm,69,name,Bushwhacker Autocannon APDS Box (30mm),,pending,译文含双引号
1a28760a,modules/vehicles/armored/ammo_magazine.dm,79,name,Bushwhacker Autocannon High Explosive Box (30mm),,pending,译文含双引号
74c8413c,modules/vehicles/armored/ammo_magazine.dm,183,name,EM-2600 'SARDEN' APDS Clip (30mm),,pending,译文含双引号
ca09208e,modules/vehicles/armored/ammo_magazine.dm,191,name,EM-2600 'SARDEN' High Explosive Clip (30mm),,pending,译文含双引号
6786fb23,modules/vehicles/armored/armored_actions.dm,123,to_chat,<font color='[chassis.zoom_mode?,,pending,{'[未闭合的方括号表达式]'}
c9fab104,modules/vehicles/armored/armored_actions.dm,105,balloon_alert,toggled lights [chassis.armored_flags & ARMORED_LIGHTS_ON ? ,,pending,{'[未闭合的方括号表达式]'}
50aef4a2,modules/vehicles/armored/armored_actions.dm,172,balloon_alert,Strafing mode [strafe?,,pending,{'[未闭合的方括号表达式]'}
2912082c,modules/vehicles/armored/armored_weapons.dm,364,desc,A Bushwhacker 30mm Autocannon for vehicular use.,,pending,译文含双引号
f7aa97ff,modules/vehicles/armored/icc_armored_weapons.dm,4,desc,"A 30mm Autocannon for the LVRT 'Fallow'. A surprisingly powerful autocannon. Sadly, beltfeeding system was lost in the slew of budget cuts related to the system. It is loaded with 4 round clips.",,pending,译文含双引号
4989f534,modules/vehicles/cargo_train.dm,24,desc,"A keyring with a small steel key, and a yellow fob reading \""Choo Choo!\"".",,pending,译文含双引号
8b5bc5dc,modules/vehicles/mecha/_mecha.dm,407,balloon_alert,equipment [weapons_safety ? ,,pending,{'[未闭合的方括号表达式]'}
c46f1d45,modules/vehicles/mecha/_mecha.dm,593,balloon_alert,not while [phasing]!,,pending,{'[phasing]'}
9abeeb47,modules/vehicles/mecha/combat/marauder.dm,61,to_chat,"[icon2html(chassis, owner)]<font color='[chassis.zoom_mode?",,pending,{'[未闭合的方括号表达式]'}
602961af,modules/vehicles/mecha/combat/marauder.dm,92,desc,"Heavy-duty, combat exosuit, developed off of the existing Marauder model.",,pending,译文含双引号
7f96a48c,modules/vehicles/mecha/combat/phazon.dm,59,balloon_alert,[chassis.phasing ? ,,pending,{'[未闭合的方括号表达式]'}
b23cb3cf,modules/vehicles/mecha/combat/savannah_ivanov.dm,16,name,\improper Savannah-Ivanov,,pending,{'\\improper'}
060e4f8f,modules/vehicles/mecha/equipment/mecha_equipment.dm,44,to_chat,"[icon2html(src, chassis.occupants)][span_danger(",,pending,{'[未闭合的方括号表达式]'}
bac992e6,modules/vehicles/mecha/equipment/tools/mining_tools.dm,82,to_chat,"[icon2html(src, user)][span_danger(",,pending,{'[未闭合的方括号表达式]'}
8e83c348,modules/vehicles/mecha/equipment/tools/other_tools.dm,160,to_chat,"[icon2html(src, usr)][span_warning(",,pending,{'[未闭合的方括号表达式]'}
633fa043,modules/vehicles/mecha/equipment/tools/other_tools.dm,164,to_chat,"[icon2html(src, usr)][span_warning(",,pending,{'[未闭合的方括号表达式]'}
a4a0eb94,modules/vehicles/mecha/equipment/tools/other_tools.dm,182,to_chat,"[icon2html(src, user)][span_notice(",,pending,{'[未闭合的方括号表达式]'}
8e8f99e1,modules/vehicles/mecha/equipment/tools/other_tools.dm,185,to_chat,"[icon2html(src, user)][span_notice(",,pending,{'[未闭合的方括号表达式]'}
96702b1a,modules/vehicles/mecha/equipment/tools/other_tools.dm,188,to_chat,"[icon2html(src, user)][span_warning(",,pending,{'[未闭合的方括号表达式]'}
3a22c832,modules/vehicles/mecha/equipment/tools/other_tools.dm,198,to_chat,"[icon2html(src, chassis.occupants)][span_notice(",,pending,{'[未闭合的方括号表达式]'}
4e737f37,modules/vehicles/mecha/equipment/tools/other_tools.dm,203,to_chat,"[icon2html(src, chassis.occupants)][span_notice(",,pending,{'[未闭合的方括号表达式]'}
f0c643ca,modules/vehicles/mecha/equipment/tools/work_tools.dm,54,to_chat,"[icon2html(src, source)][span_warning(",,pending,{'[未闭合的方括号表达式]'}
d72836e0,modules/vehicles/mecha/equipment/tools/work_tools.dm,57,to_chat,"[icon2html(src, source)][span_warning(",,pending,{'[未闭合的方括号表达式]'}
38f93bc9,modules/vehicles/mecha/equipment/tools/work_tools.dm,70,to_chat,"[icon2html(src, source)][span_notice(",,pending,{'[未闭合的方括号表达式]'}
b14924de,modules/vehicles/mecha/equipment/tools/work_tools.dm,85,to_chat,"[icon2html(src, source)][span_notice(",,pending,{'[未闭合的方括号表达式]'}
79e7870e,modules/vehicles/mecha/equipment/weapons/greyscale_weapons.dm,520,to_chat,"[icon2html(src, chassis.occupants)][span_warning(",,pending,{'[未闭合的方括号表达式]'}
5b237c4c,modules/vehicles/mecha/equipment/weapons/greyscale_weapons.dm,523,to_chat,"[icon2html(src, chassis.occupants)][span_warning(",,pending,{'[未闭合的方括号表达式]'}
19793126,modules/vehicles/mecha/equipment/weapons/greyscale_weapons.dm,299,desc,"Nothing says \""Go to hell\"" like a tank cannon mounted on a war robot. Packs a big punch despite needing a reload after each shot.",,pending,译文含双引号
b32072f9,modules/vehicles/mecha/equipment/weapons/mecha_ammo.dm,111,desc,"A box of large rocket-assisted rifle bullets. it has \""DO NOT USE AS FIRECRACKERS\"" written on the side.",,pending,译文含双引号
57b798ab,modules/vehicles/mecha/equipment/weapons/mecha_ammo.dm,118,desc,"A box of large rocket-assisted burstrifle bullets. it has \""DO NOT USE AS FIRECRACKERS\"" written on the side.",,pending,译文含双引号
e6f886d3,modules/vehicles/mecha/equipment/weapons/weapons.dm,387,name,"\improper FNX-99 \""Hades\"" Carbine",,pending,译文含双引号
fd4464a1,modules/vehicles/mecha/equipment/weapons/weapons.dm,399,name,"\improper LBX AC 10 \""Scattershot\""",,pending,译文含双引号
8d642cd3,modules/vehicles/mecha/mecha_actions.dm,48,balloon_alert,taking air from [chassis.use_internal_tank ? ,,pending,{'[未闭合的方括号表达式]'}
d3a77dcb,modules/vehicles/mecha/mecha_actions.dm,69,balloon_alert,toggled lights [chassis.mecha_flags & LIGHTS_ON ? ,,pending,{'[未闭合的方括号表达式]'}
f33e5e43,modules/vehicles/mecha/mecha_actions.dm,115,balloon_alert,Strafing mode [strafe?,,pending,{'[未闭合的方括号表达式]'}
15eb93ea,modules/vehicles/mecha/mecha_damage.dm,85,to_chat,"[icon2html(src, occupants)][span_boldnotice(",,pending,{'[未闭合的方括号表达式]'}
7af18ab3,modules/vehicles/mecha/mecha_damage.dm,87,to_chat,"[icon2html(src, occupants)][span_boldnotice(",,pending,{'[未闭合的方括号表达式]'}
5f3a2785,modules/vehicles/mecha/mecha_damage.dm,89,to_chat,"[icon2html(src, occupants)][span_boldnotice(",,pending,{'[未闭合的方括号表达式]'}
2e7c4229,modules/vehicles/mecha/mecha_defense.dm,36,to_chat,"[icon2html(src, occupants)][span_danger(",,pending,{'[未闭合的方括号表达式]'}
b6b1875b,modules/vehicles/mecha/mecha_defense.dm,49,to_chat,"[icon2html(src, occupants)][span_userdanger(",,pending,{'[未闭合的方括号表达式]'}
83451baf,modules/vehicles/mecha/mecha_defense.dm,360,to_chat,You add [amount_filled] [reload_box.ammo_type][amount_filled > 1?,,pending,{'[未闭合的方括号表达式]'}
92920e50,modules/vehicles/mecha/mecha_defense.dm,265,visible_message,[user] [hit_verb][plural_s(hit_verb)] [src] with [attacking_item][damage_taken ? ,,pending,{'[未闭合的方括号表达式]'}
8e21a547,modules/vehicles/mecha/mecha_movement.dm,20,to_chat,"[icon2html(src, occupants)][span_warning(",,pending,{'[未闭合的方括号表达式]'}
faa9b785,modules/vehicles/mecha/mecha_movement.dm,47,to_chat,"[icon2html(src, occupants)][span_warning(",,pending,{'[未闭合的方括号表达式]'}
17adcb4d,modules/vehicles/mecha/mecha_movement.dm,52,to_chat,"[icon2html(src, occupants)][span_danger(",,pending,{'[未闭合的方括号表达式]'}
45f77bc9,modules/vehicles/mecha/mecha_movement.dm,58,to_chat,"[icon2html(src, occupants)][span_warning(",,pending,{'[未闭合的方括号表达式]'}
8ac23839,modules/vehicles/mecha/mecha_movement.dm,63,to_chat,"[icon2html(src, occupants)][span_warning(",,pending,{'[未闭合的方括号表达式]'}
41720d38,modules/vehicles/mecha/mecha_movement.dm,68,to_chat,"[icon2html(src, occupants)][span_warning(",,pending,{'[未闭合的方括号表达式]'}
4c2872a5,modules/vehicles/mecha/mecha_movement.dm,73,to_chat,"[icon2html(src, occupants)][span_warning(",,pending,{'[未闭合的方括号表达式]'}
84223051,modules/vehicles/mecha/mecha_movement.dm,124,to_chat,"[icon2html(src, occupants)][span_warning(",,pending,{'[未闭合的方括号表达式]'}
1a13e311,modules/vehicles/mecha/mecha_parts.dm,180,name,\improper Clarke chassis,,pending,{'\\improper'}
acbbfe93,modules/vehicles/mecha/mecha_parts.dm,193,name,\improper Clarke left arm,,pending,{'\\improper'}
04d6acf2,modules/vehicles/mecha/mecha_parts.dm,198,name,\improper Clarke right arm,,pending,{'\\improper'}
1c490153,modules/vehicles/mecha/mecha_parts.dm,133,desc,A set of armor plates designed for the Gygax. Designed to effectively deflect damage with a lightweight construction.,,pending,译文含双引号
74343088,modules/vehicles/mecha/mecha_ui.dm,248,to_chat,"[icon2html(src, occupants)][span_notice(",,pending,{'[未闭合的方括号表达式]'}
96e68c5a,modules/vehicles/mecha/mecha_ui.dm,251,to_chat,"[icon2html(src, occupants)][span_notice(",,pending,{'[未闭合的方括号表达式]'}
e629b865,modules/vehicles/mecha/mecha_ui.dm,266,to_chat,"[icon2html(src, occupants)][span_notice(",,pending,{'[未闭合的方括号表达式]'}
420758c3,modules/vehicles/mecha/mecha_ui.dm,269,to_chat,"[icon2html(src, occupants)][span_warning(",,pending,{'[未闭合的方括号表达式]'}
d3a7697a,modules/vehicles/mecha/mecha_ui.dm,273,to_chat,"[icon2html(src, occupants)][span_notice(",,pending,{'[未闭合的方括号表达式]'}
f7021ec3,modules/vehicles/mecha/mecha_ui.dm,276,to_chat,"[icon2html(src, occupants)][span_warning(",,pending,{'[未闭合的方括号表达式]'}
19fc7a50,modules/vehicles/mecha/mecha_ui.dm,279,to_chat,"[icon2html(src, occupants)][span_danger(",,pending,{'[未闭合的方括号表达式]'}
d9dde0fd,modules/vehicles/mecha/mecha_ui.dm,261,balloon_alert,taking air from [use_internal_tank ? ,,pending,{'[未闭合的方括号表达式]'}
216e28e5,modules/vehicles/mecha/working/ripley.dm,191,to_chat,"[icon2html(src,  miner.occupants)][span_notice(",,pending,{'[未闭合的方括号表达式]'}
958c4418,modules/vehicles/mecha/working/ripley.dm,3,name,"\improper APLU MK-I \""Ripley\""",,pending,译文含双引号
0d18f36e,modules/vehicles/mecha/working/ripley.dm,61,name,"\improper APLU MK-II \""Ripley\""",,pending,译文含双引号
178d8a9e,modules/vehicles/mecha/working/ripley.dm,117,name,"\improper APLU \""Miner\""",,pending,译文含双引号
d3f941ab,modules/vehicles/mecha/working/ripley.dm,138,name,"\improper APLU \""Big Bess\""",,pending,译文含双引号
20080fd0,modules/vehicles/unmanned/unmanned_droid.dm,172,to_chat,"[icon2html(src, user)][span_notice(",,pending,{'[未闭合的方括号表达式]'}
91d48b44,modules/vehicles/unmanned/unmanned_droid.dm,180,to_chat,"[icon2html(src, user)][span_notice(",,pending,{'[未闭合的方括号表达式]'}
16583c6c,modules/vehicles/vehicle_attachments/weapon_attachments.dm,95,desc,"A pair of triple barreled 'light' gatling guns designed to be mounted in light vehicles such as SOM hover bikes. A smaller calibre round is used for optimal internal magazine capacity, but makes up for this with a ferocious rate of fire.",,pending,译文含双引号
87aed58e,modules/vehicles/vehicle_attachments/weapon_attachments.dm,137,desc,"A pair of triple barreled 'light' gatling guns designed to be mounted in light vehicles such as the SOM hover bikes. A smaller calibre round is used for optimal internal magazine capacity, but makes up for this with a ferocious rate of fire.",,pending,译文含双引号
adc7be0a,modules/xenomorph/_xeno_structure.dm,107,balloon_alert,\The [xeno_attacker] tears down \the [src]!,,pending,{'\\The'}
48d7def3,modules/xenomorph/silo.dm,42,name,[siloprefix == ,,pending,{'[未闭合的方括号表达式]'}
ec4f4c99,modules/xenomorph/tunnel.dm,153,visible_message,\The [M] begins crawling down into \the [src].,,pending,"{'\\The', '\\the'}"
