id,file,line,context,original,translation,status,error
92fe1579,__DEFINES/tgs.config.dm,5,to_chat,"[span_notice(""[html_encode(##message)]"")]","[span_notice(""[html_encode(##message)]"")]",translated,
d6d37491,__HELPERS/admin.dm,46,to_chat,"[span_prefix(""APPROVAL REQUEST:"")] <span class='message linkify'>[admin_message] | [admin_specific_options]</span>","[span_prefix(""批准请求："")] <span class='message linkify'>[admin_message] | [admin_specific_options]</span>",translated,
ca21bdee,_onclick/ai.dm,323,to_chat,"[icon2html(src, user)] [span_warning(""The rail gun hasn't cooled down yet!"")]","[icon2html(src, user)] [span_warning(""导轨炮尚未冷却完毕！"")]",translated,
40741509,_onclick/ai.dm,326,to_chat,"[icon2html(src, user)] [span_warning(""No target detected!"")]","[icon2html(src, user)] [span_warning(""未检测到目标！"")]",translated,
60f23b79,_onclick/ventcrawl.dm,51,visible_message,"[stealthy ? ""[src] begins climbing into the ventilation system..."" : """"]","[stealthy ? ""[src]开始爬入通风系统..."" : """"]",translated,
d77517a7,_onclick/ventcrawl.dm,67,visible_message,"[stealthy ? ""[src] scrambles into the ventilation ducts!"" : """"]","[stealthy ? ""[src] 爬进了通风管道！"" : """"]",translated,
d9118efc,controllers/master.dm,410,to_chat,"<i>CRITICAL:</i> These subsystems have circular dependencies and cannot be initialized: [jointext(usr_msg, "", "")]","<i>严重：</i>这些子系统存在循环依赖，无法初始化：[jointext(usr_msg, "", "")]",translated,
2c77a91b,controllers/subsystem/ticker.dm,352,to_chat,"The alive players limit has been released!<br><a href='byond://?src=[REF(NP)];lobby_choice=late_join;override=1'>[html_encode("">>Join Game<<"")]</a>","存活玩家限制已解除！<br><a href='byond://?src=[REF(NP)];lobby_choice=late_join;override=1'>[html_encode("">>加入游戏<<"")]</a>",translated,
0c266ebd,controllers/subsystem/timer.dm,498,name,"Timer: [id] (\ref[src]), TTR: [timeToRun], wait:[wait] Flags: [jointext(bitfield2list(flags, bitfield_flags), "", "")], \
","计时器：[id] (\ref[src])，TTR：[timeToRun]，等待：[wait] 标志：[jointext(bitfield2list(flags, bitfield_flags), "", "")]，\",translated,
8530e91d,datums/actions/observer_action.dm,92,to_chat,"Someone has already joined the round with this character name. Go to 'Game Preferences' under the Preferences tab, and change your character/name.",已有人使用此角色名加入本局游戏。请前往'偏好设置'标签页下的'游戏偏好'中，更改你的角色/名称。,translated,
68c49f21,datums/components/bump_attack.dm,29,balloon_alert,"[should_enable ? ""attacking"" : ""pushing""] enemies in your way","[should_enable ? ""攻击"" : ""推开""]你路径上的敌人",translated,
6449f032,datums/components/chem_booster.dm,287,to_chat,"Commencing green blood injection.<b>[(automatic_meds_use && meds_beaker.reagents.total_volume) ? "" Adding additional reagents."" : """"]</b>","开始注入绿色血液。<b>[(automatic_meds_use && meds_beaker.reagents.total_volume) ? "" 正在添加额外试剂。"" : """"]</b>",translated,
f7b5718d,datums/components/chem_booster.dm,447,balloon_alert,"[automatic_meds_use ? ""now"" : ""no longer""] injecting loaded reagents","[automatic_meds_use ? ""now"" : ""no longer""] 注入已装载的试剂",translated,
45d1efe8,datums/components/grillable.dm,76,visible_message,"<span class='[positive_result ? ""notice"" : ""warning""]'>[parent] turns into \a [grilled_result]!</span>","<span class='[positive_result ? ""notice"" : ""warning""]'>[parent] 变成了 \a [grilled_result]！</span>",translated,
d56b0891,datums/components/harvester.dm,271,to_chat,"You prepare to stab <b>[target != user ? ""[target]"" : ""yourself""]</b>!","你准备刺向<b>[target != user ? ""[target]"" : ""自己""]</b>！",translated,
cf0f8b7a,datums/components/riding/riding_mob.dm,171,to_chat,"<span class='danger'>[human_parent] falls to the ground, bringing you with [human_parent.p_them()]!</span>",<span class='danger'>[human_parent] 摔倒在地，把你也带倒了！</span>,translated,
9d809a5b,datums/components/riding/riding_mob.dm,283,to_chat,"<span class='danger'>[carrying_crusher] falls to the ground, bringing you with [carrying_crusher.p_them()]!</span>",<span class='danger'>[carrying_crusher] 摔倒在地，把你也一起带倒了！</span>,translated,
0de8b0a7,datums/components/riding/riding_mob.dm,388,to_chat,"[carrying_runner] falls to the ground, bringing you with [carrying_runner.p_them()]!",[carrying_runner] 摔倒在地，把你也一起带倒了！,translated,
142fd4d8,datums/components/rotation.dm,157,balloon_alert,"[rotation_type == ROTATION_FLIP ? ""flipped"" : ""rotated""]","[rotation_type == ROTATION_FLIP ? ""翻转"" : ""旋转""]",translated,
05856d68,datums/components/shield.dm,187,to_chat,"\The [parent_item.name] [. ? ""softens"" : ""soaks""] the damage!","\The [parent_item.name] [. ? ""软化了"" : ""吸收了""]伤害！",translated,
7e35dfa6,datums/components/shield.dm,254,to_chat,"\The [parent_item.name] [. ? ""softens"" : ""soaks""] the damage!","\The [parent_item.name] [. ? ""软化了"" : ""吸收了""]伤害！",translated,
c56403a8,datums/elements/riding.dm,46,visible_message,<span class='warning'>[potential_rider] can't get [potential_rider.p_their()] footing on [target_movable]!</span>,<span class='warning'>[potential_rider] 无法在 [target_movable] 上站稳！</span>,translated,
41d3d1bd,datums/elements/scalping.dm,18,visible_message,[user] starts to tear into [M] with \the [source],[user]开始用\the [source]撕扯[M],translated,
483a9a83,datums/emergency_calls/clf.dm,11,to_chat,"<B>You grew up [pick(""on the TGMC prison station"",""in the LV-624 jungle"",""on a desert planet"",""on an icy colony"")] to a[pick(50;"" poor"", 15;"" well-off"", 35;""n average"")] family.</B>","<B>你成长于[pick(""地球政府殖民地海军陆战队的监狱空间站"",""LV-624的丛林"",""一颗沙漠星球"",""一个冰封殖民地"")]的一个[pick(50;""贫困"", 15;""富裕"", 35;""普通"")]家庭。</B>",translated,
2157008c,datums/emergency_calls/clf.dm,12,to_chat,"<B>You joined the CLF because [pick(20;""you harbor a strong hatred for the oppressive TerraGov"",5;""you are good at killing, and in times like these this is the place to be"", 10;""your militia was absorbed into the CLF"")] and you are considered a terrorist by the TGMC.</B>","<B>你加入殖民地解放阵线是因为[pick(20;""你对压迫性的地球政府怀有强烈的仇恨"",5;""你擅长杀戮，而在这个时代这正是你的用武之地"", 10;""你的民兵组织被并入了殖民地解放阵线"")]，并且你被地球政府殖民地海军陆战队视为恐怖分子。</B>",translated,
2c581596,datums/emergency_calls/colonists.dm,29,to_chat,"<p style='font-size:1.5em'>[span_notice(""You are a colonist. You... wait for further orders!"")]</p>","<p style='font-size:1.5em'>[span_notice(""你是一名殖民者。你……等待进一步命令！"")]</p>",translated,
140e851d,datums/emergency_calls/deathsquad.dm,9,to_chat,"<B>Though rumors say that [pick(""you work for a death squad group assigned in"", ""you were modified to not feel any emotions in a research lab of"", ""you were a soldier who was affected by PTSD after an operation in"", ""you were an product of a classified genetics research in"", ""you were an experimental soldier in the depths of"", ""left for dead and later recovered in"", ""listed as KIA but remained alive during a botchered operation in"", 5;""raised literally from the depths of hell itself. Only until you were recovered in"", 5;""raised literally from the Higher Power. But realized you were in"")] [pick(10;""Mars"", 10;""Earth's moon, Luna"", 10;""Earth"", 10;""a space station"", ""a war-ridden outpost"", ""a jungle"", ""a defunct TGMC-NT station"", ""a desert planet"", ""an icey colony"", ""a frozen cave system"", ""a molten planet"", ""a digsite"", ""a research outpost"")].</B>","<B>尽管有传言说[pick(""你曾效力于一支部署在"", ""你在某研究实验室中被改造得毫无情感，该实验室位于"", ""你是一名士兵，在某个行动后患上了创伤后应激障碍，该行动发生在"", ""你是某项机密基因研究的产物，研究地点在"", ""你曾是深处某地的实验性士兵，该地位于"", ""你被遗弃等死，后来在某个地方被救回，该地位于"", ""你被列为阵亡，但在一次失败的行动中幸存下来，该行动发生在"", 5;""你简直是从地狱深处被抚养长大。直到后来你在"", 5;""你简直是被更高存在抚养长大。但后来意识到自己身处"")] [pick(10;""火星"", 10;""地球的卫星——月球"", 10;""地球"", 10;""一座空间站"", ""一个饱受战火蹂躏的前哨站"", ""一片丛林"", ""一座废弃的地球政府殖民地海军陆战队-纳米传讯空间站"", ""一颗沙漠行星"", ""一个冰封的殖民地"", ""一个冰冻洞穴系统"", ""一颗熔岩行星"", ""一处考古挖掘现场"", ""一个研究前哨站"")]。</B>",translated,
2de2ea5f,datums/emergency_calls/deathsquad.dm,12,to_chat,"<B>Today, you and your squadmates are sent by Nanotrasen to the TGMC vessel, [SSmapping.configs[SHIP_MAP].map_name], after a long period of [pick(""cryostasis"", ""rest and relaxation"")].</b>","<B>今天，你和你的小队成员被纳米传讯派往地球政府殖民地海军陆战队的舰船，[SSmapping.configs[SHIP_MAP].map_name]，经过一段漫长的[pick(""低温休眠"", ""休整与放松"")]后。</b>",translated,
8a9537ff,datums/emergency_calls/deathsquad.dm,40,to_chat,"<p style='font-size:1.5em'>[span_notice(""You are the leader of the elite Asset Protection commando squad."")]</p>","<p style='font-size:1.5em'>[span_notice(""你是精英资产保护突击小队的队长。"")]</p>",translated,
5639a32c,datums/emergency_calls/deathsquad.dm,46,to_chat,"<p style='font-size:1.5em'>[span_notice(""You are a member of the elite Asset Protection commando squad."")]</p>","<p style='font-size:1.5em'>[span_notice(""你是精英资产保护突击小队的一员。"")]</p>",translated,
851a2ae3,datums/emergency_calls/deathsquad.dm,51,to_chat,"<p style='font-size:1.5em'>[span_notice(""You are a member of the elite Asset Protection commando squad."")]</p>","<p style='font-size:1.5em'>[span_notice(""你是精英资产保护突击小队的一员。"")]</p>",translated,
3d1c058e,datums/emergency_calls/emergency_call.dm,81,to_chat,"<br><font size='3'>[span_attack(""An emergency beacon has been activated. Use the <B>Ghost > <a href='byond://?src=[REF(M)];join_ert=1'>Join Response Team</a></b> verb to join!"")]</font><br>","<br><font size='3'>[span_attack(""紧急信标已激活。使用 <B>幽灵 > <a href='byond://?src=[REF(M)];join_ert=1'>加入响应小队</a></b> 动词加入！"")]</font><br>",translated,
fa6a223f,datums/emergency_calls/emergency_call.dm,82,to_chat,"[span_attack(""You cannot join if you have Ghosted before this message."")]<br>","[span_attack(""若在此消息前已进入幽灵状态，则无法加入。"")]<br>",translated,
cb1e16af,datums/emergency_calls/erp.dm,30,to_chat,"<p style='font-size:1.5em'>[span_notice(""You are an ERP Master Prankster sent to entertain & prank at the TGMC distress signal location sent nearby. Coordinate your fellow entertainers & pranksters in bringing joy to this situation!"")]</p>","<p style='font-size:1.5em'>[span_notice(""你是一名ERP恶作剧大师，被派往地球政府殖民地海军陆战队求救信号附近的地点进行娱乐和恶作剧。协调你的娱乐家和恶作剧同伴，为这个局面带来欢乐！"")]</p>",translated,
431fc102,datums/emergency_calls/erp.dm,36,to_chat,"<p style='font-size:1.5em'>[span_notice(""You are an ERP Pie Thrower sent to entertain & prank at the TGMC distress signal location sent nearby. Fire your amazing explosive pies at the sources of anti-fun!"")]</p>","<p style='font-size:1.5em'>[span_notice(""你是一名ERP馅饼投掷手，被派往地球政府殖民地海军陆战队求救信号附近的地点进行娱乐和恶作剧。向那些破坏乐趣的家伙发射你神奇的爆炸馅饼吧！"")]</p>",translated,
8fd28ef9,datums/emergency_calls/erp.dm,42,to_chat,"<p style='font-size:1.5em'>[span_notice(""You are an ERP Boo-boo Kisser sent to entertain & prank at the TGMC distress signal location sent nearby. Use your anti-boo-boo equipment to keep your fellow pranksters alive & FUN!"")]</p>","<p style='font-size:1.5em'>[span_notice(""你是一名ERP恶作剧安抚员，被派往地球政府殖民地海军陆战队求救信号附近的地点进行娱乐和恶作剧。使用你的反恶作剧设备来让你的恶作剧伙伴们活着并保持乐趣！"")]</p>",translated,
55846bb8,datums/emergency_calls/erp.dm,47,to_chat,"<p style='font-size:1.5em'>[span_notice(""You are an ERP Prankster sent to entertain & prank at the TGMC distress signal location sent nearby. Entertain your friends & prank sources of anti-fun!"")]</p>","<p style='font-size:1.5em'>[span_notice(""你是一名被派往地球政府殖民地海军陆战队求救信号附近地点进行娱乐和恶作剧的ERP恶作剧者。娱乐你的朋友们，并恶作剧那些扫兴的家伙！"")]</p>",translated,
3e252335,datums/emergency_calls/freelancers.dm,16,to_chat,"<B>You are part of a [pick(75;""distant"", 25;""close"")] family in a colony of [pick(25;""a space station"", 25;""Earth"", 50;""one of the many colonized planets"")].</b>","<B>你来自一个[pick(75;""遥远的"", 25;""关系紧密的"")]家庭，生活在[pick(25;""一座空间站"", 25;""地球"", 50;""众多殖民星球之一"")]的殖民地。</b>",translated,
179bd5d1,datums/emergency_calls/freelancers.dm,17,to_chat,"<B>However, due to [pick(""a famine"", ""a poverty"", ""a disease outbreak"", ""a small-scale disaster"", ""an uprising"", ""a mutiny"", ""the unbearable conditions"", ""the bad state"", ""the harsh opinion"")] in your colony, you abandoned her. You were then hired by [pick(""your cousin, who is a freelancer"", ""some freelancers"", ""a group of freelancers"", ""a squad of ex-military freelancers"", ""your long-lived companion, who is a freelancer"")] to be part of a freelance mercenary group.</b>","<B>然而，由于你的殖民地遭遇了[pick(""一场饥荒"", ""一场贫困"", ""一次疾病爆发"", ""一场小规模灾难"", ""一次起义"", ""一次兵变"", ""难以忍受的条件"", ""糟糕的状况"", ""严苛的舆论"")]，你抛弃了她。随后，你被[pick(""你那位身为自由佣兵的表亲"", ""一些自由佣兵"", ""一群自由佣兵"", ""一队前军事人员组成的自由佣兵"", ""你那位长寿的同伴，他是一名自由佣兵"")]雇佣，成为了一个自由佣兵团体的一员。</b>",translated,
b424ae21,datums/emergency_calls/icc.dm,48,to_chat,"<p style='font-size:1.5em'>[span_notice(""You are a trained member of the ICCGF, unlike most you are a dedicated infantryman, better known as a 'Guardsman'. You have been attached to this ICCN group to investigate the TGMC distress signal sent nearby. Be the vanguard of your squad!"")]</p>","<p style='font-size:1.5em'>[span_notice(""你是一名训练有素的ICCGF成员，与大多数人不同，你是一名专职步兵，更广为人知的称呼是'卫军士兵'。你被配属到这个ICCN小组，以调查附近发出的TGMC求救信号。成为你小队的先锋吧！"")]</p>",translated,
10aebd5f,datums/emergency_calls/imperium.dm,6,to_chat,"<B>You grew up [pick(""on Cadia, the guardsmen factory"", ""on Holy Terra, the cradle of the Imperium"")] to [pick(5;""a wealthy family of nobles, but you weren't as good as they wanted you to be, so they kicked you out"",95;""a poor family that let you go on your own after you reached mature age, you never saw them again"")].</B>","<B>你成长于[pick(""卡迪亚，那个卫军工厂"",""神圣泰拉，帝国的摇篮"")]，来自[pick(5;""一个富裕的贵族家庭，但你未能达到他们的期望，于是被逐出家门"",95;""一个贫困的家庭，在你成年后便让你自谋生路，从此再未相见"")]。</B>",translated,
08e2375f,datums/emergency_calls/imperium.dm,7,to_chat,"<B>You joined the Imperial Guard because [pick(""you had nothing to lose, so you went with the worst, at least you could be somewhat useful"", ""after having your life be nothing but misery, you decided to make it even worse"")].</B>","<B>你加入帝国卫队是因为[pick(""你已一无所有，索性选择了最糟的选项，至少还能有点用处"", ""在经历了只有苦难的人生后，你决定让它变得更糟"")]。</B>",translated,
b37e8c8f,datums/emergency_calls/imperium.dm,31,to_chat,"<p style='font-size:1.5em'>[span_notice(""You are a veteran of the Imperial Guard, a sergeant.\nYou lead your men to battle, and have fought many times."")] [span_danger(""FOR THE EMPEROR!"")]</p>","<p style='font-size:1.5em'>[span_notice(""你是一名帝国卫队的老兵，一名军士长。\n你带领你的士兵投入战斗，身经百战。"")] [span_danger(""为了皇帝！"")]</p>",translated,
4ab911af,datums/emergency_calls/imperium.dm,37,to_chat,"<p style='font-size:1.5em'>[span_notice(""You are a medicae of the Imperial Guard, a medic.\nYou help fellow guardsmen to live, and if they cannot be saved, you end their suffering."")] [span_danger(""FOR THE EMPEROR!"")]</p>","<p style='font-size:1.5em'>[span_notice(""你是一名帝国卫队的医疗兵，一名军医。\n你帮助战友们活下去，如果他们无法被拯救，你便终结他们的痛苦。"")] [span_danger(""为了帝皇！"")]</p>",translated,
02c76d70,datums/emergency_calls/imperium.dm,43,to_chat,"<p style='font-size:1.5em'>[span_notice(""You are a member of the Imperial Guard, a lowly guardsman.\nThere are many like you, but you are special in your own way.\n"")][span_danger(""FOR THE EMPEROR!"")]</p>","<p style='font-size:1.5em'>[span_notice(""你是帝国卫队的一员，一名卑微的卫军士兵。\n像你这样的人有很多，但你自有你的独特之处。\n"")][span_danger(""为了帝皇！"")]</p>",translated,
ca7c279c,datums/emergency_calls/pizza.dm,29,to_chat,"<p style='font-size:1.5em'>[span_notice(""You are a Zippy Pizza delivery person and are assigned by your employers to... deliver pizza on the ship via distress signal!"")]</p>","<p style='font-size:1.5em'>[span_notice(""你是一名Zippy披萨外卖员，你的雇主指派你……通过求救信号到这艘船上送披萨！"")]</p>",translated,
655710b3,datums/emergency_calls/pmc.dm,16,to_chat,"<B>After leaving your [pick(75;""distant"", 20;""close"", 5;""ever-lovingly close"")] [pick(""family"", ""friends"", ""band of friends"", ""friend group"", ""relatives"", ""cousins"")] [pick(""behind"", ""behind in safety"", ""behind secretly"", ""behind regrettably"")], you decided to join the ranks of a private military contracting group working for Nanotrasen.</b>","<B>在告别了您那[pick(75;""遥远的"", 20;""亲密的"", 5;""无比亲密的"")][pick(""家人"", ""朋友"", ""伙伴们"", ""朋友圈"", ""亲戚"", ""表亲们"")][pick(""之后"", ""让他们留在安全地带之后"", ""秘密离开他们之后"", ""怀着遗憾离开他们之后"")]，您决定加入一个为纳米传讯工作的私人军事承包团队。</b>",translated,
28a01651,datums/emergency_calls/pmc.dm,17,to_chat,"<B>Working there has proven to be [pick(50;""very"", 20;""somewhat"", 5;""astoundingly"")] profitable for you.</b>","<B>在那里工作对你来说[已选择(50;""非常"", 20;""还算"", 5;""惊人地"")]有利可图。</b>",translated,
2873b046,datums/emergency_calls/pmc.dm,18,to_chat,"<B>While you are [pick(""enlisted as"", ""officially"", ""part-time officially"", ""privately"")] [pick(""an employee"", ""a security officer"", ""an officer"")], much of your work is off the books. You work as a skilled rapid-response contractor.</b>","<B>虽然你[pick(""被征召为"", ""正式"", ""兼职正式"", ""私下"")][pick(""一名雇员"", ""一名安保人员"", ""一名军官"")]，但你的大部分工作都是非官方的。你是一名熟练的快速响应承包商。</b>",translated,
e5ed69a4,datums/emergency_calls/pmc.dm,45,to_chat,"<p style='font-size:1.5em'>[span_notice(""You are the leader of this private military contractor team in responding to the TGMC distress signal sent out nearby. Address the situation and get your team to safety!"")]</p>","<p style='font-size:1.5em'>[span_notice(""你是这支私人军事承包商团队的领导者，负责响应附近发出的地球政府殖民地海军陆战队求救信号。应对当前局势，带领你的团队安全撤离！"")]</p>",translated,
b46b852f,datums/emergency_calls/pmc.dm,51,to_chat,"<p style='font-size:1.5em'>[span_notice(""You are a PMC heavy gunner assigned to this team to respond to the TGMC distress signal sent out nearby. Be the back guard of your squad!"")]</p>","<p style='font-size:1.5em'>[span_notice(""你是一名PMC重机枪手，被指派到这支队伍，以响应附近发出的地球政府殖民地海军陆战队求救信号。成为你小队的后卫！"")]</p>",translated,
9da81853,datums/emergency_calls/pmc.dm,58,to_chat,"<p style='font-size:1.5em'>[span_notice(""You are a PMC heavy sniper assigned to this team to respond to the TGMC distress signal sent out nearby. Support your squad with long ranged firepower!"")]</p>","<p style='font-size:1.5em'>[span_notice(""你是一名PMC重型狙击手，被指派到这支队伍，以响应附近发出的TGMC求救信号。用你的远程火力支援你的小队！"")]</p>",translated,
0b85c521,datums/emergency_calls/pmc.dm,64,to_chat,"<p style='font-size:1.5em'>[span_notice(""You are a private military contractor assigned to this team to respond to the TGMC distress signal sent out nearby. Assist your team and protect NT's interests whenever possible!"")]</p>","<p style='font-size:1.5em'>[span_notice(""你是一名私人军事承包商，被指派到这支队伍，以响应附近发出的地球政府殖民地海军陆战队求救信号。协助你的队伍，并尽可能保护纳米传讯的利益！"")]</p>",translated,
10898d71,datums/emergency_calls/sectoid.dm,38,to_chat,"<p style='font-size:1.5em'>[span_notice(""You are the leader of this scouting expedition. You are able to use your stronger psionic powers to protect yourself from harm."")]</p>","<p style='font-size:1.5em'>[span_notice(""你是这次侦察行动的领导者。你能够运用更强大的灵能力量来保护自己免受伤害。"")]</p>",translated,
ab6fc7c2,datums/emergency_calls/sectoid.dm,44,to_chat,"<p style='font-size:1.5em'>[span_notice(""You are a psionic warrior, with moderate psionic potential."")]</p>","<p style='font-size:1.5em'>[span_notice(""你是一名灵能战士，拥有中等的灵能潜力。"")]</p>",translated,
1c64ebc0,datums/emergency_calls/sectoid.dm,50,to_chat,"<p style='font-size:1.5em'>[span_notice(""You are a grunt, with limited psionic potential."")]</p>","<p style='font-size:1.5em'>[span_notice(""你是一名普通士兵，灵能潜力有限。"")]</p>",translated,
b294a1c9,datums/emergency_calls/skeleton.dm,34,to_chat,"<p style='font-size:1.5em'>[span_notice(""You are the skeleton-in-chief. Lead your long-dead comrades to un-undeath or glory."")]</p>","<p style='font-size:1.5em'>[span_notice(""你是骷髅总帅。带领你早已死去的战友们走向非非死亡或荣耀。"")]</p>",translated,
8252cc62,datums/emergency_calls/skeleton.dm,39,to_chat,"<p style='font-size:1.5em'>[span_notice(""You are a skeleton, with cool bones and stuff."")]</p>","<p style='font-size:1.5em'>[span_notice(""你是一具骷髅，有着酷酷的骨头之类的。"")]</p>",translated,
59f96036,datums/emergency_calls/sons_of_mars_breachers.dm,10,to_chat,"<B>You [pick(""grew up in the mines working in horrible conditions until signing up to"", ""were part of a poor family until you decided to leave to join"", ""were born on a colony on Mars to a family of several brothers and sisters before leaving to"", ""worked at horrible conditions in the mines until deciding to leave to join"", ""have a proud family tradition of military service so enrolled as early as possible to serve"")] the Sons of Mars (SoM).</b>","<B>你[pick(""在恶劣的矿场环境中长大，直到签约加入"", ""出身贫寒家庭，直到决定离开并加入"", ""出生在火星殖民地的一个多兄弟姐妹家庭，之后离开并"", ""在恶劣的矿场条件下工作，直到决定离开并加入"", ""拥有光荣的家族从军传统，因此尽早入伍服役于"")]火星之子（SoM）。</b>",translated,
bc335c7d,datums/emergency_calls/sons_of_mars_breachers.dm,11,to_chat,"<B>Due to your [pick(""marked distinction in combat"", ""ruthless record fighting against TGMC"", ""family's connections"", ""previous failures in combat"")] you have been assigned to the 5th Special Assault Force of the SOM.</b>","<B>由于你[pick(""在战斗中表现突出"", ""对抗TGMC的冷酷记录"", ""家族关系"", ""先前在战斗中的失利"")]，你已被分配到SOM第五特种突击部队。</b>",translated,
12aaadb7,datums/emergency_calls/sons_of_mars_breachers.dm,42,to_chat,"<p style='font-size:1.5em'>[span_notice(""You are a member of the Sons of Mars assigned to lead this elite breaching team, sent to response to the TGMC distress signal sent out nearby. Lead your team with conviction and crush the Terra Gov scum!"")]</p>","<p style='font-size:1.5em'>[span_notice(""你是火星之子的一员，奉命领导这支精英破门小队，前来响应附近发出的TGMC求救信号。带着信念领导你的队伍，碾碎地球政府的渣滓！"")]</p>",translated,
97333a4e,datums/emergency_calls/sons_of_mars_breachers.dm,47,to_chat,"<p style='font-size:1.5em'>[span_notice(""You are a Sons of Mars medic assigned to this elite breaching team, sent to response to the TGMC distress signal sent out nearby. Keep your squad alive in this fight!"")]</p>","<p style='font-size:1.5em'>[span_notice(""你是一名被指派到这支精英突击队的火星之子医疗兵，奉命前来响应附近发出的地球政府殖民地海军陆战队求救信号。在这场战斗中，务必让你的小队存活下来！"")]</p>",translated,
c3b45744,datums/emergency_calls/sons_of_mars_breachers.dm,53,to_chat,"<p style='font-size:1.5em'>[span_notice(""You are a veteran of the Sons of Mars trusted with specialised weaponry. You are assigned to this elite breaching team, sent to response to the TGMC distress signal sent out nearby. Do them proud and kill all who stand in your way!"")]</p>","<p style='font-size:1.5em'>[span_notice(""你是一名备受信赖、配备特种武器的火星之子老兵。你被指派加入这支精英破袭小队，前来响应附近发出的地球政府殖民地海军陆战队求救信号。为他们争光，消灭所有挡路者！"")]</p>",translated,
f070aafa,datums/emergency_calls/sonsofmars.dm,11,to_chat,"<B>You [pick(""grew up in the mines working in horrible conditions until signing up to"", ""were part of a poor family until you decided to leave to join"", ""were born on a colony on Mars to a family of several brothers and sisters before leaving to"", ""worked at horrible conditions in the mines until deciding to leave to join"")] the Sons of Mars (SoM).</b>","<B>你[pick(""在恶劣的矿场环境中长大，直到签约加入"", ""出身贫寒家庭，直到你决定离开并加入"", ""出生在火星殖民地的一个多兄弟姐妹家庭，之后离开并"", ""在恶劣的矿场条件下工作，直到决定离开并加入"")]了火星之子（SoM）。</b>",translated,
480f0c95,datums/emergency_calls/sonsofmars.dm,41,to_chat,"<p style='font-size:1.5em'>[span_notice(""You are a member of the Sons of Mars assigned to lead this fireteam to the TGMC distress signal sent out nearby. Lead your fireteam to top-working conidition!"")]</p>","<p style='font-size:1.5em'>[span_notice(""你是火星之子的一员，奉命率领这支火力小组前往附近地球政府殖民地海军陆战队发出的求救信号。带领你的火力小组进入最佳工作状态！"")]</p>",translated,
bad70c6d,datums/emergency_calls/sonsofmars.dm,46,to_chat,"<p style='font-size:1.5em'>[span_notice(""You are a Sons of Mars medic assigned to this fireteam to respond to the TGMC distress signal sent out nearby. Keep your squad alive in this fight!"")]</p>","<p style='font-size:1.5em'>[span_notice(""你是一名火星之子医疗兵，被指派到这个火力小组，以响应附近发出的地球政府殖民地海军陆战队求救信号。在这场战斗中，务必让你的小队活下去！"")]</p>",translated,
71f62075,datums/emergency_calls/sonsofmars.dm,52,to_chat,"<p style='font-size:1.5em'>[span_notice(""You are a veteran of the Sons of Mars trusted with specialised weaponry. You are assigned to this fireteam to respond to the TGMC distress signal sent out nearby. Do them proud and kill all who stand in your teams way!"")]</p>","<p style='font-size:1.5em'>[span_notice(""你是一名备受信赖、配备特种武器的火星之子老兵。你被指派加入这支火力小组，以响应附近发出的地球政府殖民地海军陆战队求救信号。为他们争光，消灭所有阻挡你小队前进的敌人！"")]</p>",translated,
b6626d7b,datums/emergency_calls/sonsofmars.dm,58,to_chat,"<p style='font-size:1.5em'>[span_notice(""You are a veteran of the Sons of Mars and are assigned to this fireteam to respond to the TGMC distress signal sent out nearby. Do them proud and kill all who stand in your teams way!"")]</p>","<p style='font-size:1.5em'>[span_notice(""你是一名火星之子的老兵，被指派到这个火力小组来响应附近发出的地球政府殖民地海军陆战队求救信号。为他们争光，消灭所有阻挡你小队前进的敌人！"")]</p>",translated,
a465a59a,datums/emergency_calls/special_forces.dm,40,to_chat,"<p style='font-size:1.5em'>[span_notice(""You are the specially trained drone operator of this special force group directed to investigate the TGMC distress signal sent nearby. Don't let you and your team's guard down!"")]</p>","<p style='font-size:1.5em'>[span_notice(""你是这支奉命调查附近地球政府殖民地海军陆战队求救信号的特种部队中，受过专门训练的工蜂操作员。不要让你和你的团队放松警惕！"")]</p>",translated,
e231cd01,datums/emergency_calls/special_forces.dm,46,to_chat,"<p style='font-size:1.5em'>[span_notice(""You are a specially trained member of this special force group directed to investigate the TGMC distress signal sent nearby. Be the vanguard of your squad!"")]</p>","<p style='font-size:1.5em'>[span_notice(""你是这支奉命调查附近地球政府殖民地海军陆战队求救信号的特种部队中受过特殊训练的成员。成为你小队的先锋！"")]</p>",translated,
52e1d825,datums/emergency_calls/upp.dm,9,to_chat,"<B>You grew up on [pick(50;""an asteriod"", 25;""a famished colony"", 25;""a classified station"")] with [pick(75;""few"", 25;""some"")] belongings or luxuries.</B>","<B>你在[pick(50;""一颗小行星"", 25;""一个贫瘠的殖民地"", 25;""一座保密的空间站"")]上长大，拥有[pick(75;""很少"", 25;""一些"")]财产或奢侈品。</B>",translated,
96393fe8,datums/emergency_calls/upp.dm,10,to_chat,"<B>The family you grew up with were [pick(50;""getting by"", 25;""impoverished"", 25;""starving"")] and you were one of [pick(10;""two"", 20;""three"", 30;""four"", 20;""five"", 20;""six"")] children.</B>","<B>你成长的家庭[prob(50) ? ""勉强维持生计"" : prob(25) ? ""一贫如洗"" : ""食不果腹""]，你是[prob(10) ? ""两个"" : prob(20) ? ""三个"" : prob(30) ? ""四个"" : prob(20) ? ""五个"" : ""六个""]孩子之一。</B>",translated,
e163aaa5,datums/emergency_calls/upp.dm,11,to_chat,"<B>You come from a long line of [pick(50;""pirates"", 25;""renegades"", 25;""rogue soldiers"")] and quickly joined the local band to improve your living conditions.</B>","<B>你出身于一个有着悠久历史的[选择(50;""海盗"", 25;""叛徒"", 25;""叛变士兵"")]家族，并迅速加入了当地的团伙以改善你的生活条件。</B>",translated,
e6eff1fb,datums/emergency_calls/upp.dm,15,to_chat,"You speak in a language that humans cannot understand, only you and your fellow pirates can.<br>Type in <b>\"",0 <text>\"" in the say verb</b> to speak in Galactic Common.<br>Type in <b>\"";,0 <text>\"" in the say verb</b> to commincate the radio in Galactic Common.","你使用一种人类无法理解的语言说话，只有你和你的海盗同伴能听懂。<br>在说话动词中输入<b>"",0 <文本>""</b>来使用银河通用语说话。<br>在说话动词中输入<b>"";,0 <文本>""</b>来使用银河通用语进行无线电通讯。",translated,
1b81f58c,datums/emergency_calls/upp.dm,41,to_chat,"<p style='font-size:1.5em'>[span_notice(""You are the leader of the USL pirate band in responding to the TGMC distress signal sent nearby. Let your squadmates march to battle, for the USL!"")]</p>","<p style='font-size:1.5em'>[span_notice(""你是响应附近地球政府殖民地海军陆战队求救信号的联合太空鳞翅目海盗团伙头目。让你的队员们向战场进军，为了联合太空鳞翅目！"")]</p>",translated,
ca8d5f11,datums/emergency_calls/upp.dm,47,to_chat,"<p style='font-size:1.5em'>[span_notice(""You are a medic of the USL pirate band to respond to the TGMC distress signal sent nearby. Kit up and get ready to tend wounds!"")]</p>","<p style='font-size:1.5em'>[span_notice(""你是联合太空鳞翅目海盗团的一名医疗兵，前来响应附近发出的地球政府殖民地海军陆战队求救信号。装备好你的医疗包，准备处理伤员！"")]</p>",translated,
5531a7be,datums/emergency_calls/upp.dm,54,to_chat,"<p style='font-size:1.5em'>[span_notice(""You are a specialist of the USL pirate band to respond to the TGMC distress signal sent nearby. Crush the vermin!"")]</p>","<p style='font-size:1.5em'>[span_notice(""你是联合太空鳞翅目海盗团伙的专家，前来响应附近发出的地球政府殖民地海军陆战队求救信号。碾碎这些害虫！"")]</p>",translated,
daa442be,datums/emergency_calls/upp.dm,59,to_chat,"<p style='font-size:1.5em'>[span_notice(""You are a member of the USL pirate band to respond to the TGMC distress signal sent nearby. Do not forget your training, stand tall with your other pirates!"")]</p>","<p style='font-size:1.5em'>[span_notice(""你是联合太空鳞翅目海盗团的一员，前来响应附近发出的地球政府殖民地海军陆战队求救信号。别忘了你的训练，和你的海盗同伴们并肩作战！"")]</p>",translated,
e94a76dc,datums/emergency_calls/upp.dm,69,to_chat,"<B>You grew up on [pick(50;""an asteriod"", 25;""a famished colony"", 25;""a classified station"")] with [pick(75;""few"", 25;""some"")] belongings or luxuries.</B>","<B>你在[pick(50;""一颗小行星"", 25;""一个贫瘠的殖民地"", 25;""一座保密的空间站"")]上长大，拥有[pick(75;""很少"", 25;""一些"")]财产或奢侈品。</B>",translated,
eda347e9,datums/emergency_calls/upp.dm,70,to_chat,"<B>The family you grew up with were [pick(50;""getting by"", 25;""impoverished"", 25;""starving"")] and you were one of [pick(10;""two"", 20;""three"", 30;""four"", 20;""five"", 20;""six"")] children.</B>","<B>你成长的家庭[prob(50) ? ""勉强维持生计"" : prob(25) ? ""一贫如洗"" : ""食不果腹""]，你是[prob(10) ? ""两个"" : prob(20) ? ""三个"" : prob(30) ? ""四个"" : prob(20) ? ""五个"" : ""六个""]孩子之一。</B>",translated,
2630ecd9,datums/emergency_calls/upp.dm,71,to_chat,"<B>You come from a long line of [pick(50;""pirates"", 25;""renegades"", 25;""rogue soldiers"")] and quickly joined the local band to improve your living conditions.</B>","<B>你出身于一个有着悠久历史的[pick(50;""海盗"", 25;""叛徒"", 25;""叛变士兵"")]世家，并迅速加入了当地的团伙以改善你的生活条件。</B>",translated,
84eb0cef,datums/emergency_calls/upp.dm,75,to_chat,"You speak in a language that humans cannot understand, only you and your fellow pirates can.<br>Type in <b>\"",0 <text>\"" in the say verb</b> to speak in Galactic Common.<br>Type in <b>\"";,0 <text>\"" in the say verb</b> to commincate the radio in Galactic Common.","你使用一种人类无法理解的语言说话，只有你和你的海盗同伴能听懂。<br>在说话动词中输入<b>',0 <文本>'</b>来使用银河通用语说话。<br>在说话动词中输入<b>';,0 <文本>'</b>来使用银河通用语进行无线电通讯。",translated,
56e3fcb8,datums/emergency_calls/upp.dm,101,to_chat,"<p style='font-size:1.5em'>[span_notice(""You are the leader of the USL pirate band in responding to the TGMC distress signal sent nearby. Let your squadmates march to battle, for the USL!"")]</p>","<p style='font-size:1.5em'>[span_notice(""你是响应附近地球政府殖民地海军陆战队求救信号的联合太空鳞翅目海盗团伙头目。让你的队员们为联合太空鳞翅目进军战斗吧！"")]</p>",translated,
4e0ba83a,datums/emergency_calls/upp.dm,107,to_chat,"<p style='font-size:1.5em'>[span_notice(""You are a medic of the USL pirate band to respond to the TGMC distress signal sent nearby. Kit up and get ready to tend wounds!"")]</p>","<p style='font-size:1.5em'>[span_notice(""你是联合太空鳞翅目海盗团的一名医疗兵，前来响应附近发出的地球政府殖民地海军陆战队求救信号。装备好你的医疗包，准备处理伤员！"")]</p>",translated,
122ef3c2,datums/emergency_calls/upp.dm,114,to_chat,"<p style='font-size:1.5em'>[span_notice(""You are a specialist of the USL pirate band to respond to the TGMC distress signal sent nearby. Crush the vermin!"")]</p>","<p style='font-size:1.5em'>[span_notice(""你是联合太空鳞翅目海盗团伙的专家，前来响应附近发出的地球政府殖民地海军陆战队求救信号。碾碎这些害虫！"")]</p>",translated,
de0eb33d,datums/emergency_calls/upp.dm,119,to_chat,"<p style='font-size:1.5em'>[span_notice(""You are a member of the USL pirate band to respond to the TGMC distress signal sent nearby. Do not forget your training, stand tall with your other pirates!"")]</p>","<p style='font-size:1.5em'>[span_notice(""你是联合太空鳞翅目海盗团的一员，前来响应附近发出的地球政府殖民地海军陆战队求救信号。别忘了你的训练，和你的海盗同伴们并肩作战！"")]</p>",translated,
c15f9f10,datums/emergency_calls/upp_commando.dm,9,to_chat,"<B>You grew up on [pick(50;""an asteriod"", 25;""a famished colony"", 25;""a classified station"")] with [pick(75;""few"", 25;""some"")] belongings or luxuries.</B>","<B>你在[pick(50;""一颗小行星"", 25;""一个贫瘠的殖民地"", 25;""一座保密的空间站"")]上长大，拥有[pick(75;""很少"", 25;""一些"")]财产或奢侈品。</B>",translated,
fd3565f8,datums/emergency_calls/upp_commando.dm,10,to_chat,"<B>The family you grew up with were [pick(50;""getting by"", 25;""impoverished"", 25;""starving"")] and you were one of [pick(10;""two"", 20;""three"", 30;""four"", 20;""five"", 20;""six"")] children.</B>","<B>你成长的家庭[prob(50) ? ""勉强维持生计"" : prob(25) ? ""一贫如洗"" : ""食不果腹""]，你是[prob(10) ? ""两个"" : prob(20) ? ""三个"" : prob(30) ? ""四个"" : prob(20) ? ""五个"" : ""六个""]孩子之一。</B>",translated,
ee24e196,datums/emergency_calls/upp_commando.dm,11,to_chat,"<B>You come from a long line of [pick(25;""professionals"", 25;""renegades"", 50;""rogue soldiers"")] and quickly joined the local band to improve your living conditions.</B>","<B>你出身于一个[pick(25;""专业人士"", 25;""叛逃者"", 50;""游荡士兵"")]世家，为了改善生活条件，你迅速加入了当地的帮派。</B>",translated,
76fe06f5,datums/emergency_calls/upp_commando.dm,15,to_chat,"You speak in a language that humans cannot understand, only you and your fellow pirates can.<br>Type in <b>\"",0 <text>\"" in the say verb</b> to speak in Galactic Common.<br>Type in <b>\"";,0 <text>\"" in the say verb</b> to commincate the radio in Galactic Common.","你使用一种人类无法理解的语言说话，只有你和你的海盗同伴能听懂。<br>在说话动词中输入<b>"",0 <文本>""</b>来使用银河通用语说话。<br>在说话动词中输入<b>"";,0 <文本>""</b>来使用银河通用语进行无线电通讯。",translated,
eb7013b8,datums/emergency_calls/upp_commando.dm,41,to_chat,"<p style='font-size:1.5em'>[span_notice(""You are the leader of the Elite USL pirate band."")]</p>","<p style='font-size:1.5em'>[span_notice(""你是联合太空鳞翅目精英海盗团伙的首领。"")]</p>",translated,
36e01159,datums/emergency_calls/upp_commando.dm,47,to_chat,"<p style='font-size:1.5em'>[span_notice(""You are the medic of the Elite USL pirate band."")]</p>","<p style='font-size:1.5em'>[span_notice(""你是联合太空鳞翅目精英海盗团的医生。"")]</p>",translated,
79859372,datums/emergency_calls/upp_commando.dm,53,to_chat,"<p style='font-size:1.5em'>[span_notice(""You are a member of the Elite USL pirate band."")]</p>","<p style='font-size:1.5em'>[span_notice(""你是联合太空鳞翅目精英海盗团的一员。"")]</p>",translated,
6e99eb57,datums/emergency_calls/vsd.dm,46,to_chat,"<p style='font-size:1.5em'>[span_notice(""You are trained specially in several different skills. You are the gunner, frontliner, EXPLOSION! of your group. Welcome Specialist, protect your group at all costs. Hoorah!"")]</p>","<p style='font-size:1.5em'>[span_notice(""你受过多种特殊技能的训练。你是团队中的枪手、前锋、爆炸专家！欢迎你，专家，不惜一切代价保护你的团队。呼啦！"")]</p>",translated,
1fad84d5,datums/gamemodes/_game_mode.dm,316,to_chat,"<br><br><h1>[span_danger(""End of Round Deathmatch initialization failed, please do not grief."")]</h1><br><br>","<br><br><h1>[span_danger(""回合结束死亡竞赛初始化失败，请勿进行破坏行为。"")]</h1><br><br>",translated,
f64d81eb,datums/gamemodes/_game_mode.dm,327,to_chat,"<br><br><h1>[span_danger(""You don't have a mind, if you believe this is not intended, please report it."")]</h1><br><br>","<br><br><h1>[span_danger(""你没有意识，如果你认为这不是有意为之，请报告此问题。"")]</h1><br><br>",translated,
4ead1141,datums/gamemodes/_game_mode.dm,338,to_chat,"<br><br><h1>[span_danger(""End of Round Deathmatch initialization failed, please do not grief."")]</h1><br><br>","<br><br><h1>[span_danger(""回合结束死亡竞赛初始化失败，请勿进行破坏行为。"")]</h1><br><br>",translated,
e6954c0a,datums/gamemodes/_game_mode.dm,345,to_chat,"<br><br><h1>[span_danger(""Failed to find a valid location for End of Round Deathmatch. Please do not grief."")]</h1><br><br>","<br><br><h1>[span_danger(""未能为回合结束死斗找到有效位置。请勿进行破坏行为。"")]</h1><br><br>",translated,
b3b6eeb1,datums/gamemodes/_game_mode.dm,358,to_chat,"<br><br><h1>[span_danger(""Fight for your life!"")]</h1><br><br>","<br><br><h1>[span_danger(""为生存而战！"")]</h1><br><br>",translated,
bc8626ae,datums/gamemodes/campaign/faction_stats.dm,266,to_chat,"[user ? user : ""Auto selection""] has assigned [amount] attrition points for the next mission.","[user ? user : ""自动选择""]已为下一任务分配了[amount]损耗点数。",translated,
95b689fd,datums/gamemodes/campaign/loadout_items/_TGMC/gloves.dm,31,desc,Standard issue marine tactical gloves. It reads: 'knit by Marine Widows Association'.,标准配发的陆战队战术手套。上面写着：'由陆战队黑寡妇协会编织'。,translated,
089dcc7f,datums/gamemodes/campaign/loadout_items/_TGMC/gloves.dm,38,desc,Standard issue marine tactical gloves but fingerless! It reads: 'knit by Marine Widows Association'.,标准配发的陆战队战术手套，但这次是露指款！上面写着：'由陆战队黑寡妇协会编织'。,translated,
38bb53f7,datums/gamemodes/campaign/loadout_items/_TGMC/gloves.dm,75,desc,"You may like these gloves, but THEY think you are unworthy of them.",你或许会喜欢这副手套，但\他们认为你不配拥有它们。,translated,
ff4ace5a,datums/gamemodes/campaign/loadout_items/_TGMC/secondaries.dm,283,desc,"Three razorburn cannisters, able to make large fields of razorwire quickly. 'Everyone laughs at razorwire, until they're trying to get through it while being shot to pieces.' Unknown",三罐剃刀燃烧剂，能快速制造大片剃刀铁丝网。'人人都嘲笑剃刀铁丝网，直到他们一边被子弹撕成碎片一边试图穿越它的时候。'——无名氏,translated,
1a2b6345,datums/gamemodes/combat_patrol.dm,167,to_chat,"<br><font size='3'>[span_attack(""Reinforcements are gathering to join the fight, you can now respawn to join a fresh patrol!"")]</font><br>","<br><font size='3'>[span_attack(""增援部队正在集结加入战斗，你现在可以重生加入新的巡逻队了！"")]</font><br>",translated,
4ef712dc,datums/keybinding/mob.dm,253,balloon_alert,"self-harm [user.mob.do_self_harm ? ""active"" : ""inactive""]","自伤 [user.mob.do_self_harm ? ""active"" : ""inactive""]",translated,
f6cb06ff,datums/keybinding/mob.dm,315,balloon_alert,"click-drag [user.prefs.toggles_gameplay & TOGGLE_CLICKDRAG ? ""inactive"" : ""active""]","点击拖动 [user.prefs.toggles_gameplay & TOGGLE_CLICKDRAG ? ""inactive"" : ""active""]",translated,
e22e423c,datums/outfits/quick_load_outfits.dm,212,desc,"Shock assault loadout. Equipped with an ALF-51B machinecarbine, heavy armor reinforced with a Mk.II 'Tyr' module, and plenty of grenades and ammunition. Offers excellent damage output and superior protection, however the ALF-51B's cutdown size means it suffers from severe damage falloff. Best used up close.",突击强攻型装备。配备ALF-51B型机枪卡宾枪、由Mk.II'泰尔'模块强化的重型护甲，以及大量手雷和弹药。提供卓越的火力输出和超强防护，但ALF-51B的紧凑尺寸导致其存在严重的伤害衰减问题。最适合近距离作战。,translated,
849c37ea,datums/outfits/quick_load_outfits.dm,370,desc,"Highly mobile light infantry. Equipped with a laser carbine with UGL and a laser pistol sidearm, plenty of grenades and light armor with a cutting edge 'svallin' shield module. Excellent mobility, but not suited for sustained combat.",高机动性轻步兵。配备带下挂榴弹发射器的激光卡宾枪和激光手枪副武器，大量手雷以及配备尖端'斯瓦林'护盾模块的轻甲。机动性极佳，但不适合持久作战。,translated,
7af447e7,datums/outfits/quick_load_outfits.dm,393,desc,"High damage and high speed. Equipped with an AR-18 carbine with UGL, light armor with a cutting edge 'svallin' shield module, and plenty of grenades and ammunition. Great mobility and damage output, but low magazine capacity and weak armor without the shield active means this loadout is best suited to hit and run tactics.",高伤害与高机动性。配备AR-18卡宾枪及下挂榴弹发射器、搭载前沿'斯瓦林'护盾模块的轻型护甲，以及充足的手雷和弹药。出色的机动性和火力输出，但弹匣容量小，且护盾未激活时护甲薄弱，意味着此装备配置最适合采用打了就跑的战术。,translated,
e0f84940,datums/outfits/quick_load_outfits.dm,415,desc,"Professional bullet catcher. Equipped with an SMG-25 submachine gun, a TL-172 defensive shield and heavy armor reinforced with a 'Tyr' module. Designed to absorb as much incoming damage as possible to protect your squishier comrades, however your mobility and damage output are notably diminished. Also of note: the excellent thermal mass of the TL-172 means it is unusually effective against the SOM's volkite weaponry.",专业弹道拦截者。配备SMG-25冲锋枪、TL-172防御盾牌以及搭载'泰尔'模块的重型护甲。设计用于吸收尽可能多的来袭伤害以保护你那些脆弱的战友，但你的机动性和伤害输出会显著降低。另请注意：TL-172卓越的热容量意味着它对火星之子的伏尔克武器具有异常出色的防御效果。,translated,
7476ffc2,datums/outfits/quick_load_outfits.dm,457,desc,"IFF scout. Equipped with a BR-8 with a good amount of grenades and light armor with a cutting edge 'svallin' shield module. Provides for good mobility and powerful IFF damage, but the BR-8 is difficult to bring to bear at close range, and light armor wilts under sustained fire.",IFF侦察兵。装备有BR-8步枪和大量手雷，以及配备尖端'斯瓦林'护盾模块的轻型护甲。提供良好的机动性和强大的IFF（敌我识别）伤害，但BR-8在近距离难以发挥，且轻型护甲在持续火力下会迅速失效。,translated,
7d38030a,datums/outfits/quick_load_outfits.dm,614,desc,"Keeping everone else in the fight. Armed with an AR-12 assault rifle with underbarrel grenade launcher, an impressive array of tools for healing your team, and a 'Mimir' biological protection module to allow you to continue operating in hazardous environments. With medivacs out of the question, you are the only thing standing between your buddies and an early grave.",让战友们持续战斗。装备 AR-12 突击步枪，带下挂榴弹发射器，拥有一系列强大的工具来治疗你的小队，以及'密米尔'生化防护模块，让你能在危险环境中继续行动。医疗后送已无可能，你就是战友们与过早牺牲之间的唯一屏障。,translated,
67856f01,datums/outfits/quick_load_outfits.dm,655,desc,"Keeping everone else in the fight. Armed with an AR-21 skirmish rifle with underbarrel grenade launcher, an impressive array of tools for healing your team, and a 'Mimir' biological protection module to allow you to continue operating in hazardous environments. With medivacs out of the question, you are the only thing standing between your buddies and an early grave.",让战友们持续战斗。装备 AR-21 突击步枪，带下挂榴弹发射器，拥有强大的治疗工具套装，以及'密米尔'生化防护模块，让你能在危险环境中继续行动。医疗后送已无可能，你就是战友们与过早阵亡之间的唯一屏障。,translated,
d01c38b8,datums/outfits/quick_load_outfits.dm,675,desc,"Keeping everone else in the fight. Armed with a SH-15 auto shotgun with underbarrel grenade launcher, an impressive array of tools for healing your team, and a 'Mimir' biological protection module to allow you to continue operating in hazardous environments. With medivacs out of the question, you are the only thing standing between your buddies and an early grave.",让战友们持续战斗。配备SH-15自动霰弹枪及下挂手雷发射器，拥有强大的团队治疗工具套装，以及'米米尔'生化防护模块，让你能在危险环境中持续作战。医疗后送已无可能，你就是战友们与过早牺牲之间的唯一屏障。,translated,
a73bcb58,datums/outfits/quick_load_outfits.dm,697,desc,"Keeping everone else in the fight. Armed with an laser rifle with miniflamer, an impressive array of tools for healing your team, and a 'Mimir' biological protection module to allow you to continue operating in hazardous environments. With medivacs out of the question, you are the only thing standing between your buddies and an early grave.",让战友们保持战斗状态。配备一把带微型喷火器的激光步枪，一套用于治疗团队的强大工具，以及一个'米米尔'生化防护模块，让你能在危险环境中持续作业。既然医疗后送已无可能，你就是战友们与过早阵亡之间的唯一屏障。,translated,
b03311a7,datums/outfits/quick_load_outfits.dm,715,desc,"Keeping everone else in the fight. Armed with an laser carbine with underbarrel grenade launcher, an impressive array of tools for healing your team, and a 'Mimir' biological protection module to allow you to continue operating in hazardous environments. With medivacs out of the question, you are the only thing standing between your buddies and an early grave.",让战友们持续战斗。配备一把带下挂榴弹发射器的激光卡宾枪，一套用于治疗队友的强力工具，以及一个'米米尔'生化防护模块，让你能在危险环境中继续行动。医疗后送已无可能，你就是战友们与过早阵亡之间的唯一屏障。,translated,
9936cbf9,datums/outfits/quick_load_outfits.dm,766,desc,"A gun smarter than the average bear, or marine. Equipped with an SG-29 smart machine gun and heavy armor upgraded with a 'Tyr' extra armor mdule, the SG is responsible for providing mobile, accurate firesupport thanks to your IFF ammunition.",一把比普通熊或陆战队员更聪明的枪。配备了SG-29智能机枪和装有'泰尔'额外装甲模块的重型装甲，SG凭借其敌我识别弹药负责提供机动、精准的火力支援。,translated,
582e7391,datums/outfits/quick_load_outfits.dm,783,desc,"More bullets than sense. Equipped with an SG-85 smart gatling gun, an MP-19 sidearm, heavy armor upgraded with a 'Tyr' extra armor mdule and a whole lot of bullets. For when you want to unleash a firehose of firepower. Try not to run out of ammo.",比理智更多的子弹。装备有SG-85智能加特林机枪、MP-19副武器，以及加装了'泰尔'额外装甲模块的重型护甲，还有一大堆子弹。适用于你想倾泻火力洪流的场合。尽量别把弹药打光。,translated,
7dd110b6,datums/outfits/quick_load_outfits.dm,801,desc,"Flexibility and precision. Equipped with an SG-62 smart target rifle and heavy armor upgraded with a 'Tyr' extra armor mdule. The integrated spotting rifle comes with a variety of flexible ammo types, which combined with high damage, penetration and IFF, makes for a dangerous support loadout.",灵活性与精准性。配备SG-62智能目标步枪和搭载'泰尔'附加装甲模块的重型护甲。集成的观测步枪配备多种灵活的弹药类型，结合高伤害、穿透力和敌我识别功能，构成了一个危险的火力支援配置。,translated,
2e011fc3,datums/outfits/quick_load_outfits.dm,987,desc,"Gives the orders. Equipped with a laser rifle with UGL for better armor penetration against SOM, some support kit such as deployable cameras, as well as heavy armor with a 'valkyrie' autodoc module. You can provide excellent support to your squad thanks to your kit and order shouting talents.",下达命令。配备一把带下挂榴弹发射器的激光步枪，以更好地对抗火星之子部队的装甲，还带有可部署摄像头等支援装备，以及一套配备'瓦尔基里'自动医疗模块的重型护甲。凭借你的装备和号令天赋，能为你的小队提供卓越的支援。,translated,
44d9dc2a,datums/outfits/quick_load_outfits.dm,1015,desc,"Gives the orders. Equipped with an AR-55 OICW with plenty of grenades for its integrated grenade launcher, some support kit such as deployable cameras, as well as heavy armor with a 'valkyrie' autodoc module. You can provide excellent support to your squad thanks to your kit and order shouting talents.",下达命令。配备AR-55 OICW步枪，其集成式榴弹发射器备有充足手雷，另配有可部署摄像头等支援装备，以及搭载'瓦尔基里'自动医疗模块的重型护甲。凭借你的装备和发号施令的才能，能为你的小队提供卓越支援。,translated,
59402556,datums/outfits/quick_load_outfits.dm,1119,desc,"Mobile and dangerous. Equipped with a V-34 carbine, light armor with an 'Aegis' shield module and a large supply of grenades. The V-34 is a modern update of an old weapon that was a common sight during the original Martian rebellion. Very reliable and excellent stopping power in a small, lightweight package. Brought into service as a much cheaper alternative to the VX-32.",机动性强且危险。配备V-34卡宾枪、带有'神盾'护盾模块的轻型护甲以及大量手雷。V-34是一款古老武器的现代化升级版，在最初的火星叛乱期间曾是常见装备。非常可靠，在轻巧紧凑的构型中具备出色的制止力。作为VX-32的廉价替代品投入使用。,translated,
17009e29,datums/outfits/quick_load_outfits.dm,1140,desc,"Highly mobile scouting configuration. Equipped with a V-21 submachine gun with variable firerate allowing for extreme rates of fire when properly wielded, light armor with an 'Aegis' shield module and a good selection of grenades. Allows for exceptional mobility and blistering firepower, it will falter in extended engagements where low armor and the V-21's high rate of fire can become liabilities.",高机动侦察配置。配备V-21冲锋枪，其可变射速在正确持握时可实现极高射速；轻型护甲搭载'神盾'护盾模块，并配备精选手雷组合。具备卓越机动性与炽烈火力，但在持久交战中可能力不从心——轻甲防护与V-21的高射速消耗可能成为致命短板。,translated,
c0c224bd,datums/outfits/quick_load_outfits.dm,1162,desc,"For close encounters. Equipped with a V-51 semi-automatic shotgun, light armor with an 'Aegis' shield module and a large selection of grenades. Allows for good mobility and dangerous CQC firepower.",用于近距离遭遇战。配备V-51半自动霰弹枪、带有'神盾'护盾模块的轻型护甲以及大量手雷选择。提供良好的机动性和危险的近战火力。,translated,
0f539da7,datums/outfits/quick_load_outfits.dm,1232,desc,"For when a complete lack of subtlety is required. Equipped with 'Lorica' enhanced heavy armor and armed with a monsterous two handed breaching axe, designed to cut through heavy armor. When properly wielded, it also provides a degree of protection.",当需要彻底摒弃任何隐蔽性时，这就是你的选择。配备'洛里卡'增强型重型护甲，并装备一把用于破开重型护甲的巨型双手破门斧。若使用得当，它还能提供一定程度的防护。,translated,
e28f9e91,datums/outfits/quick_load_outfits.dm,1347,desc,"Battlefield engineer; building up and tearing down. Equipped with a V-31 assault rifle with integrated 'micro grenade' rail launcher, medium armor, a deployable COPE sentry and a selection of explosives. Has a variety of supplies and equipment to build, repair or apply demolitions in the field. A valuable support asset to a well rounded combat force. The rail launcher fires grenades that must arm mid flight, so are ineffective at close ranges, but add significant tactical options at medium range.",战场工程师；负责构筑与摧毁。配备带集成'微型手雷'导轨发射器的V-31突击步枪、中型护甲、可部署的COPE哨戒炮及多种爆炸物。拥有各类用于战场建造、维修或实施爆破的补给装备。是均衡战斗力量中宝贵的支援资产。导轨发射器发射需在飞行途中解除保险的手雷，因此在近距离效果不佳，但为中距离作战提供了显著的战术选择。,translated,
5b95d54d,datums/outfits/quick_load_outfits.dm,1656,desc,"Heavily armed and armored SOM elite. Equipped with a V-31 assault rifle with integrated 'micro grenade' rail launcher, heavy armor, a large variety of grenades as well as AP ammunition. Excellent performance against heavily armored targets, while the plentiful grenade provide greater tactical flexibility.",全副武装的火星之子精英。配备V-31突击步枪，集成'微型手雷'导轨发射器，重型护甲，多种手雷以及穿甲弹药。对抗重装甲目标表现出色，同时充足的手雷储备提供了更强的战术灵活性。,translated,
c53253fa,datums/outfits/quick_load_outfits.dm,1703,desc,"Heavy armored breaching configuration. Equipped with a volkite charger configured for better one handed use, heavy armor upgraded with 'Lorica' armor reinforcements, a boarding shield and a good selection of grenades. Premier protection and deadly close range firepower.","重型装甲破门配置。配备一把为单手使用优化的沃尔凯特充能枪，重型装甲升级了""洛里卡""装甲强化件，一面登舰盾牌，以及精选的手雷组合。提供顶级防护与致命的近距离火力。",translated,
1849bf5f,datums/outfits/quick_load_outfits.dm,1855,desc,"War crimes have never been so easy. Equipped with a V-71 RPG and both incendiary and rad warheads, as well as a V-21 submachine gun with radioactive ammunition, heavy armor with a 'Mithridatius' environmental protection system, and rad grenades. Designed to inspire fear in the enemy and cripple them with deadly incendiary and radiological effects, providing excellent anti infantry support.",战争罪行从未如此简单。配备V-71火箭筒，拥有燃烧弹与辐射弹头，以及一把使用放射性弹药的V-21冲锋枪，重型护甲搭载'米特里达梯'环境防护系统，并携带辐射手雷。旨在激发敌方恐惧，以致命的燃烧与辐射效果使其丧失战斗力，提供卓越的反步兵支援。,translated,
b7aee583,datums/outfits/quick_load_outfits.dm,1938,desc,"Tactical utility. Equipped with a V-31 assault rifle with integrated 'micro grenade' rail launcher, Gorgon heavy armor with 'Valkyrie' autodoctor module, a large variety of grenades as well as AP ammunition. Excellent performance against heavily armored targets, while the plentiful grenade provide greater tactical flexibility.",战术支援型。配备V-31突击步枪，集成'微型手雷'导轨发射器，装备'瓦尔基里'自动医疗模块的戈耳贡重型护甲，携带多种手雷及穿甲弹药。对重甲目标表现出色，同时充足的手雷储备提供了更强的战术灵活性。,translated,
0b37e4ce,datums/outfits/quick_load_outfits.dm,1986,desc,"For the leader that prefers to be up close and personal. Equipped with a volkite charger with motion sensor and gyrostabiliser for better one handed use, Gorgon heavy armor with 'Valkyrie' autodoctor module and a good variety of grenades. Allows for excellent close to medium range firepower, with first rate survivability. Very dangerous.","为偏爱近距离接触的领导者准备。配备带运动传感器和陀螺稳定器以提升单手操控性的沃尔凯特充能枪、""瓦尔基里""自动医疗模块的戈尔贡重型护甲，以及多种手雷。提供卓越的近中程火力，并具备一流的生存能力。极其危险。",translated,
ed4cda3a,datums/outfits/quick_load_outfits.dm,2009,desc,"Victory through superior firepower. Equipped with a volkite caliver and motion sensor, Gorgon heavy armor with 'Valkyrie' autodoctor module and a good variety of grenades. Allows for excellent damage at all ranges, with first rate survivability. Very dangerous.",以优势火力取胜。配备沃尔凯特卡利弗步枪和运动传感器，装备'瓦尔基里'自动医疗模块的戈尔贡重型护甲，以及多种手雷。能在所有距离上造成出色伤害，并具备一流的生存能力。极其危险。,translated,
9702bd49,datums/outfits/quick_load_outfits.dm,2032,desc,"For the leader with a taste for nostalgia. Equipped with an MPI_KM assault rifle, with under barrel grenade launcher, Gorgon heavy armor with 'Valkyrie' autodoctor module and a large supply of grenades. An old weapon that was a common sight during the original Martian rebellion, the MPI's good stopping power, reliability and a healthy dose of nostalgia means it is still seen in use by some among the SOM despite its age.",为怀旧的领导者准备。配备一把带下挂榴弹发射器的MPI_KM突击步枪、带有'瓦尔基里'自动医疗模块的戈耳贡重型护甲以及大量手雷。MPI是一款在最初的火星叛乱期间常见的旧式武器，其良好的制止力、可靠性以及浓厚的怀旧情怀意味着，尽管年代久远，它仍能在一些火星之子成员中看到使用。,translated,
107184cd,datums/proximity_monitor/field.dm,186,to_chat,"You turn [src] [operating? ""on"":""off""].","你将 [src] [operating? ""打开"":""关闭""]。",translated,
057f1163,datums/status_effects/xeno_buffs.dm,800,visible_message,"[X]'s [armor_modifier ? ""chitin"" : ""claws""] glows with a vicious green!","[X]的[armor_modifier ? ""甲壳"" : ""利爪""]闪烁着恶毒的绿光！",translated,
22e5b458,datums/status_effects/xeno_buffs.dm,812,visible_message,"[X]'s [armor_modifier ? ""chitin"" : ""claws""] loses its green glow...","[X]的[armor_modifier ? ""甲壳"" : ""利爪""]失去了绿色的光芒...",translated,
f0b0fb44,datums/storage/storage.dm,664,to_chat,"\The [parent.name] is full, make some space.",\The [parent.name] 已满，请腾出一些空间。,translated,
f3674925,datums/storage/storage.dm,688,to_chat,"\The [parent.name] is full, make some space.",\The [parent.name] 已满，请腾出一些空间。,translated,
cfff3785,datums/storage/storage.dm,730,to_chat,"<span class='notice'>You begin to [taking_out ? ""take"" : ""put""] [accessed] [taking_out ? ""out of"" : ""into""] \the [parent.name]","<span class='notice'>你开始[taking_out ? ""取出"" : ""放入""] [accessed] [taking_out ? ""从"" : ""到""] \the [parent.name]</span>",translated,
401e489d,game/area/campaign_maps/jungle_outpost.dm,124,name,\improper Canteen,\improper 水壶,translated,
c00b499a,game/area/campaign_maps/som_raiding_base.dm,99,name,\improper Central corridor,\improper 中央走廊,translated,
6a6e54dd,game/area/campaign_maps/som_raiding_base.dm,140,name,\improper Southeast security checkpoint,\improper 东南安保检查点,translated,
3f53b40a,game/area/campaign_maps/som_raiding_base.dm,192,name,\improper Canteen,\improper 水壶,translated,
927447f1,game/area/campaign_maps/som_raiding_base.dm,196,name,\improper Kitchen,\improper 厨房,translated,
a39e3682,game/area/campaign_maps/tgmc_raiding_base.dm,43,name,\improper Southwest Maintenance Shed,\improper 西南维护棚,translated,
3a097343,game/area/campaign_maps/tgmc_raiding_base.dm,89,name,\improper Colony Bar,\improper 殖民地酒吧,translated,
527e5949,game/area/campaign_maps/tgmc_raiding_base.dm,182,name,\improper Captain's Office,\improper 舰长办公室,translated,
9b6f4340,game/area/campaign_maps/tgmc_raiding_base.dm,198,name,\improper Cafeteria,\improper 食堂,translated,
7b6edeb0,game/area/corsat.dm,208,name,\improper Gamma Sector,\improper 伽马扇区,translated,
c5830bea,game/area/corsat.dm,294,name,\improper Gamma Showers,\improper 伽马淋浴间,translated,
763b4b4d,game/area/corsat.dm,438,name,\improper Gamma Research Complex,\improper 伽马研究综合体,translated,
dddeb415,game/area/deltastation.dm,318,name,\improper Command Hallway,\improper 指挥走廊,translated,
42d89767,game/area/deltastation.dm,371,name,\improper Captain's Office,\improper 舰长办公室,translated,
c5304fb4,game/area/deltastation.dm,375,name,\improper Captain's Quarters,\improper 舰长室,translated,
41569b63,game/area/deltastation.dm,533,name,\improper Cafeteria,\improper 食堂,translated,
b0c817e1,game/area/deltastation.dm,537,name,\improper Barber,\improper 理发师,translated,
b2bdd833,game/area/deltastation.dm,541,name,\improper Kitchen,\improper 厨房,translated,
c795abe9,game/area/deltastation.dm,613,name,\improper Abandoned Library,\improper 废弃图书馆,translated,
1c00d55d,game/area/deltastation.dm,919,name,\improper Medical Office,\improper 医疗办公室,translated,
f9d1350a,game/area/deltastation.dm,1239,name,\improper Cytology Lab,\improper 细胞学实验室,translated,
84725438,game/area/icecolony.dm,398,name,Aerodrome Hangar 'Beta',航空港机库'贝塔',translated,
27f491bb,game/area/icy_caves.dm,159,name,\improper Kitchen,\improper 厨房,translated,
4277cb6d,game/area/icy_caves.dm,168,name,\improper Landing Zone One,\improper 一号着陆区,translated,
678c63cf,game/area/lava_outpost.dm,10,name,\improper Lava,\improper 熔岩,translated,
5257aa64,game/area/lava_outpost.dm,44,name,\improper South East Caves,\improper 东南洞穴,translated,
21a395ec,game/area/lava_outpost.dm,49,name,\improper South West Caves,\improper 西南洞穴,translated,
c1b35a9a,game/area/lava_outpost.dm,64,name,\improper Medical Clinic,\improper 医疗诊所,translated,
93630299,game/area/lava_outpost.dm,74,name,\improper Chief Medical Office,\improper 首席医疗官办公室,translated,
5dd2211d,game/area/lv624.dm,125,name,\improper South Eastern Barrens,\improper 东南荒原,translated,
749a48ee,game/area/lv624.dm,321,name,\improper Kitchen,\improper 厨房,translated,
7a4bca04,game/area/lv624.dm,326,name,\improper Canteen,\improper 水壶,translated,
146889ac,game/area/mainship.dm,363,name,\improper Medical Bay,\improper 医疗湾,translated,
0f1e3b56,game/area/prison_v3_fiorina.dm,40,name,Fiorina - Scavenger Ship 'NSV Renault',菲奥里纳 - 拾荒船'NSV雷诺号',translated,
a18b16b1,game/area/slumbridge.dm,32,name,\improper Southeast Caves,\improper 东南洞穴,translated,
22ebeb49,game/area/slumbridge.dm,54,name,\improper Mined Rock,\improper 已开采的岩石,translated,
382392c8,game/area/slumbridge.dm,293,name,\improper Chief Medical Office,\improper 首席医疗官办公室,translated,
af957e7a,game/area/valhallastation.dm,2,name,\improper Valhalla,\improper 瓦尔哈拉,translated,
fb1f7c6c,game/buckling.dm,140,visible_message,[buckling_mob] buckles [buckling_mob.p_them()]self to [src].,[buckling_mob] 将自己固定在 [src] 上。,translated,
82dffb50,game/objects/effects/aliens.dm,187,visible_message,\The [acid_t] begins to crumble under the acid!,\The [acid_t] 在酸液的作用下开始碎裂！,translated,
89bcb9c2,game/objects/effects/decals/posters/bs12.dm,5,desc,"A safety poster with a female surgeon. \""Let the surgeons do their work. NEVER replace or remove a surgery tool from where the surgeon put it!\""","一张印有女外科医生的安全海报。""让外科医生专心工作。切勿移动或拿走外科医生放置的手术工具！""",translated,
1c5c45c0,game/objects/effects/decals/posters/bs12.dm,75,desc,"A grimy old advert for a seedy lumber company. \""You got a friend in me.\"" is scrawled in the corner.",一张破旧肮脏的伐木公司广告，角落潦草地写着：'我是你的好朋友。',translated,
cc7337e2,game/objects/effects/decals/posters/bs12.dm,150,desc,An old Third Soviet Union propaganda poster from centuries ago. 'Escape to the one place that hasn't been corrupted by capitalism!',一幅来自几个世纪前的旧第三苏维埃联盟宣传海报。'逃往那个尚未被资本主义腐蚀的地方！',translated,
c36fcd08,game/objects/effects/overlays.dm,219,name,\improper[named] at [get_area_name(src)],\improper[named]位于[get_area_name(src)],translated,
d0d95bee,game/objects/effects/spawners/random/misc_structure.dm,275,name,robotic showcase spawner,[相关术语：CAS=近距空中支援、OB=轨道轰炸]机器人展示生成器,translated,
f32d28bd,game/objects/items.dm,1058,to_chat,\The [src]'s water reserves are empty.,\The [src]的水储备已空。,translated,
0bb23ccb,game/objects/items/binoculars.dm,264,to_chat,"[icon2html(src, user)] [span_warning(""The Rail Gun hasn't cooled down yet!"")]","[icon2html(src, user)] [span_warning(""轨道炮尚未冷却完毕！"")]",translated,
1f545d16,game/objects/items/binoculars.dm,266,to_chat,"[icon2html(src, user)] [span_warning(""No target detected!"")]","[icon2html(src, user)] [span_warning(""未检测到目标！"")]",translated,
00eaff1c,game/objects/items/binoculars.dm,285,to_chat,"[icon2html(src, user)] [span_warning(""No target detected!"")]","[icon2html(src, user)] [span_warning(""未检测到目标！"")]",translated,
3af4415d,game/objects/items/bodybag.dm,217,visible_message,\The [xeno_attacker] slashes \the [src] open!,\The [xeno_attacker] 将 \the [src] 斩击开膛！,translated,
d0c1fed1,game/objects/items/books/manuals.dm,350,name,"APLU \""Ripley\"" Construction and Operation Manual",APLU'里普利'建造与操作手册,translated,
602b203e,game/objects/items/cards_ids.dm,361,to_chat,"It reads: \""[fallen_names[1]] - [fallen_assignments[1]]\"".","上面写着：\""[fallen_names[1]] - [fallen_assignments[1]]\""。",translated,
b11d3e86,game/objects/items/cards_ids.dm,268,balloon_alert,[owner.p_they()] [p_are()]n't dead yet!,[owner.p_their()] 还没死呢！,translated,
52de6981,game/objects/items/cards_ids.dm,48,name,\proper the coordinates to clown planet,\proper 小丑星球的坐标,translated,
ffe8569e,game/objects/items/cards_ids.dm,121,name,"[(!newname)	? ""identification card""	: ""[newname]'s ID Card""][(!newjob) ? """" : "" ([newjob])""]","[(!newname)	? ""身份识别卡""	: ""[newname]的身份识别卡""][(!newjob) ? """" : "" ([newjob])""]",translated,
628dfb6c,game/objects/items/cards_ids.dm,123,name,"[(!paygrade) ? """" : ""[get_paygrades(paygrade, TRUE, gender)]. ""][(!registered_name)	? ""identification card""	: ""[registered_name]'s ID Card""][(!assignment) ? """" : "" ([assignment])""]","[(!paygrade) ? """" : ""[get_paygrades(paygrade, TRUE, gender)]. ""][(!registered_name)	? ""身份识别卡""	: ""[registered_name]的身份识别卡""][(!assignment) ? """" : "" ([assignment])""]",translated,
910f8cc5,game/objects/items/circuitboards/circuitboard.dm,169,to_chat,"[src] positioning set to [split_mode ? ""split window"" : ""normal window""].","[src] 定位已设置为 [split_mode ? ""split window"" : ""normal window""]。",translated,
782f3b8e,game/objects/items/circuitboards/circuitboard.dm,36,desc,"A circuit. It has a label on it, it says \""Can handle heat levels up to 40 degrees celsius!\""",一块电路板。上面贴着一个标签，写着'可承受最高40摄氏度的温度！',translated,
e87a8ff6,game/objects/items/circuitboards/computer.dm,187,to_chat,"You [locked ? """" : ""un""]lock the circuit controls.","你[locked ? """" : ""解""]锁了电路控制面板。",translated,
cbb7844a,game/objects/items/defibrillator.dm,109,visible_message,"[user] turns [src] [ready? ""on and opens the cover"" : ""off and closes the cover""].","[user]将[src][ready? ""打开并掀开盖子"" : ""关闭并合上盖子""]。",translated,
67e9334b,game/objects/items/devices/minimap_tablet.dm,324,to_chat,"That label contained a word prohibited in IC chat! Consider reviewing the server rules.\n<span replaceRegex='show_filtered_ic_chat'>\""[label_text]\""</span>","该标签包含在游戏内聊天中禁止使用的词汇！请考虑查阅服务器规则。\n<span replaceRegex='show_filtered_ic_chat'>\""[label_text]\""</span>",translated,
85d268bb,game/objects/items/devices/spyglasses.dm,81,desc,"An eye gougingly yellow pamphlet with a badly designed image of a detective on it. the subtext says \"" The Latest way to violate privacy guidelines!\"" ",一本刺眼亮黄色的小册子，上面印着设计拙劣的侦探图像。副标题写着：'侵犯隐私准则的最新方式！',translated,
82f1a178,game/objects/items/explosives/bombvest.dm,89,to_chat,"Warcry set to: \""[bomb_message]\"".",战吼设置为：'[bomb_message]'。,translated,
5bf7aaa1,game/objects/items/explosives/bombvest.dm,49,say,[bomb_message]!!,[bomb_message]!!,translated,
b9c59158,game/objects/items/explosives/grenades/flares.dm,130,desc,"A NT standard emergency flare. There are instructions on the side, it reads 'pull cord, make light'.",一根纳米传讯标准应急信号棒。侧面有使用说明，写着'拉绳，发光'。,translated,
92edee7d,game/objects/items/explosives/plastique.dm,205,to_chat,"[span_warning(""There is already a device attached to [src]"")].","[span_warning(""[src] 上已连接有设备"")]。",translated,
98940003,game/objects/items/explosives/plastique.dm,208,to_chat,"[span_warning(""[src] is much too tough for you to do anything to it with [plastique]"")].","[span_warning(""[src] 太过坚固，你用 [plastique] 对它做不了什么"")]。",translated,
3e47483c,game/objects/items/firesupport_binoculars.dm,159,balloon_alert,[lowertext(mode.name)] expended!,[lowertext(mode.name)] 已耗尽！,translated,
72e34bf3,game/objects/items/flashlight.dm,98,to_chat,"You're going to need to remove that [(H.head && H.head.inventory_flags & COVEREYES) ? ""helmet"" : (H.wear_mask && H.wear_mask.inventory_flags & COVEREYES) ? ""mask"": ""glasses""] first.","你得先摘下那个[(H.head && H.head.inventory_flags & COVEREYES) ? ""头盔"" : (H.wear_mask && H.wear_mask.inventory_flags & COVEREYES) ? ""面罩"": ""护目镜""]。",translated,
544be817,game/objects/items/handcuffs.dm,39,to_chat,\The [H] needs at least two wrists before you can cuff them together!,\The [H] 至少需要两只手腕才能铐在一起！,translated,
072431af,game/objects/items/handcuffs.dm,131,to_chat,\The [H] needs at least two wrists before you can cuff them together!,\The [H] 至少需要两只手腕才能将它们铐在一起！,translated,
f775f503,game/objects/items/implants/implant.dm,128,to_chat,"You feel something melting inside [part ? ""your [part.display_name]"" : ""you""]!","你感觉有东西在[part ? ""你的[part.display_name]""里 : ""你体内""]融化！",translated,
59e7c92d,game/objects/items/implants/implant_neurostim.dm,31,visible_message,"Something buzzes inside [implant_owner][part ? ""'s [part.display_name]"" : """"].","[implant_owner][part ? ""的[part.display_name]"" : """"]内部有东西在嗡嗡作响。",translated,
31a214eb,game/objects/items/implants/implant_neurostim.dm,34,visible_message,"Something beeps inside [implant_owner][part ? ""'s [part.display_name]"" : """"].","[implant_owner][part ? ""的[part.display_name]"" : """"]内部有东西在哔哔作响。",translated,
27023601,game/objects/items/implants/sandevistan.dm,126,to_chat,"You turn your spinal implant [active? ""on"" : ""off""].","你将你的脊椎植入物[active? ""开启"" : ""关闭""]。",translated,
2d1bc419,game/objects/items/marine_gear.dm,103,name,\improper TGMC PFC Jim pizza,\improper TGMC 列兵 吉姆·披萨,translated,
72375595,game/objects/items/marine_gear.dm,24,desc,"<B>Instructions:</B> Extract food using maximum firepower. Eat.\n\nOn the box is a picture of a shouting Squad Leader. \n\""YOU WILL EAT YOUR NUTRIENT GOO AND YOU WILL ENJOY IT, MAGGOT.\""",<B>说明：</B>使用最大火力提取食物。吃掉。\n\n盒子上印着一个正在咆哮的班长。\n'你会吃掉你的营养糊，而且你会喜欢它，菜鸟。',translated,
aa3e3706,game/objects/items/multitool.dm,36,to_chat,"The local APC is located at [span_bold(""[dist] units [dir2text(direction)]"")].","本地 APC 位于[span_bold(""[dist] 单位 [dir2text(direction)]"")]。",translated,
ac516d78,game/objects/items/radio/detpack.dm,277,to_chat,"[span_warning(""[src] doesnt fit on [unmanned_target]"")]!","[span_warning(""[src] 无法安装在 [unmanned_target] 上"")]！",translated,
118f9f27,game/objects/items/radio/detpack.dm,282,to_chat,"[span_warning(""[W] is much too tough for you to do anything to it with [src]"")].","[span_warning(""[W] 过于坚韧，你用 [src] 无法对其造成任何伤害"")]。",translated,
16d23b32,game/objects/items/radio/detpack.dm,285,to_chat,"[span_warning(""There is already a device attached to [target]"")].","[span_warning(""[target]上已经连接了一个设备"")]。",translated,
9a02ee7a,game/objects/items/radio/detpack.dm,299,to_chat,"[span_warning(""There is already a device attached to [target]"")].","[span_warning(""[target] 上已连接有设备"")]。",translated,
990ed111,game/objects/items/radio/detpack.dm,3,desc,"Programmable remotely triggered 'smart' explosive controlled via a signaler, used for demolitions and impromptu booby traps. Can be set to breach or demolition detonation patterns. Unique action to arm. Click on it with a signaler to copy over the signal code.",可通过信号器远程编程触发的'智能'炸药，用于爆破和临时陷阱。可设置为破门或爆破引爆模式。需使用特殊操作进行武装。点击信号器将其信号代码复制到炸药上。,translated,
7853d2f3,game/objects/items/radio/headset.dm,151,balloon_alert,"high-volume mode [use_command ? ""active"" : ""inactive""]","高容量模式 [use_command ? ""active"" : ""inactive""]",translated,
e51ece55,game/objects/items/radio/headset.dm,157,balloon_alert,"supply comms [channels[RADIO_CHANNEL_REQUISITIONS] ? ""active"" : ""inactive""]","补给通讯 [channels[RADIO_CHANNEL_REQUISITIONS] ? ""活跃"" : ""静默""]",translated,
0cf37e99,game/objects/items/scanners/gas_analyzer.dm,37,to_chat,"[src]'s barometer function can't trace anything while the storm is [ongoing_weather.stage == MAIN_STAGE ? ""already here!"" : ""winding down.""]","[src]的气压计功能无法追踪任何目标，因为风暴[ongoing_weather.stage == MAIN_STAGE ? ""已经降临！"" : ""正在减弱。""]",translated,
75b83e8b,game/objects/items/scanners/gas_analyzer.dm,49,to_chat,[src]'s barometer function says a storm will land in approximately [fixed/10] Seconds].,[src]的气压计功能显示，一场风暴将在约[fixed/10]秒后登陆。,translated,
533238c5,game/objects/items/shards.dm,94,to_chat,"[isxeno(M) ? ""We"" : ""You""] step on \the [src], shattering it!","[isxeno(M) ? ""我们"" : ""你""]踩到了\the [src]，把它踩碎了！",translated,
e592f3f0,game/objects/items/shards.dm,100,to_chat,"[isxeno(M) ? ""We"" : ""You""] step on \the [src]!","[isxeno(M) ? ""我们"" : ""你""]踩到了\the [src]！",translated,
62e0d782,game/objects/items/shards.dm,23,visible_message,"[user] is slitting [user.p_their()] [pick(""wrists"", ""throat"")] with [src]! It looks like [user.p_theyre()] trying to commit suicide.","[user]正在用[src]割开[user.p_their()]的[pick(""手腕"", ""喉咙"")]！看起来[user.p_theyre()]试图自杀。",translated,
71348ec8,game/objects/items/stacks/medical.dm,50,balloon_alert,"limb is [affecting.limb_status & LIMB_ROBOT ? ""robotic"": ""organic""]!","肢体是[affecting.limb_status & LIMB_ROBOT ? ""机械的"": ""有机的""]！",translated,
e2aab813,game/objects/items/stacks/nanopaste.dm,30,visible_message,"[user] applies some nanite paste at [user != M ? ""[M]'s"" : """"] [S.display_name] with [src].","[user]用[src]在[user != M ? ""[M]的"" : """"][S.display_name]上涂抹了一些纳米膏。",translated,
a19247be,game/objects/items/stacks/snow.dm,102,to_chat,There is already \a [O.name] in this direction!,这个方向已经有一个\a [O.name]了！,translated,
cede8089,game/objects/items/storage/backpack.dm,276,to_chat,[warning]<b>Charge Remaining: [cell.charge]/[cell.maxcharge]</b>,[warning]<b>剩余电量：[cell.charge]/[cell.maxcharge]</b>,translated,
f82a55a2,game/objects/items/storage/backpack.dm,337,name,\improper TGMC technician backpack,\improper TGMC 技术员背包,translated,
d5ba67ab,game/objects/items/storage/backpack.dm,344,name,\improper TGMC satchel,\improper TGMC 挎包,translated,
024d763d,game/objects/items/storage/backpack.dm,351,name,\improper TGMC satchel,\improper TGMC 挎包,translated,
45c09c15,game/objects/items/storage/backpack.dm,355,name,\improper TGMC corpsman satchel,\improper TGMC 卫生兵挎包,translated,
90bd7b83,game/objects/items/storage/backpack.dm,363,name,\improper TGMC technician satchel,\improper 地球政府殖民地海军陆战队技术员挎包,translated,
5d5af2b3,game/objects/items/storage/boxes.dm,233,desc,A small box of 'Space-Proof' premium matches.,一小盒'太空专用'高级火柴。,translated,
d542cf9a,game/objects/items/storage/boxes.dm,998,desc,A purple glowing box with a big TOP SECRET label as well as conspiracy talkpoints printed topside. What a load of gibberish!,一个散发着紫色光芒的盒子，顶部印着大大的'绝密'标签，还印着各种阴谋论调。真是满口胡言！,translated,
e35f0843,game/objects/items/storage/boxes.dm,1208,desc,A secure box holding 25 M45 Cloaker greandes. Warning: causes cancer!!!,一个装有25枚M45'潜行者'手雷的安全箱。警告：可能导致癌症！！！,translated,
f237a3fb,game/objects/items/storage/dispenser.dm,4,desc,"The TX-9000 also known as \""Dispenser\"" is a machine capable of holding a large amount of items on it, while also healing nearby synthetics. Your allies will often ask you to lay down one of these.",TX-9000，又称'补给机'，是一种能够储存大量物品并治疗附近合成人的机器。你的队友经常会要求你部署一台这样的设备。,translated,
e0b8891e,game/objects/items/storage/misc.dm,35,to_chat,"You [open ? ""close [src]. Another time, then."" : ""open [src]. Mmmmm... donuts.""]","你[open ? ""合上[src]。下次再说吧。"" : ""打开[src]。嗯……甜甜圈。""]",translated,
1a89ee78,game/objects/items/tools/cleaning_tools.dm,127,desc,"A deluxe Waffle Co. brand bar of soap. Smells of [pick(""lavender"", ""vanilla"", ""strawberry"", ""chocolate"" ,""space"")].","一块豪华华夫饼公司品牌的肥皂。闻起来有[pick(""薰衣草"", ""香草"", ""草莓"", ""巧克力"", ""太空"")]的气味。",translated,
22ee4cd2,game/objects/items/tools/extinguisher.dm,50,balloon_alert,"safety [safety ? ""on"" : ""off""]","保险 [safety ? ""on"" : ""off""]",translated,
6393f1b7,game/objects/items/tools/flame_tools.dm,598,visible_message,"After a few attempts, [user] manages to light the [src],  however [user.p_they()] burn [user.p_their()] finger in the process.",尝试了几次后，[user] 终于点燃了 [src]，但 [user.p_they()] 在这个过程中烫伤了 [user.p_their()] 的手指。,translated,
2a2bdfc3,game/objects/items/tools/flame_tools.dm,403,desc,"A bright red cigarette with what appears to be russian branding on it. The words \""RUSSIAN RED\"", however are unmistakable.",一支鲜红色的香烟，上面似乎印着俄文品牌标识。但'RUSSIAN RED'这几个字却清晰可辨。,translated,
3e5933c1,game/objects/items/tools/flame_tools.dm,413,desc,"Red tipped. Has got a single word stamped on the side: \""(BICARIDINE)\"".",红色尖端。侧面印有一个单词：'(BICARIDINE)'。,translated,
2df8c07c,game/objects/items/tools/flame_tools.dm,423,desc,"Yellow tipped. has got a single word stamped on the side: \""(KELOTANE)\"".",黄色尖端。侧面印有一个单词：'（KELOTANE）'。,translated,
7ad34c41,game/objects/items/tools/maintenance_tools.dm,43,visible_message,"[user] is stabbing the [name] into [user.p_their()] [pick(""temple"",""heart"")]! It looks like [user.p_theyre()] trying to commit suicide.","[user]正将[name]刺入[user.p_their()]的[pick(""太阳穴"",""心脏"")]！看起来[user.p_theyre()]试图自杀。",translated,
23d30795,game/objects/items/tools/maintenance_tools.dm,89,visible_message,\The [usr] cuts \the [C]'s restraints with \the [src]!,\The [usr] 用 \the [src] 割断了 \the [C] 的束缚！,translated,
469925c5,game/objects/items/tools/misc_tools.dm,123,desc,"It's a black ink pen with a sharp point and a carefully engraved \""Waffle Co.\""",这是一支黑色墨水笔，笔尖锋利，上面精心雕刻着'华夫公司'字样。,translated,
cda61fec,game/objects/items/tools/research_tools.dm,16,desc,"A tool for locating and uncovering underground resources. Use \""unique action\"" when near an excavation site.",用于定位和发掘地下资源的工具。在挖掘点附近时使用'特殊动作'。,translated,
7567563f,game/objects/items/tools/shovel_tools.dm,73,balloon_alert,"dumping [dirt_type == DIRT_TYPE_SNOW ? ""snow"" : ""dirt""]","倾倒[dirt_type == DIRT_TYPE_SNOW ? ""snow"" : ""dirt""]",translated,
e926e60d,game/objects/items/tools/surgery_tools.dm,44,visible_message,"[user] presses the [name] to [user.p_their()] [pick(""temple"",""chest"")] and activates it! It looks like [user.p_theyre()] trying to commit suicide!","[user]将[name]按在[user.p_their()][pick(""太阳穴"",""胸口"")]并启动了它！看起来[user.p_theyre()]想要自杀！",translated,
a9d7d49b,game/objects/items/toys/cards.dm,145,visible_message,\The [user] shuffles [src].,\The [user] 洗牌 [src]。,translated,
5137f443,game/objects/items/toys/cards.dm,235,visible_message,\The [user] plays \the [discarding].,\The [user] 打出了 \the [discarding]。,translated,
0605d7f4,game/objects/items/toys/cards.dm,244,visible_message,"\The [user] [concealed ? ""conceals"" : ""reveals""] their hand.","\The [user] [concealed ? ""隐藏了"" : ""亮出了""] 他们的手。",translated,
b687dc99,game/objects/items/toys/crayons.dm,90,visible_message,[user] starts drawing something on \the [target.name].,[user]开始在\the [target.name]上绘制着什么。,translated,
316ce841,game/objects/items/toys/toy_weapons.dm,41,to_chat,You reload [7 - bullets] caps\s!,你装填了[7 - bullets]发弹道弹药！,translated,
91580cfd,game/objects/items/toys/toys.dm,111,desc,"There is a tag on the back that reads \""FUK NT!11!\"".",背面有个标签写着'FUK NT!11!'。,translated,
a8d03106,game/objects/items/toys/toys.dm,139,desc,"\""Singulo\"" brand spinning toy.",'辛格洛'牌旋转玩具。,translated,
97199328,game/objects/items/toys/toys.dm,552,desc,"A plushie depicting a royal xenomorph queen. Smells faintly of stardust and baguettes, with a tag that has Wee! written on it.",一个描绘皇家异形女王的毛绒玩偶。散发着淡淡的星尘和法棍面包的香气，标签上写着 Wee!。,translated,
941317ce,game/objects/items/trash.dm,77,name,"\improper \""LiquidFood\"" ration","\improper \""流食\""口粮",translated,
142f4e17,game/objects/items/trash.dm,109,desc,"The fortune reads. <br>[span_tip(""[pick(SSstrings.get_list_from_file(""tips/marine""))]"")]","运势显示。<br>[span_tip(""[pick(SSstrings.get_list_from_file(""tips/marine""))]"")]",translated,
eb046d5e,game/objects/items/trash.dm,204,desc,Overpriced 'Spring' water. Bottled by the Nanotrasen Corporation.,纳米传讯公司灌装的'春泉'牌高价水。,translated,
fc23fd2d,game/objects/items/weapons/stunbaton.dm,119,to_chat,"[src] is now [status ? ""on"" : ""off""].","[src] 现在[status ? ""开启"" : ""关闭""]了。",translated,
ce60c2f7,game/objects/items/weapons/stunbaton.dm,232,to_chat,"\The [src] is now [status ? ""on"" : ""off""].","\The [src] 现在[status ? ""开启"" : ""关闭""]了。",translated,
7137b6d2,game/objects/items/weapons/swords.dm,40,visible_message,[user] is falling on [user.p_their()] [name]! It looks like [user.p_theyre()] trying to commit suicide.,[user] 正摔向 [user.p_their()] 的 [name]！看起来 [user.p_theyre()] 想自杀。,translated,
232c6b24,game/objects/items/weapons/two_handed/spears.dm,43,desc,A tactical spear. Used for 'tactical' combat.,一把战术长矛。用于'战术'战斗。,translated,
23ccd97e,game/objects/items/xeno_iff_tags.dm,17,to_chat,"[xeno] is dead, why would you waste a tag on it?",\the [xeno] 已经死了，你为什么还要浪费一个标签在它身上？,translated,
7dfd3101,game/objects/items/xeno_iff_tags.dm,20,to_chat,"[xeno] already has an IFF tag attached, and attaching another might mess with its signal!",[xeno] 已经附有一个敌我识别标签，再附加一个可能会干扰其信号！,translated,
aee80b05,game/objects/items/xeno_iff_tags.dm,28,to_chat,Someone already attached a tag to [xeno] while you were busy!,有人趁你忙的时候已经给[异形]贴上了标签！,translated,
14c6dc77,game/objects/items/xeno_iff_tags.dm,22,visible_message,[user] starts attaching [src] to [xeno].,[user]开始将[src]安装到[异形]身上。,translated,
3bc643df,game/objects/items/xeno_iff_tags.dm,44,name,\[redacted\] xenomorph IFF tag,\[已编辑\]异形敌我识别标签,translated,
2bc3c80d,game/objects/machinery/OpTable.dm,103,visible_message,"[span_notice(""[user] fits the mask over [buckling_human]'s face and turns on the anesthetic."")]'","[span_notice(""[user] 将面罩戴在 [buckling_human] 脸上并打开了麻醉剂。"")]",translated,
4ee897ee,game/objects/machinery/artillery/mortar.dm,380,visible_message,"[icon2html(src, viewers(src))] [span_danger(""The [name] fires!"")]","[icon2html(src, viewers(src))] [span_danger(""这个 [name] 开火了！"")]",translated,
0efdda56,game/objects/machinery/artillery/mortar.dm,430,desc,"A manual, crew-operated mortar system intended to rain down 80mm goodness on anything it's aimed at. Needs to be set down first to fire. Ctrl+Click on a tile to deploy, drag the mortar's sprites to mob's sprite to undeploy.",一门手动操作、由乘员操控的迫击炮系统，旨在向瞄准的任何目标倾泻80毫米的'善意'。需要先架设才能开火。Ctrl+点击一个格子进行部署，将迫击炮的精灵图拖拽到生物的精灵图上以收起。,translated,
b85b1732,game/objects/machinery/artillery/mortar.dm,461,desc,"A manual, crew-operated mortar system intended to rain down 80mm goodness on anything it's aimed at. Needs to be set down first to fire. This one is a double barreled mortar that can hold 2 rounds, and is usually fitted in TAVs.",一种手动操作、由乘员操控的迫击炮系统，旨在向瞄准目标倾泻80毫米的'福音'。需要先架设才能开火。这是一门双管迫击炮，可容纳2发炮弹，通常安装在战术突击载具上。,translated,
c4767f0a,game/objects/machinery/artillery/mortar.dm,249,say,"Targeting set by [user]. COORDINATES: X:[coords[""targ_x""]] Y:[coords[""targ_y""]] OFFSET: X:[coords[""dial_x""]] Y:[coords[""dial_y""]]","目标设定由[user]。坐标：X:[coords[""targ_x""]] Y:[coords[""targ_y""]] 偏移量：X:[coords[""dial_x""]] Y:[coords[""dial_y""]]",translated,
0dba21ff,game/objects/machinery/artillery/mortar.dm,302,say,"Remote targeting set by [user]. COORDINATES: X:[coords[""targ_x""]] Y:[coords[""targ_y""]] OFFSET: X:[coords[""dial_x""]] Y:[coords[""dial_y""]]","远程目标设定由[user]完成。坐标：X轴：[coords[""targ_x""]] Y轴：[coords[""targ_y""]] 偏移量：X轴：[coords[""dial_x""]] Y轴：[coords[""dial_y""]]",translated,
9bb1b548,game/objects/machinery/artillery/shells.dm,59,name,\improper 150mm 'Tanglefoot' artillery shell,\improper 150毫米'缠足'炮弹,translated,
3767fb83,game/objects/machinery/artillery/shells.dm,71,name,\improper 150mm white phosporous 'spotting' artillery shell,\improper 150毫米白磷'标记'炮弹,translated,
7b09164c,game/objects/machinery/artillery/shells.dm,72,desc,"An 150mm artillery shell, loaded with a 'spotting' gas that sets anything it hits aflame, whatever is hit by this will have their day, skin and future ruined, with a demand for a warcrime tribunal.",一枚150毫米炮弹，装载着'标记'气体，能将击中的一切点燃。被它命中的目标，其皮肤与未来都将毁于一旦，足以引发战争罪法庭的传唤。,translated,
925f3cdc,game/objects/machinery/autodoc.dm,395,visible_message,"[mover_of_occupant] starts [mover_of_occupant == future_occupant ? ""climbing"" : ""moving [future_occupant]""] into \the [src].","[mover_of_occupant]开始[mover_of_occupant == future_occupant ? ""爬入"" : ""将[future_occupant]移入""]\the [src]。",translated,
cd7dedf3,game/objects/machinery/camera/camera.dm,133,to_chat,"You screw the camera's panel [CHECK_BITFIELD(machine_stat, PANEL_OPEN) ? ""open"" : ""closed""].","你将摄像头的面板[CHECK_BITFIELD(machine_stat, PANEL_OPEN) ? ""打开"" : ""关闭""]了。",translated,
f5d7bf5b,game/objects/machinery/camera/camera.dm,154,to_chat,"You [(view_range == initial(view_range)) ? ""restore"" : ""mess up""] the camera's focus.","你[(view_range == initial(view_range)) ? ""恢复"" : ""弄乱""]了摄像头的焦距。",translated,
5bcab4ae,game/objects/machinery/camera/camera.dm,262,visible_message,\The [src] [change_msg]!,\The [src] [change_msg]！,translated,
27f99250,game/objects/machinery/camera/deployable_camera.dm,38,to_chat,"NOTICE - \""Huginn\"" ROC-58 Observer has been deployed at [AREACOORD_NO_Z(user)].","通知 - \""胡金\"" ROC-58 观察者已在 [AREACOORD_NO_Z(user)] 部署。",translated,
0813c675,game/objects/machinery/camera/deployable_camera.dm,4,name,"\""Huginn\"" ROC-58 Observer",'胡金'ROC-58 观测者,translated,
43563f76,game/objects/machinery/camera/deployable_camera.dm,27,name,"Undeployed \""Huginn\"" ROC-58 Observer",未部署的'胡金'ROC-58观察者,translated,
264c7099,game/objects/machinery/cell_charger.dm,77,to_chat,"You [anchored ? ""attach"" : ""detach""] the cell charger [anchored ? ""to"" : ""from""] the ground","你将电池充电器[anchored ? ""安装到"" : ""从""]地面上[anchored ? """" : ""卸下""]",translated,
532909db,game/objects/machinery/cell_charger.dm,102,to_chat,ccpt [charging] [stat],ccpt [charging] [stat],translated,
9823395b,game/objects/machinery/cloning/cloning.dm,277,visible_message,"[icon2html(src, viewers(src))] [span_notice(""<b>[src]</b> ejects the freshly spawned clone."")]","[icon2html(src, viewers(src))] [span_notice(""<b>[src]</b> 弹出了新生成的克隆体。"")]",translated,
5dbd41b1,game/objects/machinery/computer/communications.dm,108,to_chat,"That announcement contained a word prohibited in IC chat! Consider reviewing the server rules.\n<span replaceRegex='show_filtered_ic_chat'>\""[input]\""</span>","该公告包含一个IC聊天中禁止使用的词汇！请考虑查阅服务器规则。\n<span replaceRegex='show_filtered_ic_chat'>\""[input]\""</span>",translated,
1c32322a,game/objects/machinery/computer/dropship_weapons.dm,100,to_chat,"[DEW] just fired, wait for it to cool down.",[DEW] 刚刚开火，等待其冷却。,translated,
1dd3d2d1,game/objects/machinery/cryopod.dm,260,desc,"A large automated capsule with LED displays intended to put anyone inside into 'hypersleep', a form of non-cryogenic statis used on most ships, linked to a long-term hypersleep bay on a lower level.",一个大型自动化胶囊，带有LED显示屏，旨在将内部人员置于'超睡眠'状态——一种在大多数舰船上使用的非冷冻休眠形式，与下层甲板的长效超睡眠舱相连。,translated,
7264ac53,game/objects/machinery/data_disks.dm,21,to_chat,"You flip the write-protect tab to [src.read_only ? ""protected"" : ""unprotected""].","你将写保护标签翻到[src.read_only ? ""protected"" : ""unprotected""]。",translated,
4e3bb656,game/objects/machinery/doors/airlock.dm,381,to_chat,\The [src] would require something a lot stronger than [W] to weld!,\The [src] 需要比 [W] 强得多的东西才能焊接！,translated,
b79af3c0,game/objects/machinery/doors/airlock.dm,507,to_chat,\The [src] has no panel to open!,\The [src]没有可以打开的盖板！,translated,
c5030f08,game/objects/machinery/doors/airlock.dm,309,visible_message,\The [xeno_attacker] digs into \the [src] and begins to pry it open.,\The [xeno_attacker] 开始挖掘并试图撬开 \the [src]。,translated,
a4a22806,game/objects/machinery/doors/airlock.dm,322,visible_message,\The [xeno_attacker] pries \the [src] open.,\The [xeno_attacker] 撬开了 \the [src]。,translated,
4c8e781f,game/objects/machinery/doors/airlock.dm,333,visible_message,\The [M] scuttles underneath \the [src]!,\The [M] 在 \the [src] 下方快速爬过！,translated,
2642f1e6,game/objects/machinery/doors/airlock.dm,388,visible_message,"[user] is [welded ? ""unwelding"":""welding""] the airlock.","[user]正在[welded ? ""解除焊接"":""焊接""]气闸门。",translated,
728cf8e5,game/objects/machinery/doors/airlock.dm,396,visible_message,"[user.name] has [welded? ""welded shut"":""unwelded""] [src].","[user.name]已经[welded? ""焊接关闭"":""解除焊接""][src]。",translated,
ad94683f,game/objects/machinery/doors/airlock_types.dm,296,name,\improper Captain's Office,\improper 舰长办公室,translated,
9ffedf58,game/objects/machinery/doors/airlock_types.dm,299,name,\improper Captain's Study,\improper 舰长书房,translated,
7f374dd0,game/objects/machinery/doors/airlock_types.dm,303,name,\improper Captain's Mess,\improper 舰长餐厅,translated,
b38646db,game/objects/machinery/doors/airlock_types.dm,555,name,\improper Pilot's Office,\improper 飞行员办公室,translated,
0a42d137,game/objects/machinery/doors/airlock_types.dm,607,name,\improper Smartgunner Preparations,\improper 智能机枪手准备,translated,
cc6ba9a7,game/objects/machinery/doors/airlock_types.dm,663,name,\improper Alpha Squad Smartgunner Preparations,\improper 阿尔法班智能机枪手准备就绪,translated,
524030c8,game/objects/machinery/doors/airlock_types.dm,735,name,\improper Delta Squad Leader Preparations,\improper 德尔塔班班长准备,translated,
ea9590ba,game/objects/machinery/doors/airlock_types.dm,750,name,\improper Delta Squad Smartgunner Preparations,\improper 德尔塔班智能机枪手准备就绪,translated,
c00a9308,game/objects/machinery/doors/airlock_types.dm,805,name,\improper Cockpit,\improper 驾驶舱,translated,
a9c2a8bd,game/objects/machinery/doors/firedoor.dm,135,visible_message,\The [xeno_attacker] digs into \the [src] and begins to pry it open.,\The [xeno_attacker] 开始挖掘并试图撬开 \the [src]。,translated,
a0541657,game/objects/machinery/doors/firedoor.dm,145,visible_message,\The [xeno_attacker] pries \the [src] open.,\The [xeno_attacker] 撬开了 \the [src]。,translated,
f49e796a,game/objects/machinery/doors/firedoor.dm,179,visible_message,"\The [src] [density ? ""open"" : ""close""]s for \the [user].","\The [src] [density ? ""打开"" : ""关闭""]了，为\the [user]。",translated,
60cbfad7,game/objects/machinery/doors/firedoor.dm,222,visible_message,"\The [user] [blocked ? ""welds"" : ""unwelds""] \the [src] with \a [W].","\The [user] [blocked ? ""焊接"" : ""拆焊""] \the [src] 用 \a [W]。",translated,
63a7fa29,game/objects/machinery/doors/firedoor.dm,229,visible_message,"\The [user] pries at \the [src] with \a [I], but \the [src] is welded in place!",\The [user] 试图用 \a [I] 撬开 \the [src]，但 \the [src] 被焊死了！,translated,
e3780616,game/objects/machinery/doors/firedoor.dm,234,visible_message,"\The [user] starts to force \the [src] [density ? ""open"" : ""closed""] with \a [I]!","\The [user] 开始用 \a [I] 强行将 \the [src] [density ? ""open"" : ""closed""]！",translated,
39ec882d,game/objects/machinery/doors/firedoor.dm,245,visible_message,"\The [user] forces \the [blocked ? ""welded "" : """" ][name] [density ? ""open"" : ""closed""] with \a [I]!","\The [user]用\a [I]强行将\the [blocked ? ""welded "" : """" ][name][density ? ""打开"" : ""关上""]了！",translated,
7ac2c2e0,game/objects/machinery/doors/firedoor.dm,216,balloon_alert,"[blocked ? ""unwelding"" : ""welding""]...","[blocked ? ""正在解除焊接"" : ""正在焊接""]...",translated,
15f1b618,game/objects/machinery/doors/multi_tile.dm,107,name,\improper Canteen,\improper 水壶,translated,
773e2183,game/objects/machinery/doors/multi_tile.dm,186,name,\improper Alpha Squad Smartgunner Preparations,\improper 阿尔法班智能机枪手准备就绪,translated,
268861dc,game/objects/machinery/doors/multi_tile.dm,246,name,\improper Delta Squad Leader Preparations,\improper 德尔塔班班长准备,translated,
3d877264,game/objects/machinery/doors/multi_tile.dm,261,name,\improper Delta Squad Smartgunner Preparations,\improper 德尔塔班智能机枪手准备就绪,translated,
e6e0d85e,game/objects/machinery/doors/multi_tile.dm,283,name,\improper Medical Bay,\improper 医疗湾,translated,
2bfd00bf,game/objects/machinery/doors/poddoor.dm,2,name,\improper Podlock,\improper 舱门锁,translated,
4b8233d0,game/objects/machinery/doors/poddoor.dm,204,name,\improper Ammunition Storage,\improper 弹药储存,translated,
077a659d,game/objects/machinery/doors/poddoor.dm,208,name,\improper Drop pod Bay,\improper 空降舱舱段,translated,
79a62550,game/objects/machinery/fax.dm,168,to_chat,"You [anchored ? ""wrench"" : ""unwrench""] \the [src].","你将[anchored ? ""用扳手固定"" : ""松开""]\the [src]。",translated,
25b4a00b,game/objects/machinery/fire_alarm.dm,136,to_chat,You wire \the [src].,你给 \the [src] 接线。,translated,
e2aaf72d,game/objects/machinery/hologram.dm,303,to_chat,"[span_danger(""ERROR:"")] \black Image feed in progress.","[span_danger(""错误："")] \black 图像传输中。",translated,
125fd1ac,game/objects/machinery/hologram.dm,331,to_chat,"[span_danger(""ERROR:"")] Unable to project hologram.","[span_danger(""错误："")] 无法投射全息影像。",translated,
46bee8f1,game/objects/machinery/holosign.dm,33,desc,Small wall-mounted holographic projector. This one reads SURGERY.,小型壁挂式全息投影仪。这个显示着'手术室'。,translated,
2c96850e,game/objects/machinery/iv_drip.dm,177,to_chat,"The IV drip is now [mode ? ""injecting"" : ""taking blood""].","\the [src] 现在正在[mode ? ""抽取血液"" : ""注射药物""]。",translated,
69eccdf4,game/objects/machinery/kitchen/smartfridge.dm,62,to_chat,"You [CHECK_BITFIELD(machine_stat, PANEL_OPEN) ? ""open"" : ""close""] the maintenance panel.","你[CHECK_BITFIELD(machine_stat, PANEL_OPEN) ? ""打开"" : ""关闭""]了维护面板。",translated,
f635d87e,game/objects/machinery/minelayer.dm,2,name,"\improper M21 APRDS \""Minelayer\""",\improper M21 APRDS'布雷器',translated,
46c2beac,game/objects/machinery/overwatch/_overwatch.dm,137,to_chat,"Basic overwatch systems initialized. Welcome, [ID ? ""[ID.rank] "":""""][operator.name]. Please select a squad.","基础监控系统已初始化。欢迎，[ID ? ""[ID.rank] "":""""][operator.name]。请选择一个班。",translated,
311e7a72,game/objects/machinery/overwatch/_overwatch.dm,145,to_chat,"Main overwatch systems initialized. Welcome, [ID ? ""[ID.rank] "":""""][operator.name].","主监控系统已初始化。欢迎，[ID ? ""[ID.rank] "":""""][operator.name]。",translated,
9311f3a0,game/objects/machinery/overwatch/_overwatch.dm,153,to_chat,"Overwatch systems deactivated. Goodbye, [ID ? ""[ID.rank] "":""""][operator ? ""[operator.name]"":""sysadmin""].","监控系统已停用。再见，[ID ? ""[ID.rank] "":""""][operator ? ""[operator.name]"":""系统管理员""]。",translated,
0853def4,game/objects/machinery/overwatch/_overwatch.dm,161,to_chat,"Main overwatch systems deactivated. Goodbye, [ID ? ""[ID.rank] "":""""][operator ? ""[operator.name]"":""sysadmin""].","主监控系统已停用。再见，[ID ? ""[ID.rank] "":""""][operator ? ""[operator.name]"":""系统管理员""]。",translated,
aa08bc7b,game/objects/machinery/overwatch/_overwatch.dm,186,to_chat,"[icon2html(src, operator)] [span_notice(""Marines are now sorted by health status."")]","[icon2html(src, operator)] [span_notice(""陆战队员现已按生命状态排序。"")]",translated,
d780dd32,game/objects/machinery/overwatch/_overwatch.dm,188,to_chat,"[icon2html(src, operator)] [span_notice(""Marines are now sorted by rank."")]","[icon2html(src, operator)] [span_notice(""陆战队员现已按军衔排序。"")]",translated,
ac78997b,game/objects/machinery/overwatch/_overwatch.dm,192,to_chat,"[icon2html(src, operator)] [span_notice(""Dead marines are no longer shown."")]","[icon2html(src, operator)] [span_notice(""阵亡陆战队员不再显示。"")]",translated,
6e322986,game/objects/machinery/overwatch/_overwatch.dm,194,to_chat,"[icon2html(src, operator)] [span_notice(""Dead marines are now shown."")]","[icon2html(src, operator)] [span_notice(""阵亡陆战队员现在会显示。"")]",translated,
9f9e3281,game/objects/machinery/overwatch/_overwatch.dm,199,to_chat,"[icon2html(src, operator)] [span_notice(""Marines on the [SSmapping.configs[SHIP_MAP].map_name] are now hidden."")]","[icon2html(src, operator)] [span_notice(""[SSmapping.configs[SHIP_MAP].map_name]上的陆战队员现已隐藏。"")]",translated,
fcfa9e5a,game/objects/machinery/overwatch/_overwatch.dm,202,to_chat,"[icon2html(src, operator)] [span_notice(""Marines on the ground are now hidden."")]","[icon2html(src, operator)] [span_notice(""地面陆战队员现已隐藏。"")]",translated,
856cc546,game/objects/machinery/overwatch/_overwatch.dm,205,to_chat,"[icon2html(src, operator)] [span_notice(""No location is ignored anymore."")]","[icon2html(src, operator)] [span_notice(""不再忽略任何位置。"")]",translated,
9050b34a,game/objects/machinery/overwatch/_overwatch.dm,220,to_chat,"[icon2html(src, operator)] [span_notice(""Jumping to the latest available location of [cam_target]."")]","[icon2html(src, operator)] [span_notice(""正在跳转至 [cam_target] 的最新可用位置。"")]",translated,
f05eb9ed,game/objects/machinery/overwatch/_overwatch.dm,223,to_chat,"[icon2html(src, operator)] [span_notice(""Jumping to the latest available location of [cam_target]."")]","[icon2html(src, operator)] [span_notice(""正在跳转至 [cam_target] 的最新可用位置。"")]",translated,
ad5a066b,game/objects/machinery/overwatch/_overwatch.dm,138,visible_message,"Basic overwatch systems initialized. Welcome, [ID ? ""[ID.rank] "":""""][operator.name]. Please select a squad.","基础监控系统已初始化。欢迎，[ID ? ""[ID.rank] "":""""][operator.name]。请选择一个班。",translated,
3bca63a9,game/objects/machinery/overwatch/_overwatch.dm,146,visible_message,"Main overwatch systems initialized. Welcome, [ID ? ""[ID.rank] "":""""][operator.name].","主监控系统已初始化。欢迎，[ID ? ""[ID.rank] "":""""][operator.name]。",translated,
913be821,game/objects/machinery/overwatch/_overwatch.dm,154,visible_message,"Overwatch systems deactivated. Goodbye, [ID ? ""[ID.rank] "":""""][operator ? ""[operator.name]"":""sysadmin""].","监控系统已停用。再见，[ID ? ""[ID.rank] "":""""][operator ? ""[operator.name]"":""系统管理员""]。",translated,
96ca48f4,game/objects/machinery/overwatch/_overwatch.dm,162,visible_message,"Main overwatch systems deactivated. Goodbye, [ID ? ""[ID.rank] "":""""][operator ? ""[operator.name]"":""sysadmin""].","主监控系统已停用。再见，[ID ? ""[ID.rank] "":""""][operator ? ""[operator.name]"":""系统管理员""]。",translated,
bab42428,game/objects/machinery/overwatch/military.dm,228,to_chat,"[icon2html(src, operator)] [span_warning(""No squad selected!"")]","[icon2html(src, operator)] [span_warning(""未选择小队！"")]",translated,
23f965a2,game/objects/machinery/overwatch/military.dm,242,to_chat,"[icon2html(src, operator)] [span_warning(""No squad selected!"")]","[icon2html(src, operator)] [span_warning(""未选择小队！"")]",translated,
514b23bd,game/objects/machinery/overwatch/military.dm,259,to_chat,"[icon2html(src, operator)] [span_warning(""You're busy doing something else, and press the wrong button!"")]","[icon2html(src, operator)] [span_warning(""你正忙着做别的事，按错了按钮！"")]",translated,
c9f541ca,game/objects/machinery/overwatch/military.dm,262,to_chat,"[icon2html(src, operator)] [span_warning(""The Rail Gun hasn't cooled down yet!"")]","[icon2html(src, operator)] [span_warning(""轨道炮尚未冷却完毕！"")]",translated,
d7a7c53b,game/objects/machinery/overwatch/military.dm,264,to_chat,"[icon2html(src, operator)] [span_warning(""No target detected!"")]","[icon2html(src, operator)] [span_warning(""未检测到目标！"")]",translated,
40680b3c,game/objects/machinery/overwatch/military.dm,465,to_chat,"[icon2html(src, operator)] [span_warning(""The [name] is busy processing another action!"")]","[icon2html(src, operator)] [span_warning(""[name] 正忙于处理另一项操作！"")]",translated,
df6095f0,game/objects/machinery/overwatch/military.dm,468,to_chat,"[icon2html(src, operator)] [span_warning(""The orbital cannon has no ammo chambered."")]","[icon2html(src, operator)] [span_warning(""轨道炮未装填弹药。"")]",translated,
90310dc5,game/objects/machinery/overwatch/military.dm,471,to_chat,"[icon2html(src, operator)] [span_warning(""No target detected!"")]","[icon2html(src, operator)] [span_warning(""未检测到目标！"")]",translated,
632e72cd,game/objects/machinery/overwatch/military.dm,475,to_chat,"[icon2html(src, operator)] [span_warning(""The target's signal is too weak."")]","[icon2html(src, operator)] [span_warning(""目标信号过于微弱。"")]",translated,
49548213,game/objects/machinery/overwatch/military.dm,479,to_chat,"[icon2html(src, operator)] [span_warning(""Invalid target."")]","[icon2html(src, operator)] [span_warning(""无效目标。"")]",translated,
f2ae9329,game/objects/machinery/overwatch/military.dm,482,to_chat,"[icon2html(src, operator)] [span_warning(""The target's landing zone appears to be out of bounds."")]","[icon2html(src, operator)] [span_warning(""目标着陆区似乎超出边界。"")]",translated,
37d39dc3,game/objects/machinery/overwatch/military.dm,529,to_chat,"[icon2html(src, source)] [span_warning(""[target] is KIA!"")]","[icon2html(src, source)] [span_warning(""[target] 已阵亡！"")]",translated,
306dc281,game/objects/machinery/overwatch/military.dm,533,to_chat,"[icon2html(src, source)] [span_warning(""[target] is already the Squad Leader!"")]","[icon2html(src, source)] [span_warning(""[target] 已经是班长了！"")]",translated,
e894b2a3,game/objects/machinery/overwatch/military.dm,536,to_chat,"[icon2html(src, source)] [span_warning(""[target] is unfit to lead!"")]","[icon2html(src, source)] [span_warning(""[target] 不适合担任领导！"")]",translated,
599e107e,game/objects/machinery/overwatch/military.dm,541,to_chat,"Squad Leader [target_squad.squad_leader] of squad '[target_squad]' has been [target_squad.squad_leader.stat == DEAD ? ""replaced"" : ""demoted and replaced""] by [target.real_name]! Logging to enlistment files.","[target_squad]班的班长[target_squad.squad_leader]已被[target.real_name][target_squad.squad_leader.stat == DEAD ? ""接替"" : ""降职并接替""]！记录至入伍档案。",translated,
c00a4a06,game/objects/machinery/overwatch/military.dm,550,to_chat,"[icon2html(src, target)] <font size='3' color='blue'><B>\[Overwatch\]: You've been promoted to \'[(ismarineleaderjob(target.job) || issommarineleaderjob(target.job)) ? ""SQUAD LEADER"" : ""ACTING SQUAD LEADER""]\' for [target_squad.name]. Your headset has access to the command channel (:v).</B></font>","[icon2html(src, target)] <font size='3' color='blue'><B>\[监控\]：你已被晋升为[target_squad.name]的\'[(ismarineleaderjob(target.job) || issommarineleaderjob(target.job)) ? ""班长"" : ""代理班长""]\'。你的耳机现在可以接入指挥频道(:v)。</B></font>",translated,
af30c372,game/objects/machinery/overwatch/military.dm,559,to_chat,"[icon2html(src, operator)] [span_warning(""No squad selected!"")]","[icon2html(src, operator)] [span_warning(""未选择小队！"")]",translated,
c195217d,game/objects/machinery/overwatch/military.dm,564,to_chat,"[icon2html(src, operator)] [span_warning(""[wanted_marine] is missing in action."")]","[icon2html(src, operator)] [span_warning(""[wanted_marine] 已失踪。"")]",translated,
5e7563b2,game/objects/machinery/overwatch/military.dm,580,to_chat,"[icon2html(src, wanted_marine)] <font size='3' color='blue'><B>\[Overwatch\]:</b> You've been reported for insubordination by your overwatch officer.</font>","[icon2html(src, wanted_marine)] <font size='3' color='blue'><B>\[监控\]:</b> 你的监控军官已报告你犯有抗命行为。</font>",translated,
c5dda609,game/objects/machinery/overwatch/military.dm,593,to_chat,"[icon2html(src, source)] [span_warning(""[transfer_marine] is KIA."")]","[icon2html(src, source)] [span_warning(""[transfer_marine] 已阵亡。"")]",translated,
97a69528,game/objects/machinery/overwatch/military.dm,597,to_chat,"[icon2html(src, source)] [span_warning(""Transfer aborted. [transfer_marine] isn't wearing an ID."")]","[icon2html(src, source)] [span_warning(""转移中止。[transfer_marine]未佩戴身份识别卡。"")]",translated,
29e10957,game/objects/machinery/overwatch/military.dm,604,to_chat,"[icon2html(src, source)] [span_warning(""Transfer aborted. [new_squad] can't have another [transfer_marine.job.title]."")]","[icon2html(src, source)] [span_warning(""转移中止。[new_squad] 不能再接收一名 [transfer_marine.job.title]。"")]",translated,
1291aff3,game/objects/machinery/overwatch/military.dm,609,to_chat,"[icon2html(src, source)] [span_warning(""[transfer_marine] is already in [new_squad]!"")]","[icon2html(src, source)] [span_warning(""[transfer_marine] 已经在 [new_squad] 了！"")]",translated,
108ea86f,game/objects/machinery/overwatch/military.dm,635,to_chat,"[icon2html(src, transfer_marine)] <font size='3' color='blue'><B>\[Overwatch\]:</b> You've been transfered to [new_squad]!</font>","[icon2html(src, transfer_marine)] <font size='3' color='blue'><B>\[监控\]:</b> 你已被调至[new_squad]！</font>",translated,
20ed2d11,game/objects/machinery/overwatch/military.dm,542,visible_message,"Squad Leader [target_squad.squad_leader] of squad '[target_squad]' has been [target_squad.squad_leader.stat == DEAD ? ""replaced"" : ""demoted and replaced""] by [target.real_name]! Logging to enlistment files.","[target_squad]班的班长[target_squad.squad_leader]已被[target.real_name][target_squad.squad_leader.stat == DEAD ? ""接替"" : ""降职并接替""]！记录至入伍档案。",translated,
48eb06ad,game/objects/machinery/recharger.dm,32,to_chat,"You [anchored ? ""attached"" : ""detached""] the recharger.","你[anchored ? ""连接"" : ""断开""]了充电器。",translated,
a1d003ec,game/objects/machinery/recharger.dm,39,to_chat,\A [charging] is already charging here.,\a [charging] 已经在这里充能了。,translated,
cce0be0c,game/objects/machinery/sellingpad.dm,55,visible_message,"[src] buzzes: The [onpad] has been sold for [export_report.points ? export_report.points : ""no""] point[export_report.points == 1 ? """" : ""s""].","[src] 发出嗡嗡声：[onpad] 已售出，获得 [export_report.points ? export_report.points : ""无""] 点[export_report.points == 1 ? """" : ""s""]。",translated,
a9a83127,game/objects/machinery/sleeper.dm,401,to_chat,"[health_ratio > 50 ? ""<font color='#487553'> "" : ""<font color='#b54646'> ""]\t Health %: [health_ratio] ([t1])</font>","[health_ratio > 50 ? ""<font color='#487553'> "" : ""<font color='#b54646'> ""]\t 生命值 %: [health_ratio] ([t1])</font>",translated,
df03d707,game/objects/machinery/sleeper.dm,402,to_chat,"[occupant.bodytemperature > 50 ? ""<font color='#487553'>"" : ""<font color='#b54646'>""]\t -Core Temperature: [occupant.bodytemperature-T0C]&deg;C ([occupant.bodytemperature*1.8-459.67]&deg;F)</FONT><BR>","[occupant.bodytemperature > 50 ? ""<font color='#487553'>"" : ""<font color='#b54646'>""]\t -核心温度：[occupant.bodytemperature-T0C]&deg;C ([occupant.bodytemperature*1.8-459.67]&deg;F)</FONT><BR>",translated,
20c2eccb,game/objects/machinery/sleeper.dm,403,to_chat,"[occupant.getBruteLoss() < 60 ? ""<font color='#487553'> "" : ""<font class='#b54646'> ""]\t -Brute Damage %: [occupant.getBruteLoss()]</font>","[occupant.getBruteLoss() < 60 ? ""<font color='#487553'> "" : ""<font class='#b54646'> ""]\t -钝击伤害 %: [occupant.getBruteLoss()]</font>",translated,
1ff2b603,game/objects/machinery/sleeper.dm,404,to_chat,"[occupant.getOxyLoss() < 60 ? ""<span color='#487553'> "" : ""<font color='#b54646'> ""]\t -Respiratory Damage %: [occupant.getOxyLoss()]</font>","[occupant.getOxyLoss() < 60 ? ""<span color='#487553'> "" : ""<font color='#b54646'> ""]\t -呼吸系统损伤百分比：[occupant.getOxyLoss()]</font>",translated,
3058b087,game/objects/machinery/sleeper.dm,405,to_chat,"[occupant.getToxLoss() < 60 ? ""<font color='#487553'> "" : ""<font color='#b54646'> ""]\t -Toxin Content %: [occupant.getToxLoss()]</font>","[occupant.getToxLoss() < 60 ? ""<font color='#487553'> "" : ""<font color='#b54646'> ""]\t -毒素含量 %: [occupant.getToxLoss()]</font>",translated,
fc17c5e7,game/objects/machinery/sleeper.dm,406,to_chat,"[occupant.getFireLoss() < 60 ? ""<font color='#487553'> "" : ""<font color='#b54646'> ""]\t -Burn Severity %: [occupant.getFireLoss()]</font>","[occupant.getFireLoss() < 60 ? ""<font color='#487553'> "" : ""<font color='#b54646'> ""]\t -火焰伤害程度 %: [occupant.getFireLoss()]</font>",translated,
3ee864c1,game/objects/machinery/spaceheater.dm,57,balloon_alert,"hatch [open ? ""opened"" : ""closed""]","舱口[open ? ""已打开"" : ""已关闭""]",translated,
f11a7033,game/objects/machinery/spaceheater.dm,111,balloon_alert,"switched [on ? ""on"" : ""off""]","切换[on ? ""on"" : ""off""]",translated,
1d92d307,game/objects/machinery/squad_manager.dm,66,to_chat,"That name contained a word prohibited in IC chat! Consider reviewing the server rules.\n<span replaceRegex='show_filtered_ic_chat'>\""[new_name]\""</span>","该名称包含在角色扮演聊天中禁止使用的词汇！请查阅服务器规则。\n<span replaceRegex='show_filtered_ic_chat'>\""[new_name]\""</span>",translated,
2f99080d,game/objects/machinery/squad_supply/supply_console.dm,108,to_chat,"[icon2html(src, usr)] [span_warning(""There was an issue with that beacon. Check it's still active."")]","[icon2html(src, usr)] [span_warning(""该信标存在问题。请检查它是否仍处于激活状态。"")]",translated,
5794d37e,game/objects/machinery/squad_supply/supply_console.dm,112,to_chat,"[icon2html(src, usr)] [span_warning(""There wasn't any supplies found on the squads supply pad. Double check the pad."")]","[icon2html(src, usr)] [span_warning(""在班组的补给平台上未发现任何补给物资。请再次检查平台。"")]",translated,
0a632edd,game/objects/machinery/squad_supply/supply_console.dm,116,to_chat,"[icon2html(src, usr)] [span_warning(""The [supply_beacon.name] was not detected on the ground."")]","[icon2html(src, usr)] [span_warning(""未在地面检测到 [supply_beacon.name]。"")]",translated,
343ea501,game/objects/machinery/squad_supply/supply_console.dm,119,to_chat,"[icon2html(src, usr)] [span_warning(""The [supply_beacon.name]'s landing zone appears to be obstructed or out of bounds."")]","[icon2html(src, usr)] <span class='warning'>[supply_beacon.name]的着陆区似乎被阻挡或超出边界。</span>",translated,
1dc4e5c0,game/objects/machinery/squad_supply/supply_console.dm,160,visible_message,\The [supply_pad] whirrs as it beings to load the supply drop into a bluespace launch tube. Stand clear!,\The [supply_pad] 发出嗡鸣声，开始将补给空投装载进蓝空间发射管。请远离！,translated,
abcefcee,game/objects/machinery/squad_supply/supply_console.dm,164,visible_message,"[icon2html(supply_beacon, viewers(supply_beacon))] [span_boldnotice(""The [supply_pad.name] begins to beep!"")]","[icon2html(supply_beacon, viewers(supply_beacon))] [span_boldnotice(""[supply_pad.name] 开始发出哔哔声！"")]",translated,
50fb4405,game/objects/machinery/squad_supply/supply_console.dm,178,visible_message,"[icon2html(supply_pad, usr)] [span_warning(""Launch aborted! Supply beacon signal lost."")]","[icon2html(supply_pad, usr)] <span class='warning'>发射中止！补给信标信号丢失。</span>",translated,
cdd253ea,game/objects/machinery/squad_supply/supply_console.dm,182,visible_message,"[icon2html(supply_pad, usr)] [span_warning(""Launch aborted! Supply beacon is not groundside."")]","[icon2html(supply_pad, usr)] [span_warning(""发射中止！补给信标不在地面。"")]",translated,
a9848723,game/objects/machinery/squad_supply/supply_console.dm,186,visible_message,"[icon2html(supply_pad, usr)] [span_warning(""Launch aborted! No deployable object detected on the drop pad."")]","[icon2html(supply_pad, usr)] [span_warning(""发射中止！补给平台上未检测到可部署物体。"")]",translated,
e3d1ca70,game/objects/machinery/squad_supply/supply_console.dm,203,visible_message,"[icon2html(supply_pad, viewers(src))] [span_boldnotice(""Supply drop launched! Another launch will be available in [launch_cooldown/10] seconds."")]","[icon2html(supply_pad, viewers(src))] <span class='boldnotice'>补给空投已发射！下一次发射将在 [launch_cooldown/10] 秒后可用。</span>",translated,
e8d3823a,game/objects/machinery/vending/marine_vending.dm,1217,name,\improper Surplus Clothing Vendor,\improper 剩余衣物贩卖机,translated,
fe9cad28,game/objects/machinery/vending/new_marine_vendors.dm,562,desc,An automated equipment rack hooked up to a colossal storage unit of advanced cat-herding devices.,一个自动化装备架，连接着一个巨大的先进猫群驱赶装置存储单元。,translated,
68b28f20,game/objects/machinery/vending/new_marine_vendors.dm,838,desc,"A set of Heavy Gungnir pattern jaeger armor, including an armor suit and helmet.",一套重型冈尼尔型机甲装甲，包含装甲服和头盔。,translated,
d5716fdc,game/objects/machinery/vending/vending.dm,352,to_chat,"You [CHECK_BITFIELD(machine_stat, PANEL_OPEN) ? ""open"" : ""close""] the maintenance panel.","你[CHECK_BITFIELD(machine_stat, PANEL_OPEN) ? ""打开"" : ""关闭""]了维护面板。",translated,
cbcdb158,game/objects/machinery/vending/vending.dm,439,to_chat,"[icon2html(src, usr)][span_warning(""Connected account has been suspended."")]","[icon2html(src, usr)][span_warning(""关联账户已被停用。"")]",translated,
0229ce0c,game/objects/machinery/vending/vending.dm,441,to_chat,"[icon2html(src, usr)][span_warning(""Error: Unable to access your account. Please contact technical support if problem persists."")]","[icon2html(src, usr)][span_warning(""错误：无法访问您的账户。如果问题持续存在，请联系技术支持。"")]",translated,
0ba086db,game/objects/machinery/vending/vending.dm,445,to_chat,"[icon2html(src, usr)][span_warning(""Error: Unable to access your account. Please contact technical support if problem persists."")]","[icon2html(src, usr)][span_warning(""错误：无法访问您的账户。如果问题持续存在，请联系技术支持。"")]",translated,
1b87e9e6,game/objects/machinery/vending/vending.dm,450,to_chat,"[icon2html(src, usr)][span_warning(""You don't have that much money!"")]","[icon2html(src, usr)][span_warning(""你没那么多钱！"")]",translated,
e74cf0b7,game/objects/machinery/vending/vending.dm,293,visible_message,\The [xeno_attacker] smashes \the [src] beyond recognition!,\The [xeno_attacker] 将 \the [src] 砸得面目全非！,translated,
a663737c,game/objects/machinery/vending/vending.dm,298,visible_message,[xeno_attacker] slashes \the [src]!,[xeno_attacker] 对 \the [src] 发动斩击！,translated,
a9087432,game/objects/machinery/vending/vending.dm,307,visible_message,\The [xeno_attacker] begins to lean against \the [src].,\The [xeno_attacker] 开始倚靠在 \the [src] 上。,translated,
5dfbd2bd,game/objects/machinery/vending/vending.dm,316,visible_message,\The [xeno_attacker] knocks \the [src] down!,\The [xeno_attacker] 将 \the [src] 击倒在地！,translated,
d0b03807,game/objects/machinery/vending/vending_types.dm,723,name,\improper Dinnerware,\improper 餐具,translated,
a13bfbb2,game/objects/structures.dm,111,visible_message,"[user] starts [atom_flags & ON_BORDER ? ""leaping over"" : ""climbing onto""] \the [src]!","[user]开始[atom_flags & ON_BORDER ? ""跃过"" : ""爬上""] \the [src]！",translated,
cf4666af,game/objects/structures.dm,127,visible_message,"[user] [atom_flags & ON_BORDER ? ""leaps over"" : ""climbs onto""] \the [src]!","[user] [atom_flags & ON_BORDER ? ""跃过"" : ""爬上""] \the [src]！",translated,
8ebaee9c,game/objects/structures/barricade.dm,963,visible_message,"[user] flips [src] [is_open ? ""open"" :""closed""].","[user] 将 [src] [is_open ? ""open"" :""closed""]。",translated,
93e6e1b9,game/objects/structures/barricade.dm,843,balloon_alert,"[linked ? ""un"" : """" ]linked","[linked ? ""解"" : """" ]除链接",translated,
40ce3073,game/objects/structures/barricade.dm,302,name,guard rail,防护[相关术语: Rail=导轨],translated,
d0ff335f,game/objects/structures/campaign_props.dm,3,desc,"A state of the art Harbinger class fighter. The premier fighter for SOM forces in space and atmosphere, bristling with high tech systems and weapons.",一款先进的'先驱者'级战斗机。这是火星之子部队在太空与大气层中的主力战机，配备了众多高科技系统和武器。,translated,
f74d20a9,game/objects/structures/campaign_props.dm,16,desc,"A state of the art Harbinger class fighter. The premier fighter for SOM forces in space and atmosphere, this one seems to be unarmed currently.",一架先进的'先驱者'级战斗机。这是火星之子部队在太空和大气层中的主力战机，目前看来似乎未配备武器。,translated,
d67f0d00,game/objects/structures/campaign_structures/destroy_objectives.dm,43,to_chat,"[span_warning(""You're meant to protect this!"")]","[span_warning(""你的职责是保护这个！"")]",translated,
41ae5e82,game/objects/structures/campaign_structures/destroy_objectives.dm,315,desc,"A state of the art harbinger class fighter. The premier fighter for SOM forces in space and atmosphere, bristling with high tech systems and weapons.",一款先进的'先驱者'级战斗机。作为火星之子部队在太空与大气层内的主力战机，它配备了众多高科技系统与武器。,translated,
bb665005,game/objects/structures/coathanger.dm,19,visible_message,[user] takes [coat] off \the [src].,[user] 从 \the [src] 上脱下 [coat]。,translated,
d8c98f04,game/objects/structures/crates_lockers/closets.dm,275,balloon_alert,"[src] has been [welded ? ""welded shut"" : ""unwelded""]","[src]已被[welded ? ""焊接封闭"" : ""解除焊接""]",translated,
bdfd5c3e,game/objects/structures/crates_lockers/closets.dm,287,balloon_alert,"[user] [anchored ? ""anchors"" : ""unanchors""] the [src]","[user] [anchored ? ""固定"" : ""松开""]了 \the [src]",translated,
38765140,game/objects/structures/crates_lockers/closets.dm,416,balloon_alert,"[locked ? null : ""un""]locked","[locked ? null : ""已""]解锁",translated,
94fef391,game/objects/structures/crates_lockers/closets/fireaxe.dm,4,desc,"There is small label that reads \""For Emergency use only\"" along with details for safe use of the axe. As if.",标签上有一行小字写着'仅供紧急情况使用'，还附有安全使用这把斧头的说明。说得好像真的一样。,translated,
5c214047,game/objects/structures/crates_lockers/largecrate.dm,297,to_chat,You begin to cut the straps off \the [src]...,你开始割断\the [src]上的绑带……,translated,
71e7b368,game/objects/structures/desertdam.dm,40,desc,"A large sign reading 'lazarus landing pop. 73', there's blood smeared on it.",一块写着'拉撒路着陆点 人口73'的大牌子，上面有血迹涂抹的痕迹。,translated,
fe205683,game/objects/structures/door_assembly.dm,201,to_chat,"You [anchored ? ""un"" : """"]secured the airlock assembly!","你[anchored ? ""解"" : """"]锁了气闸组件！",translated,
61eccdf1,game/objects/structures/droppod.dm,235,to_chat,"[user ? user : ""unknown""] has launched [src] towards [target.loc] at X:[target_x] Y:[target_y]","[user ? user : ""未知""]已向[target.loc]发射了[src]，坐标X：[target_x] Y：[target_y]",translated,
b0ff5ed4,game/objects/structures/dropship_ammo.dm,418,desc,"The AGM-224 is the latest in air to ground missile technology. Earning the nickname of 'Widowmaker' from various pilots after improvements allow it to land at incredibly high speeds, at the cost of explosive payload. Well suited for ground bombardment, its high velocity making it reach its target quickly. Moving this will require some sort of lifter.",AGM-224是空对地导弹技术的最新成果。经过改进后，它能以极高的速度命中目标，代价是牺牲了爆炸载荷，因此被众多飞行员冠以'黑寡妇制造者'的绰号。它非常适合用于地面轰炸，其高速度使其能迅速抵达目标。移动它需要某种起重设备。,translated,
7d79e8e2,game/objects/structures/dropship_ammo.dm,472,desc,The PGHM-227 missile is a mainstay of the fleet against any mobile or armored ground targets. It's earned the nickname of 'Banshee' from the sudden wail that it emitts right before hitting a target. Useful to clear out large areas. Moving this will require some sort of lifter.,PGHM-227导弹是舰队对抗任何移动或装甲地面目标的主力武器。它在命中目标前发出的突然尖啸为其赢得了'女妖'的绰号。适用于清除大片区域。移动它需要某种起重设备。,translated,
e0b6f0cc,game/objects/structures/dropship_ammo.dm,715,desc,"A incredibly high yield payload bomb used to utterly ruin someone's day, generally termed as the 'Mother of all Bombs'. will only fit in a full-sized bomb pod. Moving this will require some sort of lifter.",一种威力极高的载荷炸弹，用于彻底摧毁某人的一天，通常被称为'炸弹之母'。只能装入全尺寸炸弹舱。移动它需要某种起重设备。,translated,
a665e7a1,game/objects/structures/dropship_equipment.dm,240,to_chat,"You've [ship_base ? ""uninstalled"" : ""grabbed""] [attached_clamp.loaded] with [attached_clamp].","你[ship_base ? ""卸载了"" : ""抓取了""] [attached_clamp.loaded]，使用[attached_clamp]。",translated,
0e176c93,game/objects/structures/dropship_equipment.dm,860,desc,"A dismounted GAU-21 'Rattler' 30mm rotary cannon. Capable of firing 5200 rounds a minute, feared by many for its power. Earned the nickname 'Rattler' from the vibrations it would cause on ships in its inital production run. Moving this will require some sort of lifter.",一门已卸下的GAU-21'响尾蛇'30毫米转管机炮。每分钟可发射5200发弹药，其威力令许多人闻风丧胆。因其在初期生产批次中在舰船上引发的振动而获得了'响尾蛇'的绰号。移动此物需要某种起重设备。,translated,
1b87e279,game/objects/structures/dropship_equipment.dm,1020,desc,"A pnuematic thrower machine capable of up to 40 smaller bombs, generally called 'bomblets'. Moving this will require some sort of lifter.",一台能够发射多达40枚小型炸弹的气动投掷机，通常被称为'子炸弹'。移动它需要某种起重设备。,translated,
e47c1f20,game/objects/structures/girders.dm,133,to_chat,"You weld the [girder_state == GIRDER_BROKEN_PATCHED ? ""girder together"" : ""metal to the girder""]!","你将[girder_state == GIRDER_BROKEN_PATCHED ? ""断裂的工字梁焊接在一起"" : ""金属板焊接到工字梁上""]！",translated,
31dc33fd,game/objects/structures/grille.dm,83,visible_message,"[user] [anchored ? ""fastens"" : ""unfastens""] the grille.","[user] [anchored ? ""固定"" : ""松开""]了格栅。",translated,
e5bdcbbf,game/objects/structures/hybrisa_props.dm,1404,desc,A robotic arm used in the construction of 'Meridian' Automobiles.,用于建造'子午线'牌汽车的机械臂。,translated,
ee97a2f8,game/objects/structures/inflatable.dm,97,visible_message,"[src] [violent ? ""rapidly"" : ""slowly""] deflates!","[src] [violent ? ""迅速"" : ""缓慢""] 地瘪了下去！",translated,
1cc4f841,game/objects/structures/ladders.dm,235,balloon_alert,"can't go any further [going_up ? ""up"" : ""down""]!","无法继续[going_up ? ""up"" : ""down""]！",translated,
b2006dc3,game/objects/structures/landing_signs.dm,3,desc,A large sign reading 'lazarus landing por-' the rest of it is smeared in blood.,一块大标牌上写着'拉撒路着陆港-'，其余部分被血迹模糊了。,translated,
cfe8e0c4,game/objects/structures/landing_signs.dm,13,desc,"A large sign that reads 'Solaris Ridge -', the rest of it is scraped away.",一块大牌子，上面写着'索拉里斯岭 -'，其余部分已被刮掉。,translated,
05e0db32,game/objects/structures/landing_signs.dm,22,desc,"A large sign that reads 'Blue Moon, Solaris Ridge -', the rest of it is scraped away. This sign seems to have heating plates to prevent it from freezing, neat!",一块大牌子，上面写着'蓝月，索拉里斯岭——'，其余部分已被刮掉。这块牌子似乎装有加热板以防冻结，真不错！,translated,
418de7bb,game/objects/structures/landing_signs.dm,31,desc,"A large sign that reads 'Kutjevo pop-', the rest of it is obscured by claw marks.",一块大牌子，上面写着'库特耶沃流行-'，其余部分被爪痕掩盖。,translated,
4cffaba7,game/objects/structures/landing_signs.dm,45,desc,"A large sign that reads 'UA Prison Docking -', the rest of it is obscured by claw marks.",一块大牌子，上面写着'UA监狱对接-'，其余部分被爪痕遮盖。,translated,
f757c0ce,game/objects/structures/landing_signs.dm,53,desc,"A large sign that reads 'Shiva's Ice L-nding -', bullet holes and torn metal obscuring the rest.'",一块大牌子，上面写着'湿婆冰原着-'，弹道孔洞和撕裂的金属遮住了其余部分。,translated,
2949d0de,game/objects/structures/landing_signs.dm,61,desc,"A large sign that reads 'Chigusa mining colony', with half the sign written in japanese..",一块写着'千草矿业殖民地'的大型标牌，一半用日文书写。,translated,
07a45b0e,game/objects/structures/landing_signs.dm,69,desc,"A large sign that reads 'Chigusa mining col-', with the rest being obscured by what looks to be tried blood, and damage.",一块写着'千草矿业殖-'的大型标牌，其余部分被看似干涸的血迹和损坏所掩盖。,translated,
a0fad613,game/objects/structures/landing_signs.dm,74,desc,A large sign that reads 'Tachi Base located at the planet of Ceres V' with a flag of the Sons of Mars.,一块大牌子，上面写着'塔奇基地位于塞雷斯五号行星'，旁边有一面火星之子的旗帜。,translated,
0915ee8a,game/objects/structures/landing_signs.dm,83,desc,A large sign that reads 'Rocinante Base' with a flag of the Sons of Mars.,一块写着'罗西南特基地'的大牌子，上面插着火星之子的旗帜。,translated,
730c1002,game/objects/structures/large_vehicle_props.dm,256,desc,"It is a tread bound crawler used in harsh conditions. This one is designed for personnel transportation. Supplied by Orbital Blue International; 'Your friends, in the Aerospace business.' A subsidiary of Nanotrasen.","这是一种用于恶劣环境的履带式爬行载具。此型号专为人员运输设计。由轨道蓝国际提供；""您在航空航天领域的朋友。""隶属于纳米传讯的子公司。",translated,
84995d97,game/objects/structures/misc.dm,398,desc,A large automated capsule with LED displays intended to put anyone inside into 'hypersleep'.,一个带有LED显示屏的大型自动化胶囊，旨在将内部人员置于'超睡眠'状态。,translated,
688a6026,game/objects/structures/orbital_cannon.dm,525,name,\improper Rail Gun,\improper 导轨枪,translated,
32492d2f,game/objects/structures/prop.dm,500,visible_message,\The [hit_object] slams into \the [src] inducing a resonance... [hit_object.p_their()] body starts to glow and burst into flames before flashing into dust!,\The [hit_object] 猛烈撞击 \the [src] 引发了共振……[hit_object.p_their()] 的身体开始发光并燃起火焰，随后化为灰烬！,translated,
7cc52519,game/objects/structures/prop.dm,504,visible_message,\The [hit_object] smacks into \the [src] and rapidly flashes to ash.,\The [hit_object] 撞上 \the [src] 并迅速化为灰烬。,translated,
76ffd001,game/objects/structures/prop.dm,561,name,\improper Main Airlock,\improper 主气闸门,translated,
0462769c,game/objects/structures/prop.dm,854,name,\improper Terragov flag,\improper 地球政府旗帜,translated,
11386c44,game/objects/structures/prop.dm,624,desc,A giant machine for processing data and producing department specific tools. A small warning light labeled 'server connection' is flashing red,一台用于处理数据并生产部门专用工具的大型机器。一盏标有'服务器连接'的小型警告灯正在闪烁红光。,translated,
37861591,game/objects/structures/prop.dm,708,desc,"Keeps an area from being fried by Edison's Bane, does not work against handheld Tesla cannons commonly issued by paramilitaries.",防止区域被爱迪生之灾烧毁，对民间武装常用的手持特斯拉炮无效。,translated,
3d92b96d,game/objects/structures/reagent_dispensers.dm,123,visible_message,"[user] wrenches [src]'s faucet [modded ? ""closed"" : ""open""].","[user] 将 [src] 的水龙头拧[modded ? ""关"" : ""开""]。",translated,
d3d1da1a,game/objects/structures/reagent_dispensers.dm,138,visible_message,[user] catastrophically fails at refilling \his [W.name]!,[user] 在给\his [W.name]装填时遭遇了灾难性的失败！,translated,
34a276fe,game/objects/structures/safe.dm,66,to_chat,"You hear a [pick(""tonk"", ""krunk"", ""plunk"")] from [src].","你听到[src]传来一声[pick(""咚"", ""哐"", ""砰"")]。",translated,
748b842a,game/objects/structures/safe.dm,68,to_chat,"You hear a [pick(""tink"", ""krink"", ""plink"")] from [src].","你听到[src]传来一声[pick(""叮当"", ""咔嚓"", ""乒乓"")]。",translated,
fca0218d,game/objects/structures/safe.dm,140,to_chat,"You [open ? ""close"" : ""open""] [src].","你[open ? ""关闭"" : ""打开""] [src]。",translated,
6bb484a0,game/objects/structures/safe.dm,146,to_chat,"You can't [open ? ""close"" : ""open""] [src], the lock is engaged!","你无法[open ? ""close"" : ""open""] [src]，锁已锁死！",translated,
4ea90420,game/objects/structures/safe.dm,70,visible_message,"<b>[pick(""Spring"", ""Sprang"", ""Sproing"", ""Clunk"", ""Click"")]!</b>","<b>[pick(""咔嗒"", ""咔嚓"", ""咔哒"", ""哐当"", ""咔"")]！</b>",translated,
8e4efbf9,game/objects/structures/safe.dm,24,desc,"A huge chunk of metal with a dial embedded in it. Fine print on the dial reads \""Scarborough Arms - 2 tumbler safe, guaranteed thermite resistant, explosion resistant, and assistant resistant.\""",一块巨大的金属块，上面嵌着一个刻度盘。刻度盘上的小字写着'斯卡伯勒军械——双锁保险箱，保证耐热剂、防爆、防助手。',translated,
c1faded6,game/objects/structures/signs.dm,178,name,\improper HARD VACUUM AHEAD,\improper 前方为硬真空区域,translated,
bb1e45c7,game/objects/structures/signs.dm,362,name,\improper Medical Bay,\improper 医疗湾,translated,
e768888a,game/objects/structures/signs.dm,372,name,\improper Escape Arm,\improper 逃生臂,translated,
a488b237,game/objects/structures/signs.dm,407,name,\improper Medical Bay,\improper 医疗湾,translated,
46455617,game/objects/structures/signs.dm,417,name,\improper Escape Arm,\improper 逃生装甲,translated,
ef047bb1,game/objects/structures/signs.dm,487,name,\improper Medical Bay,\improper 医疗湾,translated,
85efbaa1,game/objects/structures/signs.dm,144,desc,A warning sign which reads 'LIVE AMMUNITION RANGE'.,一个警告标志，上面写着'实弹射击场'。,translated,
0c295843,game/objects/structures/signs.dm,149,desc,A warning sign which reads 'BIOHAZARD'.,一个写着'生化危害'的警告标志。,translated,
952092f0,game/objects/structures/signs.dm,154,desc,A warning sign which reads 'HIGH VOLTAGE'.,一个警示标志，上面写着'高压危险'。,translated,
1bd25305,game/objects/structures/signs.dm,164,desc,A warning sign which reads 'HIGH TEMPERATURE'.,一个警告标志，上面写着'高温'。,translated,
c2e65b41,game/objects/structures/signs.dm,169,desc,A warning sign which reads 'GAS MASKS REQUIRED'.,一块警示牌，上面写着'必须佩戴防毒面具'。,translated,
ad1ba11a,game/objects/structures/signs.dm,179,desc,A warning sign which reads 'HARD VACUUM AHEAD'.,一个警告标志，上面写着'前方为硬真空环境'。,translated,
bbf57b2b,game/objects/structures/signs.dm,184,desc,A warning sign which reads 'DISPOSAL LEADS TO SPACE'.,一个警告标志，上面写着'垃圾处理通往太空'。,translated,
927551bf,game/objects/structures/signs.dm,189,desc,A warning sign which reads 'ESCAPE PODS'.,一个写着'逃生舱'的警告标志。,translated,
0017a961,game/objects/structures/signs.dm,199,desc,A warning sign which reads 'NO SMOKING'.,一块写着'禁止吸烟'的警示牌。,translated,
e91f881e,game/objects/structures/signs.dm,204,desc,A warning sign which reads 'NO SMOKING'.,一块写着'禁止吸烟'的警示牌。,translated,
d5ba3814,game/objects/structures/signs.dm,247,desc,A warning sign which reads 'SCIENCE!'.,一块写着'科学！'的警告牌。,translated,
0e78ba12,game/objects/structures/signs.dm,255,desc,A warning sign which reads 'SCIENCE!'.,一个写着'科学！'的警告标志。,translated,
a1cc9b12,game/objects/structures/signs.dm,263,desc,A warning sign which reads 'CHEMISTRY'.,一个警告标志，上面写着'化学实验室'。,translated,
747060a8,game/objects/structures/signs.dm,276,desc,A guidance sign which reads 'HYDROPONICS'.,一块指示牌，上面写着'水培区'。,translated,
33300768,game/objects/structures/signs.dm,321,desc,A guidance sign which reads 'HYDROPNICS'.,一块指示牌，上面写着'水培区'。,translated,
fa0f79cf,game/objects/structures/signs.dm,332,desc,A guidance sign which reads 'RESTROOM'.,一块指示牌，上面写着'洗手间'。,translated,
975fa886,game/objects/structures/som_cas_parts.dm,3,desc,"The premier CAS VTOL of the SOM. Outmatches the TGMC Condor in speed and firepower with it's twin S-15 fusion engines, albeit very costly to produce. It can reach an AO and lay heavy fire support within a short length of time.",火星之子的主力近距空中支援垂直起降战机。凭借其双S-15聚变引擎，在速度和火力上超越了地球政府殖民地海军陆战队的秃鹫式，尽管生产成本极其高昂。它能在短时间内抵达任务区域并提供重型火力支援。,translated,
690979af,game/objects/structures/stool_bed_chair_nest/bed.dm,727,visible_message,"[user] [locked ? ""locks"" : ""unlocks""] [src]'s interface.","[user] [locked ? ""锁定"" : ""解锁""]了[src]的界面。",translated,
d2df47c3,game/objects/structures/stool_bed_chair_nest/chairs.dm,388,visible_message,[user] begins loosening the bolts on \the [src].,[user]开始拧松\the [src]上的螺栓。,translated,
97cdc318,game/objects/structures/stool_bed_chair_nest/chairs.dm,395,visible_message,"[user] loosens the bolts on \the [src], folding it into the decking.",[user] 拧松了 \the [src] 的螺栓，将其折叠进甲板中。,translated,
98f0df67,game/objects/structures/stool_bed_chair_nest/janicart.dm,76,desc,"A keyring with a small steel key, and a pink fob reading \""Pussy Wagon\"".",一把钥匙环，上面挂着一把小钢钥匙和一个粉色吊牌，上面写着'Pussy Wagon'。,translated,
ddab1336,game/objects/structures/stool_bed_chair_nest/xeno_nest.dm,77,visible_message,\The [user] pulls \the [buckled_mob] free from \the [src]!,\The [user] 将 \the [buckled_mob] 从 \the [src] 中拉了出来！,translated,
66743c16,game/objects/structures/stool_bed_chair_nest/xeno_nest.dm,90,visible_message,\The [buckled_mob] struggles to break free of \the [src].,\The [buckled_mob] 挣扎着想要挣脱 \the [src]。,translated,
c4a66738,game/objects/structures/stool_bed_chair_nest/xeno_nest.dm,98,visible_message,\The [buckled_mob] breaks free from \the [src]!,\The [buckled_mob] 挣脱了 \the [src]！,translated,
6b205527,game/objects/structures/teleporter.dm,41,to_chat,A red light flashes on \the [src]. It seems it doesn't have enough power.,\the [src]上的红灯闪烁。看来它电力不足。,translated,
9de9f481,game/objects/structures/toolboxtrophy.dm,10,name,"\improper \""Toolboxing For A Cause 2020\"" third place trophy",\improper '为公益而工具箱'2020年季军奖杯,translated,
d5516f1d,game/objects/structures/toolboxtrophy.dm,11,desc,"A worn, but still shining gold toolbox dedicated to those who \""may be stupid\"", who lead the way to victory for TerraGov, placing third in the tournament.\nA worn inscription says: <i>\""Manley Jyllian, Nick Johnson, and Clark Ulton\""</i>. You feel robust just looking at it.",一个破旧但仍闪耀着金光的工具箱，献给那些'或许有些愚蠢'的人，他们为地球政府引领胜利之路，在锦标赛中获得第三名。\n一段磨损的铭文写着：<i>'曼利·吉连、尼克·约翰逊和克拉克·厄尔顿'</i>。光是看着它，你就感到一股坚韧的力量。,translated,
ce07d82c,game/objects/structures/watercloset.dm,42,to_chat,You find \an [I] in the cistern.,你在水箱里找到了\an [I]。,translated,
9bae44e4,game/objects/structures/watercloset.dm,59,to_chat,"You start to [cistern ? ""replace the lid on the cistern"" : ""lift the lid off the cistern""].","你开始[cistern ? ""将水箱盖放回原位"" : ""掀开水箱盖""]。",translated,
20b39dd2,game/objects/structures/watercloset.dm,65,visible_message,"[user] [cistern ? ""replaces the lid on the cistern"" : ""lifts the lid off the cistern""]!","[user] [cistern ? ""将水箱盖盖了回去"" : ""掀开了水箱盖""]！",translated,
45f46c2b,game/turfs/closed.dm,77,to_chat,[I] can't cut through this!,[I] 切不开这个！,translated,
db68c09e,game/turfs/closed.dm,565,name,\improper Alamo,\improper 阿拉莫号,translated,
5d52a098,game/turfs/closed.dm,768,name,\improper Triumph,\improper 凯旋,translated,
ed6215fd,game/turfs/closed.dm,776,name,\improper Normandy,\improper 诺曼底,translated,
8acd7978,game/turfs/closed.dm,932,name,\improper Normandy,\improper 诺曼底,translated,
6ee95122,game/turfs/closed.dm,1118,name,\improper Tadpole,\improper 蝌蚪号,translated,
cd44f04c,game/turfs/iron_floor.dm,207,desc,"\""This is a plaque in honour of our comrades on the G4407 Stations. Hopefully TG4407 model can live up to your fame and fortune.\"" Scratched in beneath that is a crude image of a meteor and a spaceman. The spaceman is laughing. The meteor is exploding.","""这是一块纪念我们在G4407空间站上的战友们的铭牌。希望TG4407型号能不负你们的声望与功绩。""下方刻着一幅粗糙的流星和太空人图画。太空人在大笑。流星正在爆炸。",translated,
2de952a1,game/turfs/snow.dm,51,visible_message,\The [M] starts clearing out \the [src].,\The [M] 开始清理 \the [src]。,translated,
f1848726,game/turfs/snow.dm,61,visible_message,\The [M] clears out \the [src].,\The [M] 清空了 \the [src]。,translated,
3f6b0e8d,game/turfs/walls/resin.dm,152,to_chat,You scrape ineffectively at \the [src].,你徒劳地刮擦着 \the [src]。,translated,
01fd3932,game/turfs/walls/resin.dm,138,visible_message,\The [xeno_attacker] starts tearing down \the [src]!,\The [xeno_attacker] 开始撕毁 \the [src]！,translated,
b9e342bc,game/turfs/walls/resin.dm,145,visible_message,\The [xeno_attacker] tears down \the [src]!,\The [xeno_attacker] 撕毁了 \the [src]！,translated,
0d95e967,game/turfs/walls/walls.dm,335,to_chat,"[span_warning(""[src] is much too tough for you to do anything to it with [I]"")].","[span_warning(""[src] 过于坚韧，你用 [I] 无法对其造成任何伤害"")]。",translated,
c8c3a893,game/verbs/ooc.dm,128,to_chat,"<font color='[display_colour]'>[span_ooc(""<span class='prefix'>OOC: [display_name]"")]: <span class='message linkify'>[msg]</span></span></font>","<font color='[display_colour]'>[span_ooc(""<span class='prefix'>OOC: [display_name]"")]: <span class='message linkify'>[msg]</span></span></font>",translated,
722f9e5b,game/verbs/ooc.dm,130,to_chat,"<span class='[display_class]'>[span_prefix(""OOC: [display_name]"")]: <span class='message linkify'>[msg]</span></span>","<span class='[display_class]'>[span_prefix(""OOC: [display_name]"")]: <span class='message linkify'>[msg]</span></span>",translated,
3a6feb97,game/verbs/ooc.dm,223,to_chat,"<font color='#a330a7'>[span_ooc(""<span class='prefix'>XOOC: [display_name]"")]: <span class='message linkify'>[msg]</span></span></font>","<font color='#a330a7'>[span_ooc(""<span class='prefix'>XOOC: [display_name]"")]: <span class='message linkify'>[msg]</span></span></font>",translated,
b46c7bc2,game/verbs/ooc.dm,239,to_chat,"<font color='#a330a7'>[span_ooc(""<span class='prefix'>[span_tooltip(""You are seeing this because you are staff and have hearing OOC channels from anywhere enabled."", ""XOOC"")]: [display_name]"")]: <span class='message linkify'>[msg]</span></span></font>","<font color='#a330a7'>[span_ooc(""<span class='prefix'>[span_tooltip(""您看到此信息是因为您是管理员，并且启用了从任何地方接收OOC频道消息的功能。"", ""XOOC"")]: [display_name]"")]: <span class='message linkify'>[msg]</span></span></font>",translated,
aa4ffef9,game/verbs/ooc.dm,330,to_chat,"<font color='#ca6200'>[span_ooc(""<span class='prefix'>MOOC: [display_name]"")]: <span class='message linkify'>[msg]</span></span></font>","<font color='#ca6200'>[span_ooc(""<span class='prefix'>MOOC: [display_name]"")]: <span class='message linkify'>[msg]</span></span></font>",translated,
54f49b6e,game/verbs/ooc.dm,346,to_chat,"<font color='#ca6200'>[span_ooc(""<span class='prefix'>[span_tooltip(""You are seeing this because you are staff and have hearing OOC channels from anywhere enabled."", ""MOOC"")]: [display_name]"")]: <span class='message linkify'>[msg]</span></span></font>","<font color='#ca6200'>[span_ooc(""<span class='prefix'>[span_tooltip(""你看到这条消息是因为你是管理员，并且启用了在任何地方都能听到OOC频道的功能。"", ""MOOC"")]: [display_name]"")]: <span class='message linkify'>[msg]</span></span></font>",translated,
f5167e52,game/verbs/ooc.dm,444,to_chat,"<span class='prefix'>[span_tooltip(""You are seeing this because you are staff and have hearing OOC channels from anywhere enabled."", ""LOOC"")]: [display_name]: [span_message(""[msg]"")]","<span class='prefix'>[span_tooltip(""您能看到此消息是因为您是管理员，并且启用了在任何地方都能听到OOC频道的功能。"", ""LOOC"")]: [display_name]: [span_message(""[msg]"")]</span>",translated,
800ad09c,game/verbs/ooc.dm,730,to_chat,"Now opening a window to login to your forum account, your account will automatically be linked the moment you log in. If this window doesn't load, Please go to <a href=\""[uri]?token=[token]\"">[uri]?token=[token]</a> - This link will expire in 30 minutes.","正在打开窗口以登录您的论坛账户，登录成功后您的账户将自动关联。如果此窗口未能加载，请前往 <a href=\""[uri]?token=[token]\"">[uri]?token=[token]</a> - 此链接将在30分钟后失效。",translated,
bc344b13,modules/admin/callproc.dm,19,name,"[initial(name)] ([callers.Join("") ("")])","[initial(name)] ([callers.Join("") ("")])",translated,
406c602e,modules/admin/callproc.dm,24,name,"[initial(name)] ([callers.Join("") ("")])","[initial(name)] ([callers.Join("") ("")])",translated,
7e7ff94c,modules/admin/holder.dm,184,to_chat,"You do not have sufficient rights to do that. You require one of the following flags:[rights2text(rights_required,"" "")].","你没有足够的权限执行此操作。你需要以下权限之一：[rights2text(rights_required,"" "")]。",translated,
3a5ca90a,modules/admin/holder.dm,200,to_chat,"You do not have sufficient rights to do that. You require one of the following flags:[rights2text(rights_required,"" "")].","你没有足够的权限执行此操作。你需要以下权限之一：[rights2text(rights_required,"" "")]。",translated,
9d9406c4,modules/admin/panels/ban_panel.dm,457,to_chat,"Ban not [edit_id ? ""edited"" : ""created""] because the following errors were present:\n[error_state.Join(""\n"")]","封禁未[编辑ID ? ""编辑"" : ""创建""]，因为存在以下错误：\n[错误状态.Join(""\n"")]",translated,
c5dbc7aa,modules/admin/panels/ban_panel.dm,582,to_chat,"You have been [applies_to_admins ? ""admin "" : """"]banned by [usr.client.key] from [roles_to_ban[1] == ""Server"" ? ""the server"" : "" Roles: [roles_to_ban.Join("", "")]""].\nReason: [reason]</span><br>[span_danger(""This ban is [isnull(duration) ? ""permanent."" : ""temporary, it will be removed in [time_message].""] The round ID is [GLOB.round_id]."")]<br><span class='danger'>To appeal this ban go to [appeal_url]","你已被[usr.client.key]从[roles_to_ban[1] == ""Server"" ? ""服务器"" : "" 角色: [roles_to_ban.Join("", "")]""]处以[applies_to_admins ? ""管理员 "" : """"]封禁。\n原因: [reason]</span><br>[span_danger(""此封禁为[isnull(duration) ? ""永久性。"" : ""临时性，将在[time_message]后解除。""] 本局游戏ID为[GLOB.round_id]。"")]<br><span class='danger'>如需申诉此封禁，请前往[appeal_url]",translated,
73f2d9c8,modules/admin/panels/ban_panel.dm,592,to_chat,"You have been [applies_to_admins ? ""admin "" : """"]banned by [usr.client.key] from [roles_to_ban[1] == ""Server"" ? ""the server"" : "" Roles: [roles_to_ban.Join("", "")]""].\nReason: [reason]</span><br>[span_danger(""This ban is [isnull(duration) ? ""permanent."" : ""temporary, it will be removed in [time_message].""] The round ID is [GLOB.round_id]."")]<br><span class='danger'>To appeal this ban go to [appeal_url]","你已被[usr.client.key]从[roles_to_ban[1] == ""Server"" ? ""服务器"" : "" 角色：[roles_to_ban.Join("", "")]""]处以[applies_to_admins ? ""管理员 "" : """"]封禁。\n原因：[reason]</span><br>[span_danger(""此封禁是[isnull(duration) ? ""永久性的。"" : ""临时的，将在[time_message]后解除。""] 本回合ID是[GLOB.round_id]."")]<br><span class='danger'>如需申诉此封禁，请前往[appeal_url]",translated,
3bfe4884,modules/admin/preferences_verbs.dm,44,to_chat,"You will [(user.prefs.toggles_chat & CHAT_PRAYER) ? ""now"" : ""no longer""] see prayerchat.","你现在[(user.prefs.toggles_chat & CHAT_PRAYER) ? ""now"" : ""no longer""]能看到祈祷聊天了。",translated,
30e88ec4,modules/admin/preferences_verbs.dm,50,to_chat,"You will [(user.prefs.toggles_sound & SOUND_ADMINHELP) ? ""now"" : ""no longer""] hear a sound when adminhelps arrive.","你现在[(user.prefs.toggles_sound & SOUND_ADMINHELP) ? ""now"" : ""no longer""]会在管理员帮助到达时听到提示音。",translated,
1f68ca78,modules/admin/server_verbs.dm,79,to_chat,"Server shutting down [waitforroundend ? ""after this round"" : ""in 30 seconds!""]</span> <span class='notice'>Initiated by: [usr.key]","服务器正在关闭 [waitforroundend ? ""本局结束后"" : ""30秒后！""]</span> <span class='notice'>发起者：[usr.key]",translated,
7d7503d9,modules/admin/server_verbs.dm,90,to_chat,"Server shutting down[waitforroundend ? "" after this round. "" : """"].</span> <span class='notice'>Initiated by: [shuttingdown]","服务器正在关闭<span class='notice'>[waitforroundend ? "" 本轮结束后关闭。 "" : """"]</span> <span class='notice'>发起者：[shuttingdown]</span>",translated,
7975e3c6,modules/admin/topic.dm,578,to_chat,"[pick(SSstrings.get_list_from_file(""tips/xeno""))]","[pick(SSstrings.get_list_from_file(""tips/xeno""))]",translated,
019d2546,modules/admin/verbs/SDQL2/SDQL_2.dm,531,to_chat,"SDQL query results: [get_query_text()]<br>\
			SDQL query completed: [islist(obj_count_all)? length(obj_count_all) : obj_count_all] objects selected by path, and \
			[where_switched? ",SDQL查询结果：[get_query_text()]<br>\			SDQL查询完成：按路径选择了[islist(obj_count_all)? length(obj_count_all) : obj_count_all]个对象，并且\			[where_switched?,translated,
37585003,modules/admin/verbs/SDQL2/SDQL_2.dm,991,to_chat,[spaces](,[spaces](,translated,
3fc986c7,modules/admin/verbs/SDQL2/SDQL_2.dm,993,to_chat,[spaces]),[spaces]),translated,
1d761582,modules/admin/verbs/SDQL2/SDQL_2.dm,1003,to_chat,[spaces][whitespace]),[spaces][whitespace]),translated,
3ce7b7ad,modules/admin/verbs/SDQL2/SDQL_2.dm,1006,to_chat,[spaces][whitespace][query_tree[item]],[spaces][whitespace][query_tree[item]],translated,
1bd792e1,modules/admin/verbs/SDQL2/SDQL_2.dm,1142,to_chat,"SDQL2: You have an error in your SDQL syntax, unexpected ' in query: \""<font color=gray>[query_text]</font>\"" following \""<font color=gray>[word]</font>\"". Please check your syntax, and try again.","SDQL2：你的 SDQL 语法有误，查询中出现意外的 '：\""<font color=gray>[query_text]</font>\"" 在 \""<font color=gray>[word]</font>\"" 之后。请检查你的语法，然后重试。",translated,
e68af532,modules/admin/verbs/SDQL2/SDQL_2.dm,1162,to_chat,"SDQL2: You have an error in your SDQL syntax, unmatched ' in query: \""<font color=gray>[query_text]</font>\"". Please check your syntax, and try again.","SDQL2：你的 SDQL 语法有误，查询中存在未匹配的 '：\""<font color=gray>[query_text]</font>\""。请检查你的语法，然后重试。",translated,
6ecbd807,modules/admin/verbs/SDQL2/SDQL_2.dm,1170,to_chat,"SDQL2: You have an error in your SDQL syntax, unexpected \"" in query: \""<font color=gray>[query_text]</font>\"" following \""<font color=gray>[word]</font>\"". Please check your syntax, and try again.","SDQL2：您的 SDQL 语法存在错误，在查询中遇到意外的 \""：\""<font color=gray>[query_text]</font>\"" 出现在 \""<font color=gray>[word]</font>\"" 之后。请检查您的语法，然后重试。",translated,
c9b52d49,modules/admin/verbs/SDQL2/SDQL_2.dm,1190,to_chat,"SDQL2: You have an error in your SDQL syntax, unmatched \"" in query: \""<font color=gray>[query_text]</font>\"". Please check your syntax, and try again.","SDQL2：您的 SDQL 语法存在错误，查询中存在未匹配的引号：\""<font color=gray>[query_text]</font>\""。请检查您的语法，然后重试。",translated,
c7cf9cd8,modules/admin/verbs/poll_managment.dm,311,to_chat,"Not all edits were applied because the following errors were present:\n[error_state.Join(""\n"")]","并非所有编辑都已应用，因为存在以下错误：\n[error_state.Join(""\n"")]",translated,
11d23930,modules/admin/verbs/poll_managment.dm,313,to_chat,"Poll not [new_poll ? ""initialized"" : ""submitted""] because the following errors were present:\n[error_state.Join(""\n"")]","投票未[new_poll ? ""初始化"" : ""提交""]，因为存在以下错误：\n[error_state.Join(""\n"")]",translated,
ccd75855,modules/admin/verbs/poll_managment.dm,476,to_chat,"Poll [poll_type == POLLTYPE_TEXT ? ""responses"" : ""votes""] cleared.","投票[poll_type == POLLTYPE_TEXT ? ""回复"" : ""票数""]已清空。",translated,
f49ecd35,modules/admin/verbs/poll_managment.dm,602,to_chat,"Option not added because the following errors were present:\n[error_state.Join(""\n"")]","选项未添加，原因如下：\n[error_state.Join(""\n"")]",translated,
f799e858,modules/admin/verbs/poll_managment.dm,605,to_chat,"Not all edits were applied because the following errors were present:\n[error_state.Join(""\n"")]","并非所有编辑都已应用，因为存在以下错误：\n[error_state.Join(""\n"")]",translated,
caa866a1,modules/admin/verbs/request_internet_sound.dm,16,to_chat,"Invalid URL. Please use a URL from one of the following sites: [replacetext(CONFIG_GET(string/request_internet_allowed), ""\\"", """")]","无效的 URL。请使用来自以下任一网站的 URL：[replacetext(CONFIG_GET(string/request_internet_allowed), ""\\"", """")]",translated,
fb87fa95,modules/admin/view_variables/mass_edit_variables.dm,193,to_chat,[rejected] out of [count] objects rejected your edit,[rejected] / [count] 个对象拒绝了你的编辑,translated,
13796cdf,modules/admin/view_variables/topic.dm,104,to_chat,You caused an error. DEBUG: Text:[Text] Mob:[L],你引发了一个错误。调试：文本：[Text] 实体：[L],translated,
784bd986,modules/admin/view_variables/topic_basic.dm,42,to_chat,"[holder.fakekey ? ""an Administrator"" : ""[usr.client.key]""] has granted you access to view a View Variables window","[holder.fakekey ? ""一位管理员"" : ""[usr.client.key]""]已授予你查看变量查看窗口的权限",translated,
425a312c,modules/assembly/signaler.dm,113,to_chat,You transfer the frequency and code of \the [signaler2.name] to \the [name],你将 \the [signaler2.name] 的频率和代码传输到 \the [name],translated,
c9154d42,modules/assembly/voice.dm,87,say,"[listening ? ""Now"" : ""No longer""] recording input.","[listening ? ""正在"" : ""不再""]录制输入。",translated,
1e505a30,modules/atmospherics/machinery/components/binary_devices/circulator.dm,39,to_chat,"You [anchored?""secure"":""unsecure""] [src].","你[anchored?""固定"":""解除固定""]了[src]。",translated,
2ca3efb5,modules/atmospherics/machinery/components/binary_devices/circulator.dm,88,to_chat,"You set [src] to [mode?""cold"":""hot""] mode.","你将[src]设置为[mode?""冷"":""热""]模式。",translated,
19fd16be,modules/atmospherics/machinery/components/binary_devices/circulator.dm,96,to_chat,"You [CHECK_BITFIELD(machine_stat, PANEL_OPEN)?""open"":""close""] the panel on [src].","你[CHECK_BITFIELD(machine_stat, PANEL_OPEN)?""打开"":""关闭""]了[src]上的面板。",translated,
e556bd54,modules/atmospherics/machinery/portable/scrubber.dm,12,balloon_alert,"turned [on ? ""on"" : ""off""]","已[on ? ""开启"" : ""关闭""]",translated,
20ef9883,modules/buildmode/submodes/advanced.dm,37,to_chat,[initial(object.name)] ([object.type]) selected.,[initial(object.name)] ([object.type]) 已选择。,translated,
58005d97,modules/client/client_procs.dm,260,to_chat,"You can go to <a href=\""https://secure.byond.com/download/build\"">BYOND's website</a> to download other versions.","你可以前往<a href=\""https://secure.byond.com/download/build\"">BYOND 官网</a>下载其他版本。",translated,
ebd2a86e,modules/client/client_procs.dm,266,to_chat,"Please download a new version of byond. If [byond_build] is the latest, you can go to <a href=\""https://secure.byond.com/download/build\"">BYOND's website</a> to download other versions.","请下载新版本的 BYOND。如果 [byond_build] 是最新版本，你可以前往 <a href=\""https://secure.byond.com/download/build\"">BYOND 官网</a> 下载其他版本。",translated,
8a424120,modules/client/client_procs.dm,308,to_chat,"Visit <a href=\""https://secure.byond.com/download\"">BYOND's website</a> to get the latest version of BYOND.","访问<a href=\""https://secure.byond.com/download\"">BYOND官网</a>获取最新版本的BYOND。",translated,
7a699e22,modules/client/preferences_toggles.dm,8,to_chat,"At the end of the round you will [(prefs.toggles_chat & CHAT_STATISTICS) ? ""see all statistics"" : ""not see any statistics""].","在回合结束时，你将[(prefs.toggles_chat & CHAT_STATISTICS) ? ""看到所有统计数据"" : ""不会看到任何统计数据""]。",translated,
4916cf00,modules/client/preferences_toggles.dm,18,to_chat,"As a ghost, you will now [(prefs.toggles_chat & CHAT_GHOSTEARS) ? ""see all speech in the world"" : ""only see speech from nearby mobs""].","作为幽灵，你现在将[(prefs.toggles_chat & CHAT_GHOSTEARS) ? ""看到世界中的所有对话"" : ""只看到附近生物的对话""]。",translated,
2702d2bc,modules/client/preferences_toggles.dm,27,to_chat,"The selected special ability will now be activated with [(prefs.toggles_gameplay & MIDDLESHIFTCLICKING) ? ""middle button"" : ""shift""] clicking.","选中的特殊能力现在将通过[(prefs.toggles_gameplay & MIDDLESHIFTCLICKING) ? ""middle button"" : ""shift""]点击激活。",translated,
7e173306,modules/client/preferences_toggles.dm,39,to_chat,"As a ghost, you will now [(prefs.toggles_chat & CHAT_GHOSTSIGHT) ? ""see all emotes in the world"" : ""only see emotes from nearby mobs""].","作为幽灵，你现在将[(prefs.toggles_chat & CHAT_GHOSTSIGHT) ? ""看到世界中的所有表情动作"" : ""只看到附近生物的表情动作""]。",translated,
f49f02ee,modules/client/preferences_toggles.dm,49,to_chat,"As a ghost, you will now [(prefs.toggles_chat & CHAT_GHOSTRADIO) ? ""hear all radio chat in the world"" : ""only hear from nearby speakers""].","作为幽灵，你现在将[(prefs.toggles_chat & CHAT_GHOSTRADIO) ? ""听到世界范围内的所有无线电聊天"" : ""只能听到附近扬声器的声音""]。",translated,
fbdf66df,modules/client/preferences_toggles.dm,59,to_chat,"You will [(prefs.toggles_chat & CHAT_RADIO) ? ""now"" : ""no longer""] see radio chatter from radios or speakers.","你将[(prefs.toggles_chat & CHAT_RADIO) ? ""now"" : ""no longer""]看到来自无线电或扬声器的无线电通讯。",translated,
aa07782a,modules/client/preferences_toggles.dm,69,to_chat,"As a ghost, you will [(prefs.toggles_chat & CHAT_GHOSTHIVEMIND) ? ""now see chatter from the Xenomorph Hivemind"" : ""no longer see chatter from the Xenomorph Hivemind""].","作为幽灵，你将[prefs.toggles_chat & CHAT_GHOSTHIVEMIND ? ""现在能看到来自异形蜂巢意志的交流"" : ""不再能看到来自异形蜂巢意志的交流""]。",translated,
37e1c782,modules/client/preferences_toggles.dm,79,to_chat,"You will [(prefs.toggles_chat & CHAT_DEAD) ? ""now"" : ""no longer""] see deadchat.","你现在[(prefs.toggles_chat & CHAT_DEAD) ? ""now"" : ""no longer""]能看到死亡聊天了。",translated,
346eddf1,modules/client/preferences_toggles.dm,88,to_chat,"You will [(prefs.toggles_gameplay & RADIAL_MEDICAL) ? ""now"" : ""no longer""] use the radial menu for medical purposes.","你将[(prefs.toggles_gameplay & RADIAL_MEDICAL) ? ""现在"" : ""不再""]使用径向菜单进行医疗操作。",translated,
af152caa,modules/client/preferences_toggles.dm,97,to_chat,"You will [(prefs.toggles_gameplay & RADIAL_STACKS) ? ""now"" : ""no longer""] use the radial menu when interacting with material stacks.","你现在[(prefs.toggles_gameplay & RADIAL_STACKS) ? ""now"" : ""no longer""]在与材料堆互动时使用径向菜单。",translated,
5d27f59b,modules/client/preferences_toggles.dm,106,to_chat,"You will [(prefs.toggles_chat & CHAT_OOC) ? ""now"" : ""no longer""] see messages on the OOC channel.","你现在[(prefs.toggles_chat & CHAT_OOC) ? ""将"" : ""将不再""]看到OOC频道上的消息。",translated,
89faf90c,modules/client/preferences_toggles.dm,116,to_chat,"You will [(prefs.toggles_chat & CHAT_LOOC) ? ""now"" : ""no longer""] see messages on the LOOC channel.","你[(prefs.toggles_chat & CHAT_LOOC) ? ""现在"" : ""将不再""]看到 LOOC 频道上的消息。",translated,
9cd7d93b,modules/client/preferences_toggles.dm,129,to_chat,"You will [(prefs.be_special & role_flag) ? ""now"" : ""no longer""] be considered for [role] events (where possible).","你将[(prefs.be_special & role_flag) ? ""now"" : ""no longer""]被考虑参与[role]事件（在可能的情况下）。",translated,
c15afe69,modules/client/preferences_toggles.dm,223,to_chat,"New spawn announcements have been [(prefs.toggles_deadchat & DISABLE_ARRIVALRATTLE) ? ""disabled"" : ""enabled""].","新生成公告已[(prefs.toggles_deadchat & DISABLE_ARRIVALRATTLE) ? ""禁用"" : ""启用""]。",translated,
66430a4a,modules/client/preferences_toggles.dm,232,to_chat,"Death announcements have been [(prefs.toggles_deadchat & DISABLE_DEATHRATTLE) ? ""disabled"" : ""enabled""].","死亡通告已[(prefs.toggles_deadchat & DISABLE_DEATHRATTLE) ? ""禁用"" : ""启用""]。",translated,
c56228f8,modules/client/preferences_ui.dm,957,to_chat,"You, or another user of this computer or connection ([ban_details[""key""]]) is banned from playing [params[""role""]].<br>The ban reason is: [ban_details[""reason""]]<br>This ban (BanID #[ban_details[""id""]]) was applied by [ban_details[""admin_key""]] on [ban_details[""bantime""]] during round ID [ban_details[""round_id""]].<br>[expires]","你，或使用此计算机或连接的另一用户（[ban_details[""key""]]）被禁止游玩[params[""role""]]。<br>封禁原因是：[ban_details[""reason""]]<br>此封禁（封禁ID #[ban_details[""id""]]）由[ban_details[""admin_key""]]于[ban_details[""bantime""]]在回合ID [ban_details[""round_id""]]期间施加。<br>[expires]",translated,
95d1d9b9,modules/clothing/clothing.dm,238,desc,[desc]<br>They have had the fingertips cut off of them.,[desc]<br>他们的指尖已被切除。,translated,
9d493557,modules/clothing/gloves/marine_gloves.dm,8,desc,Standard issue marine tactical gloves. It reads: 'knit by Marine Widows Association'.,标准配发的陆战队战术手套。上面写着：'由陆战队黑寡妇协会编织'。,translated,
4b6c83d5,modules/clothing/gloves/marine_gloves.dm,21,desc,Standard issue marine tactical gloves but black! It reads: 'knit by Marine Widows Association'.,标准配发的陆战队战术手套，不过是黑色的！上面写着：'由陆战队黑寡妇协会编织'。,translated,
f8e2476f,modules/clothing/gloves/marine_gloves.dm,27,desc,Standard issue marine tactical gloves but fingerless! It reads: 'knit by Marine Widows Association'.,标准配发的陆战队战术手套，但这次是露指款！上面写着：'由陆战队黑寡妇协会编织'。,translated,
0b8aa726,modules/clothing/gloves/marine_gloves.dm,33,desc,Standard issue marine tactical gloves BUT colorable with a facepaint! It reads: 'knit by Marine Widows Association'.,标准配发的陆战队战术手套，但可用面部迷彩着色！上面写着：'由陆战队黑寡妇协会编织'。,translated,
cfaa31dc,modules/clothing/gloves/marine_gloves.dm,81,desc,"You may like these gloves, but THEY think you are unworthy of them.",你或许喜欢这副手套，但\他们认为你不配拥有它们。,translated,
b21f9141,modules/clothing/head/head.dm,28,name,\improper TGMC beanie,\improper TGMC 针织帽,translated,
3f1106cb,modules/clothing/head/head.dm,66,name,\improper Red beret,\improper 红色贝雷帽,translated,
6c400054,modules/clothing/head/head.dm,85,name,\improper Blue beret,\improper 蓝色贝雷帽,translated,
8f6b996f,modules/clothing/head/head.dm,100,name,\improper White beret,\improper 白色贝雷帽,translated,
8589665e,modules/clothing/head/head.dm,112,name,\improper Field Commander beret,\improper 战地指挥官贝雷帽,translated,
cf657c60,modules/clothing/head/head.dm,120,name,\improper TGMC cap,\improper 地球政府殖民地海军陆战队舰长,translated,
cc0078a0,modules/clothing/head/head.dm,156,name,\improper TGMC officer cap,\improper TGMC军官帽,translated,
34958721,modules/clothing/head/head.dm,161,name,\improper TGMC navy officer cap,\improper TGMC海军军官帽,translated,
a5ad73d5,modules/clothing/head/head.dm,166,name,\improper TGMC requisition cap,\improper TGMC 补给上限,translated,
9a92823f,modules/clothing/head/head.dm,180,name,\improper ornamented cap,\improper 装饰帽,translated,
a8f0dc3b,modules/clothing/head/head.dm,191,name,\improper TGMC slouch hat,\improper TGMC 软顶帽,translated,
36136db8,modules/clothing/head/head.dm,240,name,\improper Chief Medical hat,\improper 首席医疗官帽,translated,
b5f556e4,modules/clothing/head/head.dm,382,name,\improper commissar cap,\improper 政委帽,translated,
e38306e6,modules/clothing/head/helmet.dm,112,name,\improper M10 pattern marine helmet,\improper M10型陆战队头盔,translated,
a5e8b469,modules/clothing/head/helmet.dm,497,name,\improper UM4 helmet,\improper UM4头盔,translated,
8a694e59,modules/clothing/head/helmet.dm,555,name,\improper Z7 engineer helmet,\improper Z7 工程兵头盔,translated,
eadf32ff,modules/clothing/head/helmet.dm,582,name,\improper S7 combat helmet,\improper S7作战头盔,translated,
1b306c26,modules/clothing/head/helmet.dm,113,desc,"A standard M10 Pattern Helmet. It reads on the label, 'The difference between an open-casket and closed-casket funeral. Wear on head for best results.'.",一顶标准的M10型头盔。标签上写着：'开棺葬礼与闭棺葬礼的区别。戴在头上效果最佳。',translated,
b2e8039a,modules/clothing/head/helmet.dm,655,desc,"Vyacheslav Security Detail's custom, modified helmet designed for the 'Ares' Juggernaut suit.",维雅切斯拉夫安保小组为'阿瑞斯'巨神兵护甲定制的改装头盔。,translated,
8da1560c,modules/clothing/head/helmet.dm,663,desc,"Vyacheslav Security Detail's custom, modified helmet designed for the 'Zeus' Juggernaut suit.",维亚切斯拉夫安保小组为'宙斯'巨神装甲定制的改装头盔。,translated,
8d34a169,modules/clothing/head/helmet.dm,671,desc,"Vyacheslav Security Detail's custom, modified helmet designed for the 'Apollo' Juggernaut suit.",维亚切斯拉夫安保小组为'阿波罗'巨神兵护甲定制的改装头盔。,translated,
e397dddf,modules/clothing/masks/breath.dm,93,to_chat,"You [active ? ""pull [src] up to cover your face"" : ""pull [src] off your face""].","你[active ? ""将[src]拉上来遮住脸"" : ""将[src]从脸上拉下来""]。",translated,
b1c70fbe,modules/clothing/modular_armor/attachments/arm_plates.dm,14,desc,"Designed for use with the Jaeger Combat Exoskeleton. It provides protection and encumbrance when attached and is fairly easy to attach and remove from armor. Click on the armor frame to attach it. All arm plates have the same armor and slowdown, meaning that only changing the chestplate makes significant armor difference. This armor appears to be marked as a Infantry armor piece.",专为耶格尔战斗外骨骼设计。安装后可提供防护，同时增加负重，且易于在装甲上装卸。点击装甲框架进行安装。所有臂部护板均具有相同的护甲值和减速效果，这意味着只有更换胸甲才会显著改变护甲性能。此装甲部件标记为步兵装甲组件。,translated,
35ec5796,modules/clothing/modular_armor/attachments/arm_plates.dm,20,desc,"Designed for use with the Jaeger Combat Exoskeleton. It provides protection and encumbrance  when attached and is fairly easy to attach and remove from armor. Click on the armor frame to attach it. All arm plates have the same armor and slowdown, meaning that only changing the chestplate makes significant armor difference. This armor appears to be marked as a Skirmisher armor piece.",专为'游骑兵'战斗外骨骼设计。安装后可提供防护，同时增加负重，且装卸相当便捷。点击装甲框架即可安装。所有臂甲板均提供相同的护甲值与减速效果，这意味着只有更换胸甲板才会带来显著的护甲差异。此装甲部件标记为'游骑兵'型。,translated,
bcdad079,modules/clothing/modular_armor/attachments/arm_plates.dm,25,desc,"Designed for use with the Jaeger Combat Exoskeleton. It provides protection and encumbrance  when attached and is fairly easy to attach and remove from armor. Click on the armor frame to attach it. All arm plates have the same armor and slowdown, meaning that only changing the chestplate makes significant armor difference. This armor appears to be marked as a Scout armor piece.",专为'游骑兵'战斗外骨骼设计。安装后可提供防护，但也会增加负重，且易于在装甲上装卸。点击装甲框架进行安装。所有臂部护板均提供相同的护甲值和减速效果，这意味着只有更换胸甲才会显著改变护甲性能。此装甲部件标记为侦察型。,translated,
11924b97,modules/clothing/modular_armor/attachments/arm_plates.dm,30,desc,"Designed for use with the Jaeger Combat Exoskeleton. It provides protection and encumbrance when attached and is fairly easy to attach and remove from armor. Click on the armor frame to attach it. All arm plates have the same armor and slowdown, meaning that only changing the chestplate makes significant armor difference. This armor appears to be marked as a Assault armor piece.",专为'游骑兵'战斗外骨骼设计。安装后可提供防护，同时增加负重，且易于在装甲上装卸。点击装甲框架进行安装。所有臂部护板均具有相同的护甲值和减速效果，这意味着只有更换胸甲才会带来显著的护甲差异。此装甲部件标记为突击型。,translated,
0c262dbd,modules/clothing/modular_armor/attachments/arm_plates.dm,35,desc,"Designed for use with the Jaeger Combat Exoskeleton. It provides protection and encumbrance when attached and is fairly easy to attach and remove from armor. Click on the armor frame to attach it. All arm plates have the same armor and slowdown, meaning that only changing the chestplate makes significant armor difference. This armor appears to be marked as a EVA armor piece.",专为'游骑兵'战斗外骨骼设计。安装后可提供防护，同时增加负重，且易于在装甲上装卸。点击装甲框架进行安装。所有臂甲板均提供相同的护甲值和减速效果，这意味着只有更换胸甲板才会显著改变护甲性能。此装甲似乎标记为舱外活动装甲部件。,translated,
c18f2700,modules/clothing/modular_armor/attachments/arm_plates.dm,40,desc,"Designed for use with the Jaeger Combat Exoskeleton. It provides protection and encumbrance when attached and is fairly easy to attach and remove from armor. Click on the armor frame to attach it. All arm plates have the same armor and slowdown, meaning that only changing the chestplate makes significant armor difference. This armor appears to be marked as a EOD armor piece.",专为'游骑兵'战斗外骨骼设计。安装后可提供防护，但也会增加负重，且易于在装甲上装卸。点击装甲框架进行安装。所有臂部护板均提供相同的护甲值和减速效果，这意味着只有更换胸甲才会显著改变护甲性能。此装甲部件标记为EOD（爆炸物处理）专用。,translated,
b09ed2d6,modules/clothing/modular_armor/attachments/arm_plates.dm,45,desc,"Designed for use with the Jaeger Combat Exoskeleton. It provides protection and encumbrance when attached and is fairly easy to attach and remove from armor. Click on the armor frame to attach it. All arm plates have the same armor and slowdown, meaning that only changing the chestplate makes significant armor difference. This armor appears to be marked as a Hell Jumper armor piece.",专为'游骑兵'战斗外骨骼设计。安装后可提供防护，同时增加负重，且易于在装甲上装卸。点击装甲框架进行安装。所有臂部护板均具有相同的护甲值和减速效果，这意味着只有更换胸甲才会显著改变护甲性能。此装甲似乎标记为'地狱伞兵'装甲部件。,translated,
fa688525,modules/clothing/modular_armor/attachments/arm_plates.dm,50,desc,"Designed for use with the Jaeger Combat Exoskeleton. It provides protection and encumbrance when attached and is fairly easy to attach and remove from armor. Click on the armor frame to attach it. All arm plates have the same armor and slowdown, meaning that only changing the chestplate makes significant armor difference. This armor appears to be marked as a Ranger armor piece.",专为'游侠'战斗外骨骼设计。安装后可提供防护，同时增加负重，且易于在装甲上装卸。点击装甲框架进行安装。所有臂甲护板均提供相同的护甲值与减速效果，这意味着只有更换胸甲才能显著改变护甲性能。此护甲部件标记为游侠护甲组件。,translated,
22c01ef0,modules/clothing/modular_armor/attachments/arm_plates.dm,55,desc,"Designed for use with the Jaeger Combat Exoskeleton. It provides protection and encumbrance when attached and is fairly easy to attach and remove from armor. Click on the armor frame to attach it. All arm plates have the same armor and slowdown, meaning that only changing the chestplate makes significant armor difference. This armor appears to be marked as a Trooper armor piece.",专为耶格尔战斗外骨骼设计。安装后可提供防护，同时增加负重，且易于在装甲上装卸。点击装甲框架进行安装。所有臂甲板均具有相同的护甲值和减速效果，这意味着只有更换胸甲板才会显著改变护甲性能。此装甲部件标记为'突击队员'型。,translated,
9f3a6322,modules/clothing/modular_armor/attachments/arm_plates.dm,60,desc,"Designed for use with the Jaeger Combat Exoskeleton. It provides protection and encumbrance when attached and is fairly easy to attach and remove from armor. Click on the armor frame to attach it. All arm plates have the same armor and slowdown, meaning that only changing the chestplate makes significant armor difference. This armor appears to be marked as a Mjolnir armor piece.",专为耶格尔战斗外骨骼设计。安装后能提供防护，同时也会增加负重，且安装和拆卸都相当简便。点击装甲框架即可安装。所有臂甲板均提供相同的护甲值和减速效果，这意味着只有更换胸甲才会带来显著的护甲差异。此装甲似乎被标记为雷神之锤装甲部件。,translated,
90ac31bd,modules/clothing/modular_armor/attachments/arm_plates.dm,98,desc,"Designed for use with the CrashCore MT/P Exoskeleton. It provides protection and encumbrance when attached and is fairly easy to attach and remove from armor. Click on the armor frame to attach it. All arm plates have the same armor and slowdown, meaning that only changing the chestplate makes significant armor difference. This armor appears to be marked as a 'Hephaestus' armor piece.",专为CrashCore MT/P外骨骼设计。安装后可提供防护并增加负重，且易于在装甲上装卸。点击装甲框架进行安装。所有臂甲板均具有相同的护甲值和减速效果，这意味着只有更换胸甲板才会显著改变护甲性能。此装甲部件似乎标有'赫菲斯托斯'标识。,translated,
8f0e4af4,modules/clothing/modular_armor/attachments/chest_plates.dm,14,desc,Designed for use with the Jaeger Combat Exoskeleton. It provides moderate protection and encumbrance when attached and is fairly easy to attach and remove from armor. Click on the armor frame to attach it. This armor appears to be marked as a Infantry armor piece.,专为'游骑兵'战斗外骨骼设计。安装后可提供中等防护，同时带来一定程度的行动负担，但安装和拆卸都相当简便。点击装甲框架即可安装。此装甲似乎标记为步兵装甲部件。,translated,
08f8dbef,modules/clothing/modular_armor/attachments/chest_plates.dm,21,desc,Designed for use with the Jaeger Combat Exoskeleton. It provides minor protection and encumbrance when attached and is fairly easy to attach and remove from armor. Click on the armor frame to attach it. This armor appears to be marked as a Skirmisher armor piece.,"专为耶格尔战斗外骨骼设计。安装后可提供轻微防护，同时增加少量负重，且易于在装甲上装卸。点击装甲框架进行安装。此装甲似乎标记为""游骑兵""装甲部件。",translated,
e5093820,modules/clothing/modular_armor/attachments/chest_plates.dm,28,desc,Designed for use with the Jaeger Combat Exoskeleton. It provides minor protection and encumbrance when attached and is fairly easy to attach and remove from armor. Click on the armor frame to attach it. This armor appears to be marked as a Scout armor piece.,专为'游骑兵'战斗外骨骼设计。安装后可提供轻微防护，同时增加少量负重，且易于在装甲上装卸。点击装甲框架进行安装。此装甲似乎标记为侦察型部件。,translated,
c67fc88d,modules/clothing/modular_armor/attachments/chest_plates.dm,33,desc,Designed for use with the Jaeger Combat Exoskeleton. It provides minor protection and encumbrance when attached and is fairly easy to attach and remove from armor. Click on the armor frame to attach it. This armor appears to be marked as a Trooper armor piece.,专为'游骑兵'战斗外骨骼设计。安装后可提供少量防护，同时带来轻微负重，且易于在装甲上装卸。点击装甲框架进行安装。此装甲似乎标记为'突击队员'装甲部件。,translated,
06bcb0c3,modules/clothing/modular_armor/attachments/chest_plates.dm,38,desc,Designed for use with the Jaeger Combat Exoskeleton. It provides high protection and encumbrance when attached and is fairly easy to attach and remove from armor. Click on the armor frame to attach it. This armor appears to be marked as a Assault armor piece.,专为'游骑兵'战斗外骨骼设计。安装后可提供高防护性，同时也会带来较高的负重。该装甲易于安装和拆卸。点击装甲框架进行安装。此装甲似乎标记为突击型装甲部件。,translated,
5d69967e,modules/clothing/modular_armor/attachments/chest_plates.dm,45,desc,Designed for use with the Jaeger Combat Exoskeleton. It provides moderate protection and encumbrance when attached and is fairly easy to attach and remove from armor. Click on the armor frame to attach it. This armor appears to be marked as a EVA armor piece.,专为耶格尔战斗外骨骼设计。安装后可提供中等防护，同时带来一定程度的行动不便，但安装和拆卸都相当简便。点击装甲框架即可安装。此装甲似乎标记为舱外活动装甲部件。,translated,
219e3063,modules/clothing/modular_armor/attachments/chest_plates.dm,50,desc,Designed for use with the Jaeger Combat Exoskeleton. It provides high protection and encumbrance when attached and is fairly easy to attach and remove from armor. Click on the armor frame to attach it. This armor appears to be marked as a EOD armor piece.,专为'游骑兵'战斗外骨骼设计。安装后可提供高防护性，但也会增加负重，且装卸过程相对简便。点击装甲框架进行安装。此装甲似乎标记为EOD（爆炸物处理）防护组件。,translated,
3d0c3672,modules/clothing/modular_armor/attachments/chest_plates.dm,55,desc,Designed for use with the Jaeger Combat Exoskeleton. It provides moderate protection and encumbrance when attached and is fairly easy to attach and remove from armor. Click on the armor frame to attach it. This armor appears to be marked as a Hell Jumper armor piece.,专为'游骑兵'战斗外骨骼设计。安装后可提供中等水平的防护，同时带来一定的行动负担，但安装和拆卸都相当简便。点击装甲框架即可安装。此装甲似乎标记为'地狱伞兵'装甲部件。,translated,
3d7ac4ce,modules/clothing/modular_armor/attachments/chest_plates.dm,60,desc,Designed for use with the Jaeger Combat Exoskeleton. It provides moderate protection and encumbrance when attached and is fairly easy to attach and remove from armor. Click on the armor frame to attach it. This armor appears to be marked as a Ranger armor piece.,专为'游骑兵'战斗外骨骼设计。安装后可提供中等水平的防护，同时带来一定的行动负担，但安装和拆卸都相当简便。点击装甲框架即可安装。此装甲似乎标记为游骑兵部件。,translated,
d98cd308,modules/clothing/modular_armor/attachments/chest_plates.dm,65,desc,Designed for use with the Jaeger Combat Exoskeleton. It provides moderate protection and encumbrance when attached and is fairly easy to attach and remove from armor. Click on the armor frame to attach it. This armor appears to be marked as a Mjolnir armor piece.,专为耶格尔战斗外骨骼设计。安装后可提供中等防护，同时带来一定负重，且易于在装甲上装卸。点击装甲框架进行安装。此装甲似乎标记为雷神装甲部件。,translated,
ac49a119,modules/clothing/modular_armor/attachments/chest_plates.dm,110,desc,"Designed for use with the CrashCore MT/P Exoskeleton. It provides a very good amount protection, with the cost of encumbrance when attached and is fairly easy to attach and remove from armor. Click on the armor frame to attach it. Meaning that only changing the chestplate makes significant armor difference. This armor appears to be marked as a 'Clementia' armor piece.",专为'坠毁核心'MT/P外骨骼设计。它提供相当出色的防护能力，但安装后会带来行动负担，且拆装过程较为简便。点击装甲框架即可安装。这意味着仅更换胸甲就能显著改变防护性能。此装甲部件标记为'克莱门蒂亚'型号。,translated,
44e3ae59,modules/clothing/modular_armor/attachments/chest_plates.dm,116,desc,"Designed for use with the CrashCore MT/P Exoskeleton. It provides a very good amount protection, with the cost of encumbrance when attached and is fairly easy to attach and remove from armor. Click on the armor frame to attach it. Meaning that only changing the chestplate makes significant armor difference. This armor appears to be marked as a 'Hephaestus' armor piece.",专为'坠毁核心'MT/P型外骨骼设计。它提供相当出色的防护能力，但安装后会带来一定的行动负担，且从装甲上装卸都相当简便。点击装甲框架即可安装。这意味着只有更换胸甲才会显著改变装甲性能。此装甲部件似乎标有'赫菲斯托斯'标识。,translated,
a532a615,modules/clothing/modular_armor/attachments/leg_plates.dm,14,desc,"Designed for use with the Jaeger Combat Exoskeleton. It provides protection and encumbrance when attached and is fairly easy to attach and remove from armor. Click on the armor frame to attach it. All leg plates have the same armor and slowdown, meaning that only changing the chestplate makes significant armor difference. This armor appears to be marked as a Infantry armor piece.",专为'游骑兵'战斗外骨骼设计。安装后可提供防护，同时增加负重，且易于在装甲上装卸。点击装甲框架进行安装。所有腿部护板均具有相同的护甲值和减速效果，这意味着只有更换胸甲才会显著改变护甲性能。此装甲标记为步兵装甲部件。,translated,
0e15f29d,modules/clothing/modular_armor/attachments/leg_plates.dm,20,desc,"Designed for use with the Jaeger Combat Exoskeleton. It provides protection and encumbrance when attached and is fairly easy to attach and remove from armor. Click on the armor frame to attach it. All leg plates have the same armor and slowdown, meaning that only changing the chestplate makes significant armor difference. This armor appears to be marked as a Skirmisher armor piece.",专为'游骑兵'战斗外骨骼设计。安装后可提供防护，同时增加负重，且易于在装甲上装卸。点击装甲框架进行安装。所有腿部护板均具有相同的护甲值和减速效果，这意味着只有更换胸甲才会显著改变护甲性能。此装甲似乎标记为'游骑兵'装甲部件。,translated,
a59213f6,modules/clothing/modular_armor/attachments/leg_plates.dm,25,desc,"Designed for use with the Jaeger Combat Exoskeleton. It provides protection and encumbrance when attached and is fairly easy to attach and remove from armor. Click on the armor frame to attach it. All leg plates have the same armor and slowdown, meaning that only changing the chestplate makes significant armor difference. This armor appears to be marked as a Scout armor piece.",专为'游骑兵'战斗外骨骼设计。安装后可提供防护，同时增加负重，且易于在装甲上装卸。点击装甲框架进行安装。所有腿部护板均具有相同的护甲值和减速效果，这意味着只有更换胸甲才会带来显著的护甲差异。此装甲部件标记为侦察型。,translated,
8c8326cf,modules/clothing/modular_armor/attachments/leg_plates.dm,30,desc,"Designed for use with the Jaeger Combat Exoskeleton. It provides protection and encumbrance when attached and is fairly easy to attach and remove from armor. Click on the armor frame to attach it. All leg plates have the same armor and slowdown, meaning that only changing the chestplate makes significant armor difference. This armor appears to be marked as a Assault armor piece.",专为'游骑兵'战斗外骨骼设计。安装后可提供防护，同时增加负重，且易于在装甲上装卸。点击装甲框架进行安装。所有腿部护板均具有相同的护甲值和减速效果，这意味着只有更换胸甲才会显著改变护甲性能。此装甲部件标记为突击型护甲。,translated,
bd431fc5,modules/clothing/modular_armor/attachments/leg_plates.dm,35,desc,"Designed for use with the Jaeger Combat Exoskeleton. It provides protection and encumbrance when attached and is fairly easy to attach and remove from armor. Click on the armor frame to attach it. All leg plates have the same armor and slowdown, meaning that only changing the chestplate makes significant armor difference. This armor appears to be marked as a EVA armor piece.",专为耶格尔战斗外骨骼设计。安装后能提供防护，同时增加负重，且易于在装甲上装卸。点击装甲框架进行安装。所有腿部护板均具有相同的护甲值和减速效果，这意味着只有更换胸甲才会显著改变护甲性能。此装甲标记为舱外活动装甲部件。,translated,
cfeef845,modules/clothing/modular_armor/attachments/leg_plates.dm,40,desc,"Designed for use with the Jaeger Combat Exoskeleton. It provides protection and encumbrance when attached and is fairly easy to attach and remove from armor. Click on the armor frame to attach it. All leg plates have the same armor and slowdown, meaning that only changing the chestplate makes significant armor difference. This armor appears to be marked as a EOD armor piece.",专为'游骑兵'战斗外骨骼设计。安装后可提供防护，但也会增加负重，且易于在装甲上装卸。点击装甲框架进行安装。所有腿部护板均具有相同的护甲值和减速效果，这意味着只有更换胸甲才会显著改变护甲性能。此装甲似乎被标记为EOD（爆炸物处理）装甲部件。,translated,
3e3bc812,modules/clothing/modular_armor/attachments/leg_plates.dm,45,desc,"Designed for use with the Jaeger Combat Exoskeleton. It provides protection and encumbrance when attached and is fairly easy to attach and remove from armor. Click on the armor frame to attach it. All leg plates have the same armor and slowdown, meaning that only changing the chestplate makes significant armor difference. This armor appears to be marked as a Hell Jumper armor piece.",专为耶格尔战斗外骨骼设计。安装后能提供防护，同时也会增加负重，且易于在装甲上装卸。点击装甲框架进行安装。所有腿部护板均具有相同的护甲值和减速效果，这意味着只有更换胸甲才会带来显著的护甲差异。此装甲似乎标记为地狱伞兵装甲部件。,translated,
886feaf7,modules/clothing/modular_armor/attachments/leg_plates.dm,50,desc,"Designed for use with the Jaeger Combat Exoskeleton. It provides protection and encumbrance when attached and is fairly easy to attach and remove from armor. Click on the armor frame to attach it. All leg plates have the same armor and slowdown, meaning that only changing the chestplate makes significant armor difference. This armor appears to be marked as a Ranger armor piece.","专为""游骑兵""战斗外骨骼设计。安装后可提供防护，同时增加负重，且易于在装甲上装卸。点击装甲框架进行安装。所有腿部护板均具有相同的护甲值和减速效果，这意味着只有更换胸甲才会带来显著的护甲差异。此装甲标记为游骑兵装甲部件。",translated,
bd3dcdb6,modules/clothing/modular_armor/attachments/leg_plates.dm,55,desc,"Designed for use with the Jaeger Combat Exoskeleton. It provides protection and encumbrance when attached and is fairly easy to attach and remove from armor. Click on the armor frame to attach it. All leg plates have the same armor and slowdown, meaning that only changing the chestplate makes significant armor difference. This armor appears to be marked as a Trooper armor piece.",专为'游骑兵'战斗外骨骼设计。安装后可提供防护，同时增加负重，且易于在装甲上装卸。点击装甲框架进行安装。所有腿部护板均具有相同的护甲值和减速效果，这意味着只有更换胸甲才会显著改变护甲性能。此装甲部件标记为'突击队员'护甲组件。,translated,
3df5de84,modules/clothing/modular_armor/attachments/leg_plates.dm,100,desc,"Designed for use with the CrashCore MT/P Exoskeleton. It provides protection and encumbrance when attached and is fairly easy to attach and remove from armor. Click on the armor frame to attach it. All leg plates have the same armor and slowdown, meaning that only changing the chestplate makes significant armor difference. This armor appears to be marked as a 'Hephaestus' armor piece.",专为'坠毁核心'MT/P型外骨骼设计。安装后可提供防护并增加负重，且易于在装甲上装卸。点击装甲框架进行安装。所有腿部护板均具有相同的护甲值和减速效果，这意味着只有更换胸甲才会显著改变护甲性能。此装甲似乎标记为'赫菲斯托斯'装甲部件。,translated,
834a2647,modules/clothing/modular_armor/attachments/modules.dm,653,to_chat,"You toggle \the [src]. [active ? ""enabling"" : ""disabling""] it.","你切换了 \the [src] 的状态。[active ? ""enabling"" : ""disabling""] 它。",translated,
f73f09aa,modules/clothing/modular_armor/attachments/modules.dm,706,to_chat,"You toggle \the [src]. [active ? ""enabling"" : ""disabling""] it.","你切换了 \the [src] 的状态。[active ? ""enabling"" : ""disabling""] 它。",translated,
5d11a7d5,modules/clothing/modular_armor/attachments/modules.dm,483,desc,"A sophisticated shielding unit, designed to disperse the energy of incoming impacts, rendering them harmless to the user. If it sustains too much it will deactivate, and leave the user vulnerable. It is unclear if this was a purely  SOM designed module, or whether it was reverse engineered from the TGMC's 'Svalinn' shield system which was developed around the same time.",一套精密的护盾单元，旨在分散来袭冲击的能量，使其对使用者无害。如果承受过多伤害，它会停用，让使用者陷入脆弱状态。尚不清楚这究竟是纯粹的火星之子设计模块，还是从地球政府殖民地海军陆战队同期开发的'斯瓦林'护盾系统逆向工程而来。,translated,
a5b8911c,modules/clothing/modular_armor/attachments/visors.dm,46,to_chat,"You turn [ visor_emissive_on ? ""on"" : ""off"" ] \the [src]'s internal lighting.","你[ visor_emissive_on ? ""打开"" : ""关闭"" ]了 \the [src]的内部照明。",translated,
52ff6c97,modules/clothing/modular_armor/attachments/visors.dm,131,name,\improper Jaeger Pattern Gungnir visor,\improper 耶格尔型冈格尼尔护目镜,translated,
9949e1b8,modules/clothing/modular_armor/jaeger.dm,267,name,Crasher MT/41 'Clementia' helmet,撞击者MT/41'克莱门蒂亚'头盔,translated,
27666f8b,modules/clothing/modular_armor/jaeger.dm,6,desc,A Infantry-pattern Jaeger combat exoskeleton made to work with modular attachments for the ability to function in many enviroments. This one seems to have a moderate amount of armor plating. Alt-Click to remove attached items. Use it to toggle the built-in flashlight.,一套步兵型'游骑兵'战斗外骨骼，设计用于配合模块化枪械配件，以适应多种作战环境。这款外骨骼似乎配备了中等程度的装甲板。Alt+点击以移除已安装的配件。使用它来切换内置手电筒。,translated,
0d9354c7,modules/clothing/modular_armor/jaeger.dm,62,desc,A Ranger-pattern Jaeger combat exoskeleton made to work with modular attachments for the ability to function in many enviroments. This one seems to have a moderate amount of armor plating. Alt-Click to remove attached items. Use it to toggle the built-in flashlight.,一款游骑兵型杰格战斗外骨骼，设计用于配合模块化枪械配件，以适应多种环境下的作战需求。这款外骨骼似乎配备了中等程度的装甲板。Alt+左键点击可移除已安装的配件。使用它可开关内置手电筒。,translated,
2aa2c209,modules/clothing/modular_armor/jaeger.dm,76,desc,A Skirmisher-pattern Jaeger combat exoskeleton made to work with modular attachments for the ability to function in many enviroments. This one seems to have a light amount of armor plating. Alt-Click to remove attached items. Use it to toggle the built-in flashlight.,一款为适应多种环境而设计，可与模块化枪械配件协同工作的'游骑兵'型耶格尔战斗外骨骼。这款似乎配备了轻量装甲板。Alt+点击以移除已安装的配件。使用它来切换内置手电筒。,translated,
af26b3f6,modules/clothing/modular_armor/jaeger.dm,81,desc,A Trooper-pattern Jaeger combat exoskeleton made to work with modular attachments for the ability to function in many enviroments. This one seems to have a light amount of armor plating. Alt-Click to remove attached items. Use it to toggle the built-in flashlight.,一套为适应多种作战环境而设计，可与模块化枪械配件兼容的'骑兵'型耶格尔战斗外骨骼。这套外骨骼似乎配备了轻量化装甲板。Alt+点击可移除已安装的配件。使用可切换内置手电筒。,translated,
9665e3ef,modules/clothing/modular_armor/jaeger.dm,99,desc,A EOD-pattern Jaeger combat exoskeleton made to work with modular attachments for the ability to function in many enviroments. This one seems to have a high amount of armor plating. Alt-Click to remove attached items. Use it to toggle the built-in flashlight.,一款EOD型'游骑兵'战斗外骨骼，设计用于适配模块化枪械配件，以便在多种环境中执行任务。这款型号似乎配备了厚重的装甲板。Alt+点击可移除已安装的配件。使用它可开关内置手电筒。,translated,
4ccdda4f,modules/clothing/modular_armor/jaeger.dm,105,desc,Usually paired with the Jaeger Combat Exoskeleton. Can mount utility functions on the helmet hard points. Has Infantry markings.,通常与耶格尔战斗外骨骼搭配使用。可在头盔硬点上安装实用功能模块。带有步兵标识。,translated,
92ddf0c2,modules/clothing/modular_armor/jaeger.dm,163,desc,Usually paired with the Jaeger Combat Exoskeleton. Can mount utility functions on the helmet hard points. Has EVA markings.,通常与耶格尔战斗外骨骼配套使用。可在头盔硬点上安装实用功能模块。带有舱外活动标识。,translated,
6b915be2,modules/clothing/modular_armor/jaeger.dm,173,desc,Usually paired with the Jaeger Combat Exoskeleton. Can mount utility functions on the helmet hard points. Has Skirmisher markings.,通常与耶格尔战斗外骨骼配套使用。可在头盔硬点上安装实用功能模块。带有游骑兵标识。,translated,
c3148c7e,modules/clothing/modular_armor/jaeger.dm,179,desc,Usually paired with the Jaeger Combat Exoskeleton. Can mount utility functions on the helmet hard points. Has Scout markings,通常与耶格尔战斗外骨骼搭配使用。可在头盔硬点上安装实用功能模块。带有侦察兵标识。,translated,
5bb96b35,modules/clothing/modular_armor/jaeger.dm,191,desc,Usually paired with the Jaeger Combat Exoskeleton. Can mount utility functions on the helmet hard points. Has Assault markings.,通常与耶格尔战斗外骨骼搭配使用。可在头盔硬点上安装实用功能。带有突击部队标识。,translated,
4a20bb4a,modules/clothing/modular_armor/jaeger.dm,197,desc,Usually paired with the Jaeger Combat Exoskeleton. Can mount utility functions on the helmet hard points. Has EOD markings,通常与耶格尔战斗外骨骼搭配使用。可在头盔硬点上安装实用功能模块。带有爆炸物处理标识。,translated,
70122b82,modules/clothing/modular_armor/jaeger.dm,203,desc,Usually paired with the Jaeger Combat Exoskeleton. Can mount utility functions on the helmet hard points. Has Helljumper markings,通常与游骑兵战斗外骨骼搭配使用。可在头盔硬点上安装实用功能模块。带有地狱伞兵标识。,translated,
e65d8d2f,modules/clothing/modular_armor/jaeger.dm,222,desc,Usually paired with the Jaeger Combat Exoskeleton. Can mount utility functions on the helmet hard points. Has Trooper markings,通常与耶格尔战斗外骨骼搭配使用。可在头盔硬点上安装实用功能模块。带有陆战队员标识。,translated,
58414007,modules/clothing/modular_armor/jaeger.dm,228,desc,Usually paired with the Jaeger Combat Exoskeleton. Can mount utility functions on the helmet hard points. Has Mjolnir markings but explosing the lower jaw.,通常与耶格尔战斗外骨骼搭配使用。可在头盔硬点上安装实用功能模块。带有雷神标记，但下颚可展开。,translated,
5b47c2af,modules/clothing/modular_armor/jaeger.dm,262,desc,Usually paired with the CrashCore MT/P modular exoskeleton. Can mount utility functions on the helmet hard points. Has 'Phobos' markings,通常与CrashCore MT/P模块化外骨骼配套使用。可在头盔硬点上安装实用功能模块。带有'恐惧之神'标识。,translated,
fb64857e,modules/clothing/modular_armor/jaeger.dm,268,desc,Usually paired with the CrashCore MT/P modular exoskeleton. Can mount utility functions on the helmet hard points. Has 'Clementia' markings,通常与CrashCore MT/P模块化外骨骼配对使用。可在头盔硬点上安装实用功能模块。带有'克莱门蒂亚'标记。,translated,
021cadd9,modules/clothing/modular_armor/jaeger.dm,274,desc,Usually paired with the CrashCore MT/P modular exoskeleton. Can mount utility functions on the helmet hard points. Has 'Hephaestus' markings,通常与CrashCore MT/P模块化外骨骼搭配使用。可在头盔硬点上安装实用功能模块。带有'赫菲斯托斯'标记。,translated,
538873b5,modules/clothing/modular_armor/mark_one.dm,59,name,\improper Jaeger Mk.I Pattern EVA 'Skull' Helmet,\improper 耶格尔 Mk.I 型 EVA'骷髅'头盔,translated,
d8816614,modules/clothing/modular_armor/mark_one.dm,4,desc,Usually paired with the Jaeger Combat Exoskeleton. Can mount utility functions on the helmet hard points. Has Infantry markings.,通常与耶格尔战斗外骨骼搭配使用。可在头盔硬点上安装实用功能模块。带有步兵标识。,translated,
bd1e0c02,modules/clothing/modular_armor/mark_one.dm,47,desc,Usually paired with the Jaeger Combat Exoskeleton. Can mount utility functions on the helmet hard points.,通常与'游骑兵'战斗外骨骼搭配使用。可在头盔硬点上安装实用功能模块。,translated,
8bf20059,modules/clothing/modular_armor/mark_one.dm,54,desc,Usually paired with the Jaeger Combat Exoskeleton. Can mount utility functions on the helmet hard points. Has EVA markings.,通常与耶格尔战斗外骨骼配套使用。可在头盔硬点上安装实用功能模块。带有舱外活动标识。,translated,
e425bbdd,modules/clothing/modular_armor/mark_one.dm,64,desc,Usually paired with the Jaeger Combat Exoskeleton. Can mount utility functions on the helmet hard points. Has Skirmisher markings.,通常与耶格尔战斗外骨骼搭配使用。可在头盔硬点上安装实用功能。带有游骑兵标识。,translated,
be69e886,modules/clothing/modular_armor/mark_one.dm,70,desc,Usually paired with the Jaeger Combat Exoskeleton. Can mount utility functions on the helmet hard points. Has Scout markings,通常与'游骑兵'战斗外骨骼搭配使用。可在头盔硬点上安装实用功能模块。带有侦察兵标识。,translated,
69746aed,modules/clothing/modular_armor/mark_one.dm,76,desc,Usually paired with the Jaeger Combat Exoskeleton. Can mount utility functions on the helmet hard points. Has Assault markings.,通常与耶格尔战斗外骨骼搭配使用。可在头盔硬点上安装实用功能模块。带有突击型涂装标识。,translated,
d477118f,modules/clothing/modular_armor/mark_one.dm,82,desc,Usually paired with the Jaeger Combat Exoskeleton. Can mount utility functions on the helmet hard points. Has EOD markings.,通常与耶格尔战斗外骨骼配套使用。可在头盔硬点上安装实用功能模块。带有爆炸物处理标识。,translated,
15998da6,modules/clothing/modular_armor/mark_one.dm,88,desc,Usually paired with the Jaeger Combat Exoskeleton. Can mount utility functions on the helmet hard points. Has Mjolnir markings.,通常与耶格尔战斗外骨骼搭配使用。可在头盔硬点上安装实用功能。带有雷神标记。,translated,
43d560ec,modules/clothing/modular_armor/modular.dm,256,desc,"FleckTex Dynamics brand new modular hardsuit exoskeleton, designed for full compatiability with jaeger modules. Comes with pre-installed light armour-plating and a shoulder lamp. Mount armor pieces to it by clicking on the frame with the components. Use Alt-Click to remove any attached items.",弗莱克特克斯动力公司全新推出的模块化硬质外骨骼，专为与猎手机甲模块完全兼容而设计。配备预装轻型装甲板和肩部照明灯。通过点击框架与组件来安装装甲部件。使用Alt+点击可移除任何已安装的附件。,translated,
1edab234,modules/clothing/modular_armor/modular.dm,307,desc,"CrashCore Industries modular hardsuit exoskeleton, made to lift up the 'Super-Heavy' armor system and designed for full compatiability with jaeger modules. Comes with pre-installed light armour-plating and a shoulder lamp. Mount armor pieces to it by clicking on the frame with the components. Use Alt-Click to remove any attached items.",CrashCore工业模块化硬质外骨骼，用于支撑'超重型'装甲系统，并设计为与'猎兵'模块完全兼容。附带预装的轻型装甲板和肩灯。通过点击框架并选择组件来安装装甲部件。使用Alt+点击移除任何已安装的物品。,translated,
342b898f,modules/clothing/modular_armor/modular.dm,357,desc,Usually paired with the Jaeger Combat Exoskeleton. Can mount utility functions on the helmet hard points.,"通常与""游骑兵""战斗外骨骼搭配使用。可在头盔硬点上安装实用功能模块。",translated,
2283f1db,modules/clothing/modular_armor/som.dm,191,desc,"A bulky suit of heavy combat armor, the M-35 'Gorgon' armor provides the user with superior protection without severely impacting mobility. Typically seen on SOM leaders or their most elite combat units due to the significant construction and maintenance requirements. You'll need serious firepower to punch through this. Alt-Click to remove attached items. Use it to toggle the built-in flashlight.",一套笨重的重型战斗装甲，M-35'戈耳工'装甲能为使用者提供卓越的防护，同时不会严重限制机动性。由于显著的制造和维护需求，通常只见于火星之子指挥官或其最精锐的战斗单位。你需要强大的火力才能击穿它。Alt-点击以移除附件物品。使用它来切换内置手电筒。,translated,
7a59f4a3,modules/clothing/modular_armor/som.dm,227,desc,"A bulky suit of heavy combat armor, the M-35 'Gorgon' armor provides the user with superior protection without severely impacting mobility. The gold markings on this one signify it is worn by a high ranking field officer. You'll need serious firepower to punch through this. Alt-Click to remove attached items. Use it to toggle the built-in flashlight.",一套厚重的重型战斗装甲，M-35'戈尔贡'装甲能为使用者提供卓越的防护，同时不会严重限制机动性。这套装甲上的金色标记表明它由一名高级战地军官穿着。你需要强大的火力才能击穿它。Alt-点击以移除附件物品。使用它来切换内置手电筒。,translated,
b15378ad,modules/clothing/modular_armor/som.dm,295,desc,"A helmet paired with the 'Hades' armor module, designed for significantly improved protection from fire, without compromising normal durability.",与'冥王'装甲模块配套的头盔，旨在显著提升对火焰的防护能力，同时不牺牲常规耐久性。,translated,
b3811f5f,modules/clothing/modular_armor/som.dm,311,desc,"A bulky helmet paired with the 'Lorica' armor module, designed for outstanding protection at the cost of significant weight and reduced flexibility. Substantial additional armor improves protection against all damage.",一款与'洛里卡'装甲模块配套的笨重头盔，旨在提供卓越防护，但代价是显著增加的重量和降低的灵活性。大幅增强的额外装甲提升了针对所有伤害类型的防护能力。,translated,
f3b2b6d8,modules/clothing/modular_armor/style_line.dm,84,name,\improper Nice Hat,\improper 好帽子,translated,
1650a66e,modules/clothing/modular_armor/style_line.dm,149,desc,"A slouch hat, makes you feel down under, doesn't it? Has 'PROPERTY OF THE TGMC' markings under the hat.",一顶软塌帽，让你感觉身处澳洲内陆，不是吗？帽子内侧印有'地球政府殖民地海军陆战队财产'的标记。,translated,
349ca4c2,modules/clothing/modular_armor/style_line.dm,173,desc,"A beanie, just looking at it makes you feel like an 'Oussama', or in better terms- A modern phenomenon of people suddenly needing to bench once they put on a beanie.",一顶毛线帽，光是看着它就会让你感觉自己像个'乌萨马'，或者用更好的说法——一种现代现象，人们一旦戴上毛线帽就突然需要去卧推。,translated,
e94b8ac6,modules/clothing/modular_armor/tdf.dm,341,desc,"A bulky helmet paired with the 'Tyr' armor module, for added on additional protection at the cost of significant weight and reduced flexibility.",一款与'提尔'装甲模块配套的厚重头盔，以显著增加重量和降低灵活性为代价，提供额外的防护。,translated,
3a59d686,modules/clothing/modular_armor/tdf.dm,351,desc,"A bulky helmet with an integrated gas mask and a 'Surt' armor module for fireproofing, fielded to TDF flamethrower operators.",一款配备集成式防毒面具和'苏尔特'防火装甲模块的笨重头盔，配发给TDF火焰喷射器操作员使用。,translated,
54a54ad6,modules/clothing/modular_armor/tdf.dm,379,desc,"A distinct helmet paired with the 'Mimir' armor module for additional protection against biological attacks, helps indicate your a medic and also helps indicate you as a priority target.",一款独特的头盔，与'米米尔'装甲模块配对，提供额外的生化攻击防护，既能表明你的医疗兵身份，也能让你成为优先目标。,translated,
0ce59680,modules/clothing/modular_armor/xenonauten.dm,368,name,\improper M10XE pattern marine helmet,\improper M10XE型陆战队头盔,translated,
2330d6d4,modules/clothing/modular_armor/xenonauten.dm,5,desc,"A XN-M vest, also known as Xenonauten, a set vest with modular attachments made to work in many enviroments. This one seems to be a medium variant. Alt-Click to remove attached items. Use it to toggle the built-in flashlight.",XN-M战术背心，亦称'异形猎手'，是一款配备模块化枪械配件的多功能背心，适用于多种作战环境。此型号为中型变体。Alt+点击以卸下已安装的配件。使用以开关内置手电筒。,translated,
399bddf9,modules/clothing/modular_armor/xenonauten.dm,161,desc,"A XN-H vest, also known as Xenonauten, a set vest with modular attachments made to work in many enviroments. This one seems to be a heavy variant. Alt-Click to remove attached items. Use it to toggle the built-in flashlight.",XN-H 战术背心，亦称'异形猎手'，是一款配备模块化枪械配件的多功能背心，适用于多种作战环境。此型号为重型变体。Alt+左键点击可卸下已安装的配件。使用它可开关内置手电筒。,translated,
0f729ea8,modules/clothing/modular_armor/xenonauten.dm,315,desc,"A standard M10 Pattern Helmet with attach points. It reads on the label, 'The difference between an open-casket and closed-casket funeral. Wear on head for best results.'.",一顶标准的M10型头盔，带有附件安装点。标签上写着：'开棺葬礼与闭棺葬礼的区别。戴在头上效果最佳。',translated,
eb3d72e0,modules/clothing/shoes/marine_shoes.dm,159,name,\improper combat boots,\improper 作战靴,translated,
36c32b96,modules/clothing/spacesuits/standard_space_suits.dm,3,name,\improper TGMC Compression Helmet,\improper TGMC 压缩头盔,translated,
4870f405,modules/clothing/suits/jobs.dm,76,desc,This suit says to you 'hush'!,这套装备对你说'嘘'！,translated,
1a749dd8,modules/clothing/suits/marine_armor.dm,390,name,\improper commissar coat,\improper 政委大衣,translated,
f31a8cee,modules/clothing/suits/marine_armor.dm,780,name,\improper Modelle/22 'Cuirassier' combat armor,\improper 莫德尔/22'胸甲骑兵'战斗护甲,translated,
6bd5523b,modules/clothing/suits/marine_armor.dm,775,desc,"A piece of ICCGF body armor, worn by specialized infantry. Most Infantry actions in the ICC forces are done by adhoc personnel due to constant shortages of manpower, however most real Infantry divisions are of high quality, and are better known as 'Guardsmen'.  Protects well from most sources, and will entirely protect from explosions.",一件ICCGF的防弹衣，由专业步兵穿着。由于持续的人力短缺，ICC部队中的大多数步兵行动都是由临时人员完成的，然而大多数真正的步兵师素质都很高，并且更广为人知的名称为'卫兵'。对大多数伤害来源都有良好的防护，并能完全防护爆炸伤害。,translated,
0ea9c065,modules/clothing/suits/marine_armor.dm,781,desc,"A piece of ICCGF body armor, worn by specialized infantry. Most Infantry actions in the ICC forces are done by adhoc personnel due to constant shortages of manpower, however most real Infantry divisions are of high quality, and are better known as 'Guardsmen'.  Protects well from most sources, and will entirely protect from explosions.",一件ICCGF的防弹衣，由专业步兵穿着。由于持续的人力短缺，ICC部队中的大多数步兵行动都由临时人员执行，但大多数真正的步兵师素质很高，更广为人知的称呼是'卫兵'。能很好地防护大多数伤害来源，并能完全防护爆炸伤害。,translated,
ccf7d1e0,modules/clothing/under/color.dm,32,desc,"It's standardised prisoner-wear. Its suit sensors are stuck in the \""Fully On\"" position.",这是标准囚服。它的服装传感器被卡在'完全开启'状态。,translated,
c1e7ab5b,modules/clothing/under/jobs/civilian.dm,12,desc,"It's a blue jumpsuit with some gold markings denoting the rank of \""Captain\"".",这是一件蓝色连体服，上面有一些金色标记，表示'舰长'军衔。,translated,
5eb7a2b7,modules/clothing/under/jobs/civilian.dm,61,desc,"It's a jumpsuit worn by someone who works in the position of \""Head of Personnel\"".",这是一件供担任'人事主管'职务的人员穿着的连体服。,translated,
3ebe99fc,modules/clothing/under/jobs/engineering.dm,3,desc,"It's a high visibility jumpsuit given to those engineers insane enough to achieve the rank of \""Chief engineer\"". It has minor radiation shielding.",这是一件高能见度连体服，授予那些疯狂到足以获得'首席工程师'头衔的工程师。它具备轻微的辐射防护功能。,translated,
a1c5047d,modules/clothing/under/jobs/medsci.dm,5,desc,"It's a jumpsuit worn by those with the know-how to achieve the position of \""Research Director\"". Its fabric provides minor protection from biological contaminants.",这是一件由那些掌握相关知识、能够胜任'研究主管'职位的人所穿着的连体服。其面料能提供对生化污染物的轻微防护。,translated,
103ab4d5,modules/clothing/under/jobs/medsci.dm,39,desc,"It's a jumpsuit worn by those with the experience to be \""Chief Medical Officer\"". It provides minor biological protection.",这是一件由具备担任'首席医疗官'经验者穿着的连体服。它提供轻微的生化防护。,translated,
f30485a6,modules/clothing/under/jobs/security.dm,99,desc,"It's a jumpsuit worn by those few with the dedication to achieve the position of \""Head of Security\"". It has additional armor to protect the wearer.",这是一套为少数有决心晋升至'安保主管'职位者所配备的连体服。它带有额外的护甲，以保护穿着者。,translated,
c4a04342,modules/clothing/under/marine_uniform.dm,5,name,\improper TGMC uniform,\improper TGMC 制服,translated,
f2b98b28,modules/clothing/under/marine_uniform.dm,46,name,\improper TGMC Delta turtleneck,\improper TGMC 德尔塔 高领衫,translated,
1e3cac92,modules/clothing/under/marine_uniform.dm,54,name,\improper TGMC Delta turtleneck,\improper TGMC 德尔塔 高领衫,translated,
9d1b1915,modules/clothing/under/marine_uniform.dm,59,name,\improper TGMC Charlie turtleneck,\improper 地球政府殖民地海军陆战队 查理 高领衫,translated,
903da7e0,modules/clothing/under/marine_uniform.dm,64,name,\improper TGMC Bravo turtleneck,\improper TGMC 布拉沃 高领衫,translated,
a0d3e14c,modules/clothing/under/marine_uniform.dm,69,name,\improper TGMC Alpha turtleneck,\improper 地球政府殖民地海军陆战队 阿尔法 高领衫,translated,
050f88d1,modules/clothing/under/marine_uniform.dm,76,name,\improper TGMC camo fatigues (jungle),\improper TGMC 迷彩作训服（丛林）,translated,
f10759ab,modules/clothing/under/marine_uniform.dm,84,name,\improper TGMC camo fatigues (desert),\improper TGMC 沙漠迷彩作训服,translated,
e2b01b20,modules/clothing/under/marine_uniform.dm,88,name,\improper TGMC corpsman fatigues,\improper TGMC 卫生兵作训服,translated,
e6f98c5b,modules/clothing/under/marine_uniform.dm,96,name,\improper TGMC engineer fatigues,\improper TGMC 工程兵作训服,translated,
eeb1e2cb,modules/clothing/under/marine_uniform.dm,104,name,\improper TGMC jaeger undersuit,\improper TGMC 机甲驾驶员连体服,translated,
abf7abfc,modules/clothing/under/marine_uniform.dm,288,name,\improper TGMC service uniform,\improper TGMC 常服,translated,
6e5014cb,modules/clothing/under/marine_uniform.dm,314,name,\improper commissar uniform,\improper 政委制服,translated,
d8335654,modules/clothing/under/marine_uniform.dm,450,name,\improper De Void of Soul,\improper 灵魂之虚,translated,
e305af06,modules/clothing/under/marine_uniform.dm,172,desc,"A kevlar-weaved, hazmat-tested, EMF-augmented, yet extra-soft and extra-light officer uniform. You suspect it's not as extra-fancy as advertised.",一件凯夫拉编织、经过危险品测试、电磁场增强，却又格外柔软轻便的军官制服。你怀疑它并不像广告宣传的那么'格外考究'。,translated,
7525f76a,modules/clothing/under/marine_uniform.dm,185,desc,"A kevlar-weaved, hazmat-tested, EMF-augmented, yet extra-soft and extra-light officer uniform. You suspect it's not as extra-fancy as advertised.",一件凯夫拉编织、经过危险品测试、电磁场增强，却又格外柔软轻便的军官制服。你怀疑它并不像广告宣传的那么'格外考究'。,translated,
b40f8255,modules/clothing/under/miscellaneous.dm,57,name,\improper CentCom officer's jumpsuit,\improper 中央司令部军官连体服,translated,
7bc4243f,modules/clothing/under/miscellaneous.dm,64,name,\improper CentCom officer's jumpsuit,\improper 中央司令部军官连体服,translated,
3d9a56e8,modules/economy/ATM.dm,217,to_chat,"[icon2html(src, usr)][span_info(""Funds transfer successful."")]","[icon2html(src, usr)][span_info(""资金转账成功。"")]",translated,
6e986424,modules/economy/ATM.dm,230,to_chat,"[icon2html(src, usr)][span_warning(""Funds transfer failed."")]","[icon2html(src, usr)][span_warning(""资金转账失败。"")]",translated,
bd1cc219,modules/economy/ATM.dm,233,to_chat,"[icon2html(src, usr)][span_warning(""You don't have enough funds to do that!"")]","[icon2html(src, usr)][span_warning(""你的资金不足！"")]",translated,
592edf35,modules/economy/ATM.dm,319,to_chat,"[icon2html(src, usr)][span_warning(""You don't have enough funds to do that!"")]","[icon2html(src, usr)][span_warning(""你的资金不足！"")]",translated,
c77ab34c,modules/economy/ATM.dm,344,to_chat,"[icon2html(src, usr)][span_warning(""You don't have enough funds to do that!"")]","[icon2html(src, usr)][span_warning(""你的资金不足！"")]",translated,
867412e4,modules/economy/EFTPOS.dm,126,to_chat,"[icon2html(src, user)][span_warning(""Unable to connect to linked account."")]","[icon2html(src, user)][span_warning(""无法连接到关联账户。"")]",translated,
32743cea,modules/economy/EFTPOS.dm,134,to_chat,"[icon2html(src, user)][span_warning(""EFTPOS is not connected to an account."")]","[icon2html(src, user)][span_warning(""EFTPOS 未连接到账户。"")]",translated,
c25f7f38,modules/economy/EFTPOS.dm,138,to_chat,"[icon2html(src, user)][span_warning(""Connected account has been suspended."")]","[icon2html(src, user)][span_warning(""关联账户已被暂停。"")]",translated,
d4215de1,modules/economy/EFTPOS.dm,145,to_chat,"[icon2html(src, user)][span_warning(""The charge card doesn't have that much money!"")]","[icon2html(src, user)][span_warning(""这张储值卡没有那么多钱！"")]",translated,
13696db8,modules/economy/EFTPOS.dm,183,to_chat,"[icon2html(src, usr)][span_warning(""Incorrect code entered."")]","[icon2html(src, usr)][span_warning(""输入的密码错误。"")]",translated,
e6b058e7,modules/economy/EFTPOS.dm,190,to_chat,"[icon2html(src, usr)][span_warning(""Incorrect code entered."")]","[icon2html(src, usr)][span_warning(""输入的密码错误。"")]",translated,
3874fa7c,modules/economy/EFTPOS.dm,198,to_chat,"[icon2html(src, usr)][span_warning(""Account has been suspended."")]","[icon2html(src, usr)][span_warning(""账户已被停用。"")]",translated,
bf0dcd60,modules/economy/EFTPOS.dm,200,to_chat,"[icon2html(src, usr)][span_warning(""Account not found."")]","[icon2html(src, usr)][span_warning(""账户未找到。"")]",translated,
b4310a64,modules/economy/EFTPOS.dm,223,to_chat,"[icon2html(src, usr)][span_warning(""No account connected to send transactions to."")]","[icon2html(src, usr)][span_warning(""未连接账户，无法发送交易。"")]",translated,
657640ee,modules/economy/EFTPOS.dm,230,to_chat,"[icon2html(src, usr)][span_warning(""Unable to link accounts."")]","[icon2html(src, usr)][span_warning(""无法链接账户。"")]",translated,
c592c71b,modules/economy/EFTPOS.dm,238,to_chat,"[icon2html(src, usr)][span_info(""Access code reset to 0."")]","[icon2html(src, usr)][span_info(""访问代码已重置为0。"")]",translated,
d0e3ebe5,modules/economy/EFTPOS.dm,288,to_chat,"[icon2html(src, usr)][span_warning(""You don't have that much money!"")]","[icon2html(src, usr)][span_warning(""你没那么多钱！"")]",translated,
47d7ddde,modules/economy/EFTPOS.dm,290,to_chat,"[icon2html(src, usr)][span_warning(""Your account has been suspended."")]","[icon2html(src, usr)][span_warning(""您的账户已被停用。"")]",translated,
d94f0479,modules/economy/EFTPOS.dm,292,to_chat,"[icon2html(src, usr)][span_warning(""Unable to access account. Check security settings and try again."")]","[icon2html(src, usr)][span_warning(""无法访问账户。请检查安全设置后重试。"")]",translated,
e812d90a,modules/economy/EFTPOS.dm,294,to_chat,"[icon2html(src, usr)][span_warning(""Connected account has been suspended."")]","[icon2html(src, usr)][span_warning(""关联账户已被停用。"")]",translated,
c0689761,modules/economy/EFTPOS.dm,296,to_chat,"[icon2html(src, usr)][span_warning(""EFTPOS is not connected to an account."")]","[icon2html(src, usr)][span_warning(""EFTPOS未连接到账户。"")]",translated,
507de954,modules/error_handler/error_viewer.dm,139,name,\[[time_stamp()]] Uncaught exceptions,[[time_stamp()]] 未捕获的异常,translated,
9c936abb,modules/error_handler/error_viewer.dm,171,name,"\[[time_stamp()]] Skipped [skip_count] runtimes in [e.file],[e.line].","[[time_stamp()]] 已在 [e.file],[e.line] 跳过 [skip_count] 个运行时错误。",translated,
b578197b,modules/factory/machines.dm,35,balloon_alert,"[anchored ? """" : ""un""]anchored","[anchored ? """" : ""未""]固定",translated,
9d4002d5,modules/factory/unboxer.dm,50,balloon_alert,"[anchored ? """" : ""un""]anchored","[anchored ? """" : ""未""]固定",translated,
cf8e455a,modules/factory/unboxer.dm,177,desc,"A box with round metal plates inside. Used to refill Unboxers. These will become 'Pizzas', once finished.",一个装有圆形金属板的箱子。用于补充拆箱器的弹药。完成后，这些将变成'披萨'。,translated,
8607b238,modules/flufftext/Hallucination.dm,164,to_chat,[xeno.name] begins climbing into the ventilation system...,[src.name] 开始爬入通风系统...,translated,
adeb7016,modules/flufftext/Hallucination.dm,166,to_chat,[xeno.name] scrambles into the ventilation ducts!,[src.name] 钻进了通风管道！,translated,
45b68329,modules/flufftext/Hallucination.dm,316,to_chat,"<b>DEAD: [fakemob.name]</b> says, \""[pick(""rip"",""why did i just drop dead?"",""hey [target.real_name]"",""git gud"",""you too?"",""did we get the [pick(""nuke"", ""blue disk"", ""red disk"", ""green disk"", ""yellow disk"")]?"",""i[prob(50)?"" fucking"":""""] hate [pick(""runners"", ""queens"", ""shrikes"", ""xenos"", ""this"", ""myself"", ""admins"", ""you"")]"")]\""","<b>阵亡: [fakemob.name]</b> 说道，'[pick(""安息吧"",""我怎么突然就死了？"",""嘿 [target.real_name]"",""练练技术吧"",""你也一样？"",""我们拿到[pick(""核弹"", ""蓝色磁盘"", ""红色磁盘"", ""绿色磁盘"", ""黄色磁盘"")]了吗？"",""我[prob(50)?""真他妈"":""""]恨[pick(""奔跑者"", ""异形女王"", ""伯劳"", ""异形"", ""这玩意儿"", ""我自己"", ""管理员"", ""你"")]"")]'",translated,
051ce30c,modules/food_and_drinks/kitchen_machinery/griddle.dm,109,balloon_alert,"[anchored ? ""un"" : """"]securing...","[anchored ? ""解除"" : """"]固定中...",translated,
4d211368,modules/food_and_drinks/kitchen_machinery/griddle.dm,113,balloon_alert,"[anchored ? ""un"" : """"]secured","[anchored ? ""未"" : """"]固定",translated,
11b1fdc0,modules/food_and_drinks/kitchen_machinery/grill.dm,143,balloon_alert,"[anchored ? ""un"" : """"]securing...","[anchored ? ""解除"" : """"]固定中...",translated,
0ee45e15,modules/food_and_drinks/kitchen_machinery/grill.dm,148,balloon_alert,"[anchored ? ""un"" : """"]secured","[anchored ? ""未"" : """"]固定",translated,
7d8b7328,modules/hydroponics/grown_inedible.dm,130,desc,The <span class='warning'> glowing \black nettle incites <span class='warning'><B>rage</B>\black in you just from looking at it!</span>,这<span class='warning'>发光的黑色荨麻</span>光是看着就让你<span class='warning'><B>怒火中烧</B></span>！,translated,
8b27349b,modules/hydroponics/hydro_tray.dm,620,to_chat,"You [anchored ? ""wrench"" : ""unwrench""] \the [src].","你将[src][anchored ? ""用扳手固定"" : ""用扳手松开""]。",translated,
d2a7d252,modules/hydroponics/hydro_tray.dm,635,to_chat,"[src] has [span_notice(""[seed.display_name] \black planted."")]","[src] 已经 [span_notice(""[seed.display_name] \black 种植完毕。"")]",translated,
4db211af,modules/hydroponics/hydro_tray.dm,637,to_chat,"The plant looks [span_warning(""unhealthy."")]",这株植物看起来<span class='warning'>不太健康。</span>,translated,
b3d12991,modules/hydroponics/hydro_tray.dm,643,to_chat,"[src] is [span_warning(""filled with weeds!"")]","[src] [span_warning(""长满了菌毯！"")]",translated,
c969a355,modules/hydroponics/hydro_tray.dm,645,to_chat,"[src] is [span_warning(""filled with tiny worms!"")]","[src] [span_warning(""里面全是小蠕虫！"")]",translated,
2e5e868f,modules/hydroponics/hydro_tray.dm,657,to_chat,"You [closed_system ? ""close"" : ""open""] the tray's lid.","你[closed_system ? ""关闭"" : ""打开""]了托盘盖。",translated,
a758c220,modules/hydroponics/seed_datums.dm,548,to_chat,"You [harvest_sample ? ""take a sample"" : ""harvest""] from the [display_name].","你[harvest_sample ? ""采集了一份样本"" : ""收割""]自[display_name]。",translated,
0e191b81,modules/hydroponics/seed_datums.dm,320,visible_message,\The [display_name] shudders hungrily.,\The [display_name] 饥渴地颤抖着。,translated,
36e25e8b,modules/hydroponics/seed_machines.dm,97,to_chat,"You [open ? ""open"" : ""close""] the maintenance panel.","你[open ? ""打开"" : ""关闭""]了维护面板。",translated,
ba485eb2,modules/hydroponics/vines.dm,126,to_chat,"The vines [pick(""wind"", ""tangle"", ""tighten"")] around you!","藤蔓[pick(""缠绕"", ""纠缠"", ""收紧"")]在你身上！",translated,
fc1e5c7b,modules/hydroponics/vines.dm,137,to_chat,\The [src] pierces your flesh greedily!,\The [src]贪婪地刺穿了你的血肉！,translated,
82337a5f,modules/instruments/items.dm,53,desc,"A wooden musical instrument with four strings and a bow. \""The devil went down to space, he was looking for an assistant to grief.\""","一把四弦带弓的木制乐器。""魔鬼降临太空，寻找助手来捣乱。""",translated,
63bdfccd,modules/instruments/items.dm,61,desc,"A golden musical instrument with four strings and a bow. \""The devil went down to space, he was looking for an assistant to grief.\""","一把金色的四弦乐器，配有一支琴弓。""魔鬼降临太空，只为寻找一名捣乱的助手。""",translated,
a77c2d47,modules/mob/camera/imaginary_friend.dm,129,to_chat,"You have [xeno_mobhud ? ""enabled"" : ""disabled""] the Xeno Status HUD.","你已[xeno_mobhud ? ""启用"" : ""禁用""]异形状态HUD。",translated,
6f31a708,modules/mob/camera/imaginary_friend.dm,142,to_chat,"You have [med_squad_mobhud ? ""enabled"" : ""disabled""] the Human Status HUD.","你已[med_squad_mobhud ? ""启用"" : ""禁用""]人类状态HUD。",translated,
a799d960,modules/mob/dead/observer/observer.dm,403,to_chat,"[hud_choice] [ghost_medhud ? ""Enabled"" : ""Disabled""]","[hud_choice] [ghost_medhud ? ""已启用"" : ""已禁用""]",translated,
14d5b436,modules/mob/dead/observer/observer.dm,410,to_chat,"[hud_choice] [ghost_sechud ? ""Enabled"": ""Disabled""]","[hud_choice] [ghost_sechud ? ""已启用"": ""已禁用""]",translated,
58cb3775,modules/mob/dead/observer/observer.dm,419,to_chat,"[hud_choice] [ghost_squadhud ? ""Enabled"": ""Disabled""]","[hud_choice] [ghost_squadhud ? ""已启用"": ""已禁用""]",translated,
1793003e,modules/mob/dead/observer/observer.dm,426,to_chat,"[hud_choice] [ghost_xenohud ? ""Enabled"" : ""Disabled""]","[hud_choice] [ghost_xenohud ? ""已启用"" : ""已禁用""]",translated,
0c7c4b48,modules/mob/dead/observer/observer.dm,433,to_chat,"[hud_choice] [ghost_orderhud ? ""Enabled"" : ""Disabled""]","[hud_choice] [ghost_orderhud ? ""已启用"" : ""已禁用""]",translated,
9dc9840b,modules/mob/dead/observer/observer.dm,567,to_chat,"You [(ghost_vision ? ""now"" : ""no longer"")] have ghost vision.","你现在[(ghost_vision ? ""now"" : ""no longer"")]拥有幽灵视觉。",translated,
c3d02616,modules/mob/dead/observer/observer.dm,811,visible_message,"[span_name(""[src]"")] points at [pointed_atom].","[span_name(""[src]"")]指向[pointed_atom]。",translated,
0562f30f,modules/mob/living/brain/MMI.dm,53,to_chat,"You [locked ? ""lock"" : ""unlock""] the brain holder.","你[locked ? ""锁定"" : ""解锁""]了大脑固定器。",translated,
a4b6ec49,modules/mob/living/brain/MMI.dm,113,to_chat,"Radio is [radio.broadcasting==1 ? ""now"" : ""no longer""] broadcasting.","无线电[radio.broadcasting==1 ? ""现在"" : ""不再""]广播。",translated,
6f1795b2,modules/mob/living/brain/MMI.dm,126,to_chat,"Radio is [radio.listening==1 ? ""now"" : ""no longer""] receiving broadcast.","无线电[radio.listening==1 ? ""正在"" : ""已停止""]接收广播。",translated,
52aa1fe6,modules/mob/living/carbon/carbon.dm,16,to_chat,"<b>[span_deadsay(""<p style='font-size:1.5em'>[species.special_death_message]</p>"")]</b>","<b>[span_deadsay(""<p style='font-size:1.5em'>[species.special_death_message]</p>"")]</b>",translated,
4a8879c7,modules/mob/living/carbon/carbon_stripping.dm,146,balloon_alert,"[strapped ? ""loosening"" : ""tightening""] strap...","[strapped ? ""松开"" : ""收紧""] 背带...",translated,
8412270d,modules/mob/living/carbon/human/human.dm,375,to_chat,"<b>Name:</b> [security_record.fields[""name""]]	<b>Criminal Status:</b> [security_record.fields[""criminal""]]","<b>姓名：</b> [security_record.fields[""name""]]	<b>犯罪状态：</b> [security_record.fields[""criminal""]]",translated,
655fd64a,modules/mob/living/carbon/human/human.dm,376,to_chat,"<b>Minor Crimes:</b> [security_record.fields[""mi_crim""]]","<b>轻微罪行：</b> [security_record.fields[""mi_crim""]]",translated,
a58cb96b,modules/mob/living/carbon/human/human.dm,377,to_chat,"<b>Details:</b> [security_record.fields[""mi_crim_d""]]","<b>详细信息：</b> [security_record.fields[""mi_crim_d""]]",translated,
6c2038f6,modules/mob/living/carbon/human/human.dm,378,to_chat,"<b>Major Crimes:</b> [security_record.fields[""ma_crim""]]","<b>重罪记录：</b> [security_record.fields[""ma_crim""]]",translated,
a0542f3a,modules/mob/living/carbon/human/human.dm,379,to_chat,"<b>Details:</b> [security_record.fields[""ma_crim_d""]]","<b>详情：</b> [security_record.fields[""ma_crim_d""]]",translated,
037fa3a9,modules/mob/living/carbon/human/human.dm,380,to_chat,"<b>Notes:</b> [security_record.fields[""notes""]]","<b>备注：</b>[security_record.fields[""notes""]]",translated,
495dcaac,modules/mob/living/carbon/human/human.dm,381,to_chat,<a href='byond://?src=[text_ref(src)];secrecordComment=`'>\[View Comment Log\]</a>,<a href='byond://?src=[text_ref(src)];secrecordComment=`'>\[查看评论记录\]</a>,translated,
9de55e0b,modules/mob/living/carbon/human/human.dm,409,to_chat,"[security_record.fields[""com_[counter]""]]","[security_record.fields[""com_[counter]""]]",translated,
c378e0fa,modules/mob/living/carbon/human/human.dm,413,to_chat,<a href='byond://?src=[text_ref(src)];secrecordadd=`'>\[Add comment\]</a>,<a href='byond://?src=[text_ref(src)];secrecordadd=`'>\[添加备注\]</a>,translated,
58a0ae66,modules/mob/living/carbon/human/human.dm,503,to_chat,"<b>Name:</b> [medical_record.fields[""name""]]	<b>Blood Type:</b> [medical_record.fields[""b_type""]]","<b>姓名：</b> [medical_record.fields[""name""]]	<b>血型：</b> [medical_record.fields[""b_type""]]",translated,
571600fc,modules/mob/living/carbon/human/human.dm,504,to_chat,"<b>DNA:</b> [medical_record.fields[""b_dna""]]","<b>DNA:</b> [medical_record.fields[""b_dna""]]",translated,
e9bb6d06,modules/mob/living/carbon/human/human.dm,505,to_chat,"<b>Minor Disabilities:</b> [medical_record.fields[""mi_dis""]]","<b>次要伤残：</b> [medical_record.fields[""mi_dis""]]",translated,
9e4da40a,modules/mob/living/carbon/human/human.dm,506,to_chat,"<b>Details:</b> [medical_record.fields[""mi_dis_d""]]","<b>详情：</b>[medical_record.fields[""mi_dis_d""]]",translated,
a3371873,modules/mob/living/carbon/human/human.dm,507,to_chat,"<b>Major Disabilities:</b> [medical_record.fields[""ma_dis""]]","<b>主要伤残情况：</b>[medical_record.fields[""ma_dis""]]",translated,
437a192f,modules/mob/living/carbon/human/human.dm,508,to_chat,"<b>Details:</b> [medical_record.fields[""ma_dis_d""]]","<b>详情：</b> [medical_record.fields[""ma_dis_d""]]",translated,
b6e48739,modules/mob/living/carbon/human/human.dm,509,to_chat,"<b>Notes:</b> [medical_record.fields[""notes""]]","<b>备注：</b> [medical_record.fields[""notes""]]",translated,
d690b99e,modules/mob/living/carbon/human/human.dm,510,to_chat,<a href='byond://?src=[text_ref(src)];medrecordComment=`'>\[View Comment Log\]</a>,<a href='byond://?src=[text_ref(src)];medrecordComment=`'>\[查看评论记录\]</a>,translated,
199cda53,modules/mob/living/carbon/human/human.dm,539,to_chat,"[medical_record.fields[""com_[counter]""]]","[medical_record.fields[""com_[counter]""]]",translated,
f1c48c26,modules/mob/living/carbon/human/human.dm,543,to_chat,<a href='byond://?src=[text_ref(src)];medrecordadd=`'>\[Add comment\]</a>,<a href='byond://?src=[text_ref(src)];medrecordadd=`'>\[添加备注\]</a>,translated,
b9f335fc,modules/mob/living/carbon/human/human.dm,732,to_chat,"[self ? ""You have a"" : ""[src] has a""] pulse! Counting...","[self ? ""你还有"" : ""[src]还有""]脉搏！正在计数...",translated,
e036e18d,modules/mob/living/carbon/human/human.dm,737,to_chat,"You must[self ? """" : "" both""] remain still until counting is finished.","你[self ? """" : ""们""]必须保持静止直到计数完成。",translated,
ce11da5f,modules/mob/living/carbon/human/human.dm,743,to_chat,"[self ? ""Your"" : ""[src]'s""] pulse is [get_pulse(GETPULSE_HAND)].","[self ? ""你的"" : ""[src]的""]脉搏是[get_pulse(GETPULSE_HAND)]。",translated,
d4c9cd02,modules/mob/living/carbon/human/human_attackhand.dm,211,visible_message,"[src] examines [p_them()]sel[gender == PLURAL ? ""ves"" : ""f""].","[src]检查了[p_them()]自[gender == PLURAL ? ""己们"" : ""己""]。",translated,
7ec9a894,modules/mob/living/carbon/human/human_defense.dm,463,visible_message,\The [user] patches some dents on [src]'s [affecting.display_name].,\The [user]修补了[src]的[affecting.display_name]上的一些凹痕。,translated,
4dc69251,modules/mob/living/carbon/human/human_helpers.dm,181,to_chat,"There is no exposed flesh or thin material [target_zone == ""head"" ? ""on their head"" : ""on their body""] to inject into.","没有暴露的皮肤或薄质材料[target_zone == ""head"" ? ""在头部"" : ""在身体上""]可供注射。",translated,
ea4f9d4f,modules/mob/living/carbon/human/life/handle_shock.dm,15,to_chat,"[pick(""You're in a bit of pain"", ""You ache a little"", ""You feel some physical discomfort"")].","[pick(""你有点疼"", ""你有点酸痛"", ""你感到身体有些不适"")]。",translated,
a7d89b4c,modules/mob/living/carbon/human/life/handle_shock.dm,18,to_chat,"[pick(""It hurts so much"", ""You really need some painkillers"", ""Dear god, the pain"")]!","[pick(""疼死我了"", ""你真该吃点止痛药"", ""天哪，疼死了"")]！",translated,
e155c315,modules/mob/living/carbon/human/life/handle_shock.dm,22,to_chat,"[pick(""The pain is excruciating"", ""Please, just end the pain"", ""Your whole body is going numb"")]!","[pick(""剧痛难忍"", ""求求你，结束这痛苦吧"", ""你的整个身体都在失去知觉"")]！",translated,
f0acbd0f,modules/mob/living/carbon/human/life/handle_shock.dm,35,to_chat,"[pick(""The pain is excruciating"", ""Please, just end the pain"", ""Your whole body is going numb"")]!","[pick(""剧痛难忍"", ""求求你，结束这痛苦吧"", ""你的整个身体都在失去知觉"")]！",translated,
37a1a6b6,modules/mob/living/carbon/human/life/handle_shock.dm,42,to_chat,"[pick(""The pain is excruciating"", ""Please, just end the pain"", ""Your whole body is going numb"")]!","[pick(""剧痛难忍"", ""求你了，结束这痛苦吧"", ""你的整个身体都在逐渐麻木"")]！",translated,
b9d9a519,modules/mob/living/carbon/human/life/handle_shock.dm,49,to_chat,"[pick(""The pain is excruciating"", ""Please, just end the pain"", ""Your whole body is going numb"", ""You feel like you could die any moment now"")]!","[pick(""剧痛难忍"", ""求求你，结束这痛苦吧"", ""你的整个身体都在逐渐麻木"", ""你感觉自己随时都可能死去"")]！",translated,
0a64f00e,modules/mob/living/carbon/human/life/handle_shock.dm,56,to_chat,"[pick(""The pain is excruciating"", ""Please, just end the pain"", ""Your whole body is going numb"", ""You feel like you could die any moment now"")]!","[pick(""剧痛难忍"", ""求求你，结束这痛苦吧"", ""你的整个身体正在失去知觉"", ""你感觉自己随时都可能死去"")]！",translated,
9abc34aa,modules/mob/living/carbon/xenomorph/abilities.dm,1021,to_chat,"You hear a strange, alien voice in your head. <i>\""[msg]\""</i>","你听到脑海中传来一阵怪异的外星声音。<i>\""[msg]\""</i>",translated,
b3aa58fc,modules/mob/living/carbon/xenomorph/abilities.dm,401,visible_message,\The [xeno_owner] regurgitates a thick substance and shapes it into \a [initial(AM.name)]!,\The [xeno_owner] 呕出一团浓稠物质，并将其塑造成 \a [initial(AM.name)]！,translated,
ed70b0cd,modules/mob/living/carbon/xenomorph/abilities.dm,671,visible_message,\The [xeno_owner] vomits globs of vile stuff all over \the [A]. It begins to sizzle and melt under the bubbling mess of acid!,\The [xeno_owner] 向 \the [A] 喷吐出大团恶心的物质。在沸腾的酸液混合物下，它开始嘶嘶作响并熔化！,translated,
79a9815a,modules/mob/living/carbon/xenomorph/abilities.dm,1200,visible_message,\The [xeno_owner] begins opening its mouth and extending a second jaw towards \the [victim].,\The [xeno_owner] 开始张开嘴，向 \the [victim] 伸出第二副下颚。,translated,
70558ebd,modules/mob/living/carbon/xenomorph/abilities.dm,1221,visible_message,\The [victim]'s life force is drained by \the [xeno_owner]!,\The [victim]的生命力被\the [xeno_owner]吸干了！,translated,
87b13d66,modules/mob/living/carbon/xenomorph/abilities.dm,1303,visible_message,[xeno_owner] starts to devour [victim]!,[xeno_owner] 开始吞噬 [victim]！,translated,
484ef275,modules/mob/living/carbon/xenomorph/castes/behemoth/abilities_behemoth.dm,287,balloon_alert,"[lowertext(initial(name))] ready[current_charges > 1 ? "" ([current_charges]/[maximum_charges])"" : """"]","[lowertext(initial(name))] 就绪[current_charges > 1 ? "" ([current_charges]/[maximum_charges])"" : """"]",translated,
6c889a7b,modules/mob/living/carbon/xenomorph/castes/behemoth/abilities_behemoth.dm,594,balloon_alert,"[lowertext(initial(name))] ready[maximum_pillars > 1 ? "" ([length(active_pillars)]/[maximum_pillars])"" : """"]","[lowertext(initial(name))] 就绪[maximum_pillars > 1 ? "" ([length(active_pillars)]/[maximum_pillars])"" : """"]",translated,
455c576e,modules/mob/living/carbon/xenomorph/castes/boiler/abilities_boiler.dm,388,visible_message,\The [xeno_owner] launches a huge glob of gas hurling into the distance!,\The [xeno_owner] 发射出一大团气体，呼啸着飞向远方！,translated,
b6d78546,modules/mob/living/carbon/xenomorph/castes/boiler/abilities_boiler.dm,595,visible_message,[xeno_owner]'s body is spewing steam intensely!,[xeno_owner]的躯体正剧烈地喷发蒸汽！,translated,
acf669f2,modules/mob/living/carbon/xenomorph/castes/boiler/abilities_boiler.dm,263,desc,[initial(desc)] Reduces bombard cooldown by [BOILER_BOMBARD_COOLDOWN_REDUCTION / 10] seconds for each stored. Begins to emit light when surpassing [xeno_owner.glob_luminosity_threshold] globs stored.,每储存一发，轰炸冷却时间减少 [BOILER_BOMBARD_COOLDOWN_REDUCTION / 10] 秒。当储存的球体超过 [xeno_owner.glob_luminosity_threshold] 发时，开始发光。,translated,
030099a9,modules/mob/living/carbon/xenomorph/castes/carrier/abilities_carrier.dm,121,visible_message,\The [xeno_owner] throws something towards \the [A]!,\The [xeno_owner] 向 \the [A] 投掷了什么东西！,translated,
2367ac05,modules/mob/living/carbon/xenomorph/castes/carrier/abilities_carrier.dm,452,visible_message,"\The [victim] loses [victim.p_their()] balance, falling to the side!",\The [victim] 失去平衡，摔倒在地！,translated,
4e7ce52a,modules/mob/living/carbon/xenomorph/castes/crusher/mutations_crusher.dm,128,desc,Crest Toss's cooldown is set to 65/50/35% of its original cooldown if it was used on allies.,Crest Toss的冷却时间在使用于盟友时，将设定为原始冷却时间的65/50/35%。,translated,
39e22755,modules/mob/living/carbon/xenomorph/castes/defender/abilities_defender.dm,207,to_chat,"We can [xeno_owner.crest_defense ? ""raise"" : ""lower""] our crest.","我们可以[xeno_owner.crest_defense ? ""竖起"" : ""放下""]我们的头冠。",translated,
41f4346c,modules/mob/living/carbon/xenomorph/castes/defender/abilities_defender.dm,291,to_chat,"We can [xeno_owner.fortify ? ""stand up"" : ""fortify""] again.","我们可以再次[异形所有者.强化 ? ""站起来"" : ""强化""]。",translated,
456cb9fe,modules/mob/living/carbon/xenomorph/castes/defender/mutations_defender.dm,282,desc,"You are no longer immobilized during Fortify. However, your move delay is increased by 1.2/1/0.8 seconds while it is active.",你不再会在'坚守阵地'期间被定身。然而，激活期间，你的移动延迟会增加1.2/1/0.8秒。,translated,
3e2cb779,modules/mob/living/carbon/xenomorph/castes/defiler/abilities_defiler.dm,327,visible_message,"The stinger retracts from [xeno_owner], leaving the egg and little one alive.",毒刺从\the [xeno_owner]身上收回，留下卵和幼体存活。,translated,
acf81196,modules/mob/living/carbon/xenomorph/castes/dragon/abilities_dragon.dm,111,visible_message,[xeno_owner] lifts [grabbed_human] into the air and gets ready to slam!,[xeno_owner] 将 [grabbed_human] 举到空中，准备猛砸！,translated,
0ff7defb,modules/mob/living/carbon/xenomorph/castes/dragon/abilities_dragon.dm,422,visible_message,[xeno_owner] exhales a massive fireball right ontop of [grabbed_human]!,[xeno_owner] 在 [grabbed_human] 正上方呼出一团巨大的火球！,translated,
2e32f5a6,modules/mob/living/carbon/xenomorph/castes/drone/mutations_drone.dm,171,desc,Salve Heal has no cast time on your Essence Link partner if they qualify for bonus healing. Bonus healing multiplier is increased by an additive of 1/2/3.,若你的精华链接伙伴符合额外治疗条件，则'治疗之潮'对其无施法时间。额外治疗倍率增加1/2/3点。,translated,
4fd23208,modules/mob/living/carbon/xenomorph/castes/gorger/abilities_gorger.dm,410,balloon_alert,linked to [xeno_owner],已链接至 [xeno_owner],translated,
685fae75,modules/mob/living/carbon/xenomorph/castes/hivelord/abilities_hivelord.dm,46,visible_message,\The [xeno_owner] starts breaking apart \the [recycled_xeno]'s carcass.,\The [xeno_owner] 开始分解 \the [recycled_xeno] 的残骸。,translated,
d15fc901,modules/mob/living/carbon/xenomorph/castes/hunter/abilities_hunter.dm,516,to_chat,"We sense our quarry <b>[mark.marked_target]</b> is currently located in <b>[AREACOORD_NO_Z(mark.marked_target)]</b> and is <b>[get_dist(xeno_owner, mark.marked_target)]</b> tiles away. It is <b>[calculate_mark_health(mark.marked_target)]</b> and <b>[mark.marked_target.status_flags & XENO_HOST ? ""impregnated"" : ""barren""]</b>.","我们感知到我们的猎物 <b>[mark.marked_target]</b> 目前位于 <b>[AREACOORD_NO_Z(mark.marked_target)]</b>，距离我们 <b>[get_dist(xeno_owner, mark.marked_target)]</b> 格。其状态为 <b>[calculate_mark_health(mark.marked_target)]</b> 且 <b>[mark.marked_target.status_flags & XENO_HOST ? ""impregnated"" : ""barren""]</b>。",translated,
e38c8f21,modules/mob/living/carbon/xenomorph/castes/hunter/abilities_hunter.dm,723,to_chat,"We invade the mind of [victim_count] [victim_count > 1 ? ""victims"" : ""victim""], silencing and muting them...","我们侵入了 [victim_count] 名[victim_count > 1 ? ""受害者"" : ""受害者""]的意识，使其沉默并失声……",translated,
a73f65ab,modules/mob/living/carbon/xenomorph/castes/hunter/mutations_hunter.dm,290,desc,The effects of Silence against your Hunter's Mark target last 2.5/2.75/3x as long.,对\the [user.p_their()]猎手标记目标的沉默效果持续时间延长2.5/2.75/3倍。,translated,
79a3ba90,modules/mob/living/carbon/xenomorph/castes/king/abilities_conqueror.dm,102,balloon_alert,"[initial(name)] [toggled ? ""enabled"" : ""disabled""]","[initial(name)] [toggled ? ""已启用"" : ""已禁用""]",translated,
75f3ef87,modules/mob/living/carbon/xenomorph/castes/king/abilities_conqueror.dm,359,balloon_alert,"Combo display [display_combos ? ""enabled"" : ""disabled""]","连击显示 [display_combos ? ""enabled"" : ""disabled""]",translated,
f361fb99,modules/mob/living/carbon/xenomorph/castes/praetorian/abilities_praetorian.dm,301,visible_message,\The [xeno_owner] violently spears \the [target_atom] with their tail!,\The [xeno_owner] 用它们的尾巴猛烈地刺穿了 \the [target_atom]！,translated,
f52e9f42,modules/mob/living/carbon/xenomorph/castes/praetorian/abilities_praetorian.dm,455,visible_message,\The [xeno_owner] swings the hook on its tail through the air!,\The [xeno_owner] 在空中挥舞着它尾巴上的钩子！,translated,
705a5491,modules/mob/living/carbon/xenomorph/castes/puppeteer/abilities_puppeteer.dm,291,visible_message,[puppet] bloats and slowly unfurls its stitched body!,[傀儡]膨胀并缓缓展开它缝合的身体！,translated,
d673a27f,modules/mob/living/carbon/xenomorph/castes/puppeteer/abilities_puppeteer.dm,300,visible_message,"[puppet] ruptures, releasing corrosive acid!",[傀儡]破裂了，释放出腐蚀性酸液！,translated,
daf0bfa1,modules/mob/living/carbon/xenomorph/castes/queen/abilities_queen.dm,25,to_chat,"That announcement contained a word prohibited in IC chat! Consider reviewing the server rules.\n<span replaceRegex='show_filtered_ic_chat'>\""[input]\""</span>","该公告包含一个IC聊天中禁止使用的词语！请考虑查阅服务器规则。\n<span replaceRegex='show_filtered_ic_chat'>\""[input]\""</span>",translated,
8e9a274c,modules/mob/living/carbon/xenomorph/castes/queen/abilities_queen.dm,112,visible_message,\The [xeno_owner] emits an ear-splitting guttural roar!,\The [xeno_owner] 发出一声震耳欲聋的喉音咆哮！,translated,
8162b318,modules/mob/living/carbon/xenomorph/castes/queen/abilities_queen.dm,145,visible_message,\The [xeno_owner] emits an ear-splitting guttural roar!,\The [xeno_owner] 发出一声震耳欲聋的喉音咆哮！,translated,
e38e40c4,modules/mob/living/carbon/xenomorph/castes/queen/abilities_queen.dm,157,visible_message,\The [xeno_owner] emits an ear-splitting guttural roar!,\The [xeno_owner] 发出一声震耳欲聋的喉音咆哮！,translated,
622b5f2b,modules/mob/living/carbon/xenomorph/castes/ravager/abilities_ravager.dm,679,to_chat,"You will now[xeno_owner.vampirism ? """" : "" no longer""] heal from attacking","你现在[xeno_owner.vampirism ? """" : ""不再""]能从攻击中恢复生命",translated,
aa1c1c7d,modules/mob/living/carbon/xenomorph/castes/ravager/mutations_ravager.dm,90,desc,Endure no longer grants stagger immunity nor can be activated while staggered. Endure grants 10/15/20 all soft armor while active.,'坚忍'不再提供踉跄免疫，也无法在踉跄状态下激活。激活时，'坚忍'提供10/15/20点全软护甲。,translated,
ec6c2011,modules/mob/living/carbon/xenomorph/castes/runner/abilities_runner.dm,222,to_chat,"We take evasive action, making us impossible to hit.",我们采取规避动作，使其无法命中。,translated,
a35f3ea4,modules/mob/living/carbon/xenomorph/castes/runner/abilities_runner.dm,280,to_chat,"The searing fire compromises our ability to dodge![RUNNER_EVASION_COOLDOWN_REFRESH_THRESHOLD - evasion_stacks > 0 ? "" We must dodge [RUNNER_EVASION_COOLDOWN_REFRESH_THRESHOLD - evasion_stacks] more projectile damage before Evasion's cooldown refreshes."" : """"]","灼人的火焰削弱了我们的闪避能力！[RUNNER_EVASION_COOLDOWN_REFRESH_THRESHOLD - evasion_stacks > 0 ? "" 我们还需闪避 [RUNNER_EVASION_COOLDOWN_REFRESH_THRESHOLD - evasion_stacks] 点投射物伤害，才能刷新'闪避'的冷却时间。"" : """"]",translated,
8d501768,modules/mob/living/carbon/xenomorph/castes/runner/abilities_runner.dm,56,balloon_alert,"Savage [savage_activated ? ""activated"" : ""deactivated""]","野蛮模式 [savage_activated ? ""已激活"" : ""已停用""]",translated,
8e7f54cb,modules/mob/living/carbon/xenomorph/castes/runner/abilities_runner.dm,192,balloon_alert,"Auto Evasion [auto_evasion ? ""activated"" : ""deactivated""]","自动规避 [auto_evasion ? ""activated"" : ""deactivated""]",translated,
f5a23bf0,modules/mob/living/carbon/xenomorph/castes/shrike/mutations_shrike.dm,46,desc,20/35/50% of the health restored from Psychic Cure is reapplied to you.,20/35/50% 的'心灵治愈'所恢复的生命值会重新施加于你自身。,translated,
cb78f334,modules/mob/living/carbon/xenomorph/castes/spitter/abilities_spitter.dm,262,visible_message,\The [owner] throws something towards \the [target]!,\The [owner] 朝 \the [target] 扔出了什么东西！,translated,
3986064d,modules/mob/living/carbon/xenomorph/castes/warrior/abilities_warrior.dm,420,balloon_alert,"[fling_action ? ""[initial(fling_action.name)] / "" : """"][initial(name)] ready","[fling_action ? ""[initial(fling_action.name)] / "" : """"][initial(name)] 就绪",translated,
23f3f331,modules/mob/living/carbon/xenomorph/castes/warrior/abilities_warrior.dm,730,balloon_alert,"[initial(name)] ready[current_charges > 1 ? "" ([current_charges]/[initial(current_charges)])"" : """"]","[initial(name)] 就绪[current_charges > 1 ? "" ([current_charges]/[initial(current_charges)])"" : """"]",translated,
9a3bf997,modules/mob/living/carbon/xenomorph/castes/widow/abilities_widow.dm,129,visible_message,\The [xeno_attacker] starts to pull in the leashes from \the [src]!,\The [xeno_attacker] 开始从 \the [src] 身上收回牵引索！,translated,
1d104610,modules/mob/living/carbon/xenomorph/castes/widow/abilities_widow.dm,134,visible_message,\The [xeno_attacker] yanks all the leashes from \the [src]!,\The [xeno_attacker] 从 \the [src] 身上扯下了所有的牵引索！,translated,
9ef65996,modules/mob/living/carbon/xenomorph/castes/widow/abilities_widow.dm,143,visible_message,\The [xeno_attacker] starts tearing down \the [src]!,\The [xeno_attacker] 开始拆除 \the [src]！,translated,
fda0a14d,modules/mob/living/carbon/xenomorph/castes/widow/abilities_widow.dm,147,visible_message,\The [xeno_attacker] yanks all the leashes from \the [src]!,\The [xeno_attacker] 从 \the [src] 身上扯下了所有的牵引索！,translated,
73f3fca5,modules/mob/living/carbon/xenomorph/castes/widow/abilities_widow.dm,178,desc,"Give birth to a spiderling after a short charge-up. The spiderlings will follow you until death. You can only deploy [max_spiderlings] spiderlings at one time. On alt-use, if any charges of Cannibalise are stored, create a spiderling at no plasma cost or cooldown.",经过短暂蓄力后产下一只幼蛛。幼蛛会跟随你直至死亡。你一次最多只能部署 [max_spiderlings] 只幼蛛。在备用使用模式下，若储存有任何'同类相食'充能，则免费且无冷却时间地创造一只幼蛛。,translated,
bb56b33c,modules/mob/living/carbon/xenomorph/castes/widow/abilities_widow.dm,244,desc,"Send your spawn on a valid target, they will automatically destroy themselves out of sheer fury after 15 seconds.",将你的傀儡传送到一个有效目标处，它们将在15秒后因纯粹的狂怒而自动毁灭。,translated,
9ff77a2a,modules/mob/living/carbon/xenomorph/castes/widow/abilities_widow.dm,403,desc,"Consume one of your children, storing their biomass for future use. If any charges of Cannibalise are stored, alt-use of Birth Spiderling will create one spiderling in exchange for one charge of Cannibalise. Up to three charges of Cannibalise may be stored at once.",吞噬你的一个子嗣，将其生物质储存以备后用。如果储存了任何'同类相食'充能，对'产下蛛魔'进行备用操作将消耗一次'同类相食'充能来创造一个蛛魔。最多可同时储存三次'同类相食'充能。,translated,
9d811f6c,modules/mob/living/carbon/xenomorph/charge_crush.dm,549,visible_message,"[span_warning(""[charger] knocks [src] aside."")]!","[span_warning(""[charger] 将 [src] 撞到一边。"")]！",translated,
aaa654aa,modules/mob/living/carbon/xenomorph/charge_crush.dm,675,visible_message,[charger] rams into [src] and flings [p_them()] away!,[charger] 猛冲向 [src] 并将其甩投出去！,translated,
f3c579b5,modules/mob/living/carbon/xenomorph/death.dm,48,to_chat,"<b>[span_deadsay(""<p style='font-size:1.5em'><big>We have perished.</big><br><small>But it is not the end of us yet... wait until a newborn can rise in this world...</small></p>"")]</b>","<b>[span_deadsay(""<p style='font-size:1.5em'><big>我们已逝。</big><br><small>但这并非我们的终点……静待新生者于此世崛起……</small></p>"")]</b>",translated,
1bd250f9,modules/mob/living/carbon/xenomorph/embryo.dm,100,to_chat,"[pick(""Your chest hurts a little bit"", ""Your stomach hurts"")].","[pick(""你的胸口有点疼"", ""你的胃疼"")]。",translated,
ede42df1,modules/mob/living/carbon/xenomorph/embryo.dm,103,to_chat,"[pick(""Your throat feels sore"", ""Mucous runs down the back of your throat"")].","[pick(""你的喉咙感觉发痒"", ""黏液顺着你的喉咙流下"")]。",translated,
6f5d2405,modules/mob/living/carbon/xenomorph/embryo.dm,119,to_chat,"[pick(""Your chest hurts badly"", ""It becomes difficult to breathe"", ""Your heart starts beating rapidly, and each beat is painful"")].","[pick(""你的胸口剧痛难忍"", ""呼吸变得困难"", ""心脏开始剧烈跳动，每一次搏动都带来痛楚"")]。",translated,
882f42f9,modules/mob/living/carbon/xenomorph/facehuggers.dm,364,visible_message,\A [src] leaps out of \the [loc]!,\A [src]从\the [loc]中跃出！,translated,
00fffd65,modules/mob/living/carbon/xenomorph/facehuggers.dm,523,visible_message,"<span class='notice'>[hugged] snatches [src] out of the air and [pickweight(list(""clobbers"" = 30, ""kills"" = 30, ""squashes"" = 25, ""dunks"" = 10, ""dribbles"" = 5))] it!","<span class='notice'>[hugged] 从空中夺下 [src] 并 [pickweight(list(""clobbers"" = 30, ""kills"" = 30, ""squashes"" = 25, ""dunks"" = 10, ""dribbles"" = 5))] 了它！</span>",translated,
eaa19232,modules/mob/living/carbon/xenomorph/facehuggers.dm,651,visible_message,"[icon2html(src, viewers(src))] [span_danger(""\The [src] decays into a mass of acid and chitin."")]","[icon2html(src, viewers(src))] [span_danger(""\The [src] 腐烂成一团酸液和几丁质。"")]",translated,
ea549d5a,modules/mob/living/carbon/xenomorph/hive_datum.dm,903,to_chat,"<span class='[span_class]'><font size=[size]> [message][report_distance ? "" Distance: [get_dist(X, target)]"" : """"]</font></span>","<span class='[span_class]'><font size=[size]> [message][report_distance ? "" 距离: [get_dist(X, target)]"" : """"]</font></span>",translated,
90862f9d,modules/mob/living/carbon/xenomorph/hive_datum.dm,1072,to_chat,You are jobbaned from the [ROLE_XENOMORPH] role.,你被禁止担任[ROLE_XENOMORPH]角色。,translated,
e8d2e679,modules/mob/living/carbon/xenomorph/hive_upgrades.dm,129,to_chat,"You need [points_requirement] more [(upgrade_flags & UPGRADE_FLAG_USES_TACTICAL) ? ""tactical"" : ""strategic""] points to request this blessing!","你需要再获得[points_requirement]点[(upgrade_flags & UPGRADE_FLAG_USES_TACTICAL) ? ""战术"" : ""战略""]点数才能请求此祝福！",translated,
f0386608,modules/mob/living/carbon/xenomorph/xenoattacks.dm,42,visible_message,\The [H] pets \the [src].,\The [H] 抚摸着 \the [src]。,translated,
ab82fcfe,modules/mob/living/carbon/xenomorph/xenoattacks.dm,91,visible_message,\The [xeno_attacker] caresses \the [src] with its scythe-like arm.,\The [xeno_attacker] 用它镰刀般的手臂轻抚着 \the [src]。,translated,
a2adeb56,modules/mob/living/carbon/xenomorph/xenomorph.dm,570,visible_message,"[target_mounting ? ""[target] starts to mount on [src]"" : ""[src] starts hoisting [target] onto [p_their()] back...""]","[target_mounting ? ""[target]开始骑上[src]"" : ""[src]开始将[target]扛到[p_their()]背上...""]",translated,
e5f5881e,modules/mob/living/carbon/xenomorph/xenomorph.dm,573,visible_message,"[target_mounting ? ""[target] fails to mount on [src]"" : ""[src] fails to carry [target]!""]","[target_mounting ? ""[target] 未能骑乘到 [src] 上"" : ""[src] 未能承载 [target]！""]",translated,
8b5cfccc,modules/mob/living/carbon/xenomorph/xenoprocs.dm,502,to_chat,"You have [(xeno_flags & XENO_MOBHUD) ? ""enabled"" : ""disabled""] the Xeno Status HUD.","你已[(xeno_flags & XENO_MOBHUD) ? ""启用"" : ""禁用""]异形状态HUD。",translated,
b0b75893,modules/mob/living/living.dm,802,to_chat,"[rider ? src : ""You""] can't do that right now!","[rider ? src : ""你""]现在无法这么做！",translated,
613c264d,modules/mob/living/living.dm,1159,to_chat,"You can't see through the floor [direction == DOWN ? ""below"" : ""above""] you.","你无法看穿[direction == DOWN ? ""下方"" : ""上方""]的地板。",translated,
ad382891,modules/mob/living/living.dm,857,visible_message,"[src] makes a hard landing on [impacted_turf] but remains unharmed from the fall[graceful_landing ? "" and stays on [p_their()] feet"" : "" by tucking in rolling into the landing""].","[src]重重地落在[impacted_turf]上，但并未因坠落而受伤[graceful_landing ? ""，并且稳稳地站在[p_their()]脚上"" : ""，通过蜷身翻滚缓冲了落地冲击""]。",translated,
1a254cb7,modules/mob/living/living.dm,871,visible_message,"[src] makes a hard landing on [impacted_turf], but lands safely on [p_their()] feet!",[src]在[impacted_turf]上重重着陆，但稳稳地站在了[p_their()]脚上！,translated,
f16614b6,modules/mob/living/living_verbs.dm,71,visible_message,"[span_name(""[src]"")] points at [pointed_atom].","[span_name(""[src]"")]指向[pointed_atom]。",translated,
ba4ea7b1,modules/mob/living/say.dm,96,to_chat,"\""[message]\""",'[message]',translated,
a37c54e1,modules/mob/living/say.dm,419,say,#[message],#[message],translated,
f594a23a,modules/mob/living/silicon/ai/ai.dm,562,to_chat,"That message contained a word prohibited in IC chat! Consider reviewing the server rules.\n<span replaceRegex='show_filtered_ic_chat'>\""[text]\""</span>","该消息包含IC聊天中禁止使用的词语！请查阅服务器规则。\n<span replaceRegex='show_filtered_ic_chat'>\""[text]\""</span>",translated,
1903aa53,modules/mob/living/silicon/ai/ai_verbs.dm,198,to_chat,"Camera acceleration has been [acceleration ? ""enabled"" : ""disabled""].","摄像机加速已[acceleration ? ""启用"" : ""禁用""]。",translated,
527513af,modules/mob/living/silicon/ai/ai_verbs.dm,242,to_chat,"<b>You are now [anchored ? """" : ""un""]anchored.</b>","<b>你现在[anchored ? """" : ""未""]被固定。</b>",translated,
d9470524,modules/mob/living/silicon/ai/ai_verbs.dm,301,to_chat,"Automatic announcements [chan == ""None"" ? ""will not use the radio."" : ""set to [chan].""]","自动通告[chan == ""None"" ? ""将不使用无线电。"" : ""已设置为[chan]。""]",translated,
c88550b8,modules/mob/living/silicon/ai/death.dm,14,to_chat,"<b>[span_deadsay(""<p style='font-size:1.5em'><big>You have been shut down.</big></p>"")]</b>","<b>[span_deadsay(""<p style='font-size:1.5em'><big>你已被关闭。</big></p>"")]</b>",translated,
756c68a0,modules/mob/living/silicon/ai/say.dm,35,to_chat,"Holopad transmitted: [real_name]: \""[message]\""","全息终端传输：[real_name]：\""[message]\""",translated,
cb857eed,modules/mob/living/simple_animal/friendly/corgi.dm,42,name,\improper bull terrier,\improper 蛮牛梗犬,translated,
d570f16b,modules/mob/living/simple_animal/friendly/corgi.dm,126,name,\improper void puppy,\improper 虚空幼犬,translated,
88cd0cee,modules/mob/living/simple_animal/friendly/farm_animals.dm,48,visible_message,[src] gets an evil-looking gleam in [p_their()] eye.,[src] 眼中闪过一丝邪恶的光芒。,translated,
178d9678,modules/mob/living/simple_animal/friendly/parrot.dm,556,to_chat,[equipping] won't fit!,[equipping] 装不进去！,translated,
5090dcca,modules/mob/living/simple_animal/friendly/parrot.dm,15,desc,"The parrot squaks, \""It's a Parrot! BAWWK!\""",鹦鹉嘎嘎叫道：'是只鹦鹉！嘎！',translated,
f4c71215,modules/mob/living/simple_animal/friendly/parrot.dm,615,say,"[parrot_source.available_channels.len ? ""[pick(parrot_source.available_channels)] "" : null]BAWWWWWK LEAVE THE HEADSET BAWKKKKK!","[parrot_source.available_channels.len ? ""[pick(parrot_source.available_channels)] "" : null]BAWWWWWK 别碰耳机 BAWKKKKK！",translated,
c656e575,modules/mob/living/simple_animal/hostile/carp.dm,49,name,"[pick(SSstrings.get_list_from_file(""names/megacarp_first""))] [pick(SSstrings.get_list_from_file(""names/megacarp_last""))]","[pick(SSstrings.get_list_from_file(""names/megacarp_first""))] [pick(SSstrings.get_list_from_file(""names/megacarp_last""))]",translated,
39f610fd,modules/mob/living/simple_animal/simple_animal.dm,136,to_chat,"<b>[span_deadsay(""<p style='font-size:1.5em'><big>You have perished.</big></p>"")]</b>","<b>[span_deadsay(""<p style='font-size:1.5em'><big>你已阵亡。</big></p>"")]</b>",translated,
150b0a53,modules/mob/living/simple_animal/simple_animal.dm,203,visible_message,[xeno_attacker] [response_disarm] [name]!,[xeno_attacker] [response_disarm] [name]！,translated,
e0ad7a69,modules/mob/living/status_procs.dm,585,to_chat,"[priority_absorb_key[""self_message""]]","[priority_absorb_key[""self_message""]]",translated,
24ae9f5c,modules/mob/living/status_procs.dm,581,visible_message,"[src][priority_absorb_key[""visible_message""]]","[src][priority_absorb_key[""visible_message""]]",translated,
890f8eb7,modules/mob/living/status_procs.dm,583,visible_message,"[src][priority_absorb_key[""visible_message""]]","[src][priority_absorb_key[""visible_message""]]",translated,
b8c94169,modules/mob/mob_helpers.dm,402,to_chat,"[(extra_large) ? ""<br><hr>"" : """"][span_deadsay(""[message][(enter_link) ? "" [full_enter_link]"" : """"][track_link]"")][(extra_large) ? ""<hr><br>"" : """"]","[(extra_large) ? ""<br><hr>"" : """"][span_deadsay(""[message][(enter_link) ? "" [full_enter_link]"" : """"][track_link]"")][(extra_large) ? ""<hr><br>"" : """"]",translated,
d11bfcd5,modules/mob/mob_verbs.dm,232,to_chat,"<br><br><h1>[span_danger(""Fight for your life (again), try not to die this time!"")]</h1><br><br>","<br><br><h1>[span_danger(""为你的生命而战（再次），这次尽量别死！"")]</h1><br><br>",translated,
fc0e34e4,modules/mob/new_player/new_player.dm,447,to_chat,"You are now [ready? """" : ""not ""]ready.","你现在[ready? """" : ""不""]准备就绪。",translated,
5822f41c,modules/orbits/spaceship.dm,48,to_chat,"The wires have been [CHECK_BITFIELD(machine_stat, PANEL_OPEN) ? ""exposed"" : ""unexposed""]","线路已经[CHECK_BITFIELD(machine_stat, PANEL_OPEN) ? ""暴露"" : ""未暴露""]",translated,
a6cd8c9f,modules/organs/limbs.dm,1142,visible_message,You hear a sickening cracking sound coming from \the [owner]'s face.,你听到\the [owner]的脸上传来一阵令人作呕的碎裂声。,translated,
c5ec7c66,modules/paperwork/filingcabinet.dm,60,to_chat,"You [anchored ? ""wrench"" : ""unwrench""] \the [src].","你将[anchored ? ""用扳手固定"" : ""松开""]\the [src]。",translated,
1d466bf3,modules/paperwork/folders.dm,67,name,"folder[(n_name ? ""- '[n_name]'"" : """")]","文件夹[(n_name ? ""- '[n_name]'"" : """")]",translated,
bba0d15b,modules/paperwork/paper.dm,82,name,"[(n_name ? ""[n_name]"" : ""paper"")]","[(n_name ? ""[n_name]"" : ""纸张"")]",translated,
82c1786c,modules/paperwork/paper_bundle.dm,188,name,"[(n_name ? ""[n_name]"" : ""paper"")]","[(n_name ? ""[n_name]"" : ""纸张"")]",translated,
f470c295,modules/paperwork/photography.dm,288,name,"photo[(n_name ? ""- '[n_name]'"" : null)]","照片[(n_name ? ""- '[n_name]'"" : null)]",translated,
f4d4bba8,modules/power/apc/apc_attack.dm,84,balloon_alert,"[locked ? ""locked"" : ""unlocked""]","[locked ? ""已锁定"" : ""未锁定""]",translated,
8605e228,modules/power/apc/apc_attack.dm,121,balloon_alert,Wired],已连接],translated,
7b605c4f,modules/power/apc/apc_attack.dm,251,balloon_alert,"[locked ? ""locked"" : ""unlocked""]","[locked ? ""已锁定"" : ""未锁定""]",translated,
b12a9ea6,modules/power/apc/apc_tool_act.dm,81,balloon_alert,"wires [CHECK_BITFIELD(machine_stat, PANEL_OPEN) ? ""exposed"" : ""unexposed""]","线路[CHECK_BITFIELD(machine_stat, PANEL_OPEN) ? ""已暴露"" : ""未暴露""]",translated,
89f37f43,modules/power/cable.dm,517,visible_message,\The [user] fixes some wires in \the [H]'s [affecting.display_name] with [src].,\The [user] 用 [src] 修复了 \the [H] 的 [affecting.display_name] 中的一些线路。,translated,
a580e5e2,modules/power/fusion_engine.dm,355,desc,A rechargable fuel cell designed to work as a power source for the Cheyenne-Class transport or for Westingland S-52 Reactors.,一种可充电燃料电池，设计用作夏延级运输机或威斯汀兰S-52反应堆的电源。,translated,
50b1b471,modules/power/generator.dm,83,to_chat,"You [anchored ? ""secure"" : ""unsecure""] the bolts holding [src] to the floor.","你[anchored ? ""固定"" : ""松开""]了将[src]固定在地板上的螺栓。",translated,
fb24b42f,modules/power/groundmap_geothermal.dm,146,visible_message,"[icon2html(src, viewers(src))] [span_notice(""<b>[src]</b> begins to whirr as it powers up."")]","[icon2html(src, viewers(src))] [span_notice(""<b>[src]</b> 开始发出嗡鸣声，正在启动。"")]",translated,
e193613b,modules/power/groundmap_geothermal.dm,148,visible_message,"[icon2html(src, viewers(src))] [span_notice(""<b>[src]</b> begins to hum loudly as it reaches half capacity."")]","[icon2html(src, viewers(src))] [span_notice(""<b>[src]</b> 在达到半容量时开始发出响亮的嗡鸣声。"")]",translated,
77de196c,modules/power/groundmap_geothermal.dm,150,visible_message,"[icon2html(src, viewers(src))] [span_notice(""<b>[src]</b> rumbles loudly as the combustion and thermal chambers reach full strength."")]","[icon2html(src, viewers(src))] [span_notice(""<b>[src]</b> 随着燃烧室和热力室达到满负荷，发出响亮的轰鸣声。"")]",translated,
a172f9d5,modules/power/groundmap_geothermal.dm,198,visible_message,"\The [xeno_attacker] slashes at \the [src], tearing at it's components!",\The [xeno_attacker] 斩击着 \the [src]，撕裂了它的组件！,translated,
507a623e,modules/power/lighting.dm,237,to_chat,There is no [fitting] in this light.,这盏灯里没有[fitting]。,translated,
ca6c4027,modules/power/pipecleaners.dm,219,name,"pipe cleaner [amount < 3 ? ""piece"" : ""coil""]","管道清洁器[amount < 3 ? ""piece"" : ""coil""]",translated,
287328f8,modules/power/smes_construction.dm,132,to_chat,"Massive electrical arc sparks between you and [src]. Last thing you can think about is \""Oh shit...\""",巨大的电弧在你和[src]之间迸发。你脑海中最后的念头是'糟了……',translated,
b0d5b91a,modules/power/smes_construction.dm,250,to_chat,"You [safeties_enabled ? ""connected"" : ""disconnected""] the safety circuit.","你[safeties_enabled ? ""连接"" : ""断开""]了保险电路。",translated,
f32223ed,modules/power/smes_construction.dm,251,visible_message,"[icon2html(src, viewers(src))] <b>[src]</b> beeps: \""Caution. Safety circuit has been: [safeties_enabled ? ""re-enabled"" : ""disabled. Please excercise caution.""]\""","[icon2html(src, viewers(src))] <b>[src]</b> 发出哔哔声：'警告。安全电路已：[safeties_enabled ? ""重新启用"" : ""禁用。请谨慎操作。""]'",translated,
f4410d8c,modules/projectiles/ammo_types/miscellaneous_ammo.dm,235,visible_message,\A [G] lands on [T]!,\一只[G]落在了[T]身上！,translated,
00e6d271,modules/projectiles/ammunition.dm,201,name,"handful of [ammo_name + "" ([new_caliber])""]","一把 [ammo_name + "" ([new_caliber])""]",translated,
b9f5a116,modules/projectiles/gun_helpers.dm,436,balloon_alert,"Safety [HAS_TRAIT(src, TRAIT_GUN_SAFETY) ? ""off"" : ""on""].","安全 [HAS_TRAIT(src, TRAIT_GUN_SAFETY) ? ""off"" : ""on""]。",translated,
166bf7af,modules/projectiles/gun_helpers.dm,543,balloon_alert,"Automatic unloading [CHECK_BITFIELD(chosen_gun.reciever_flags, AMMO_RECIEVER_AUTO_EJECT) ? ""enabled"" : ""disabled""].","自动退弹 [CHECK_BITFIELD(chosen_gun.reciever_flags, AMMO_RECIEVER_AUTO_EJECT) ? ""enabled"" : ""disabled""]。",translated,
f17d0c06,modules/projectiles/gun_helpers.dm,554,balloon_alert,"Automatic unloading [CHECK_BITFIELD(chosen_gun.reciever_flags, AMMO_RECIEVER_AUTO_EJECT) ? ""enabled"" : ""disabled""].","自动退弹 [CHECK_BITFIELD(chosen_gun.reciever_flags, AMMO_RECIEVER_AUTO_EJECT) ? ""enabled"" : ""disabled""]。",translated,
c64f25fd,modules/projectiles/gun_system.dm,644,to_chat,"[dat.Join("" "")]","[dat.Join("" "")]",translated,
d7455616,modules/projectiles/guns/_shared_ammo_objects.dm,197,visible_message,[xeno_attacker] tries to put out the fire!,[xeno_attacker] 试图扑灭火焰！,translated,
9c92d686,modules/projectiles/guns/energy.dm,127,to_chat,"[icon2html(src, user)] You [overcharge? ""<B>disable</b>"" : ""<B>enable</b>"" ] [src]'s overcharge mode.","[icon2html(src, user)] 你[overcharge? ""<B>关闭</b>"" : ""<B>开启</b>"" ] [src]的过载模式。",translated,
6a6058ec,modules/projectiles/guns/energy.dm,135,to_chat,"[icon2html(src, user)] You [overcharge? ""<B>disable</b>"" : ""<B>enable</b>"" ] [src]'s overcharge mode.","[icon2html(src, user)] 你[overcharge? ""<B>关闭</b>"" : ""<B>开启</b>"" ] [src]的过载模式。",translated,
7976c6d9,modules/projectiles/guns/energy.dm,1065,desc,"Volkite weapons are the pride of Martian weapons manufacturing, their construction being a tightly guarded secret. Infamous for its ability to deflagrate organic targets with its tremendous thermal energy, explosively burning flesh in a fiery blast that can be deadly to anyone unfortunate enough to be nearby. The 'serpenta' is pistol typically seen in the hands of SOM officers and some NCOs, and is quite dangerous for it's size.",沃尔坎武器是火星武器制造业的骄傲，其构造是严格保守的秘密。它以利用其巨大的热能对有机目标进行爆燃而臭名昭著，能在一阵火焰爆炸中剧烈燃烧肉体，对任何不幸靠近的人来说都可能是致命的。这种'蛇形'手枪通常见于火星之子军官和一些士官手中，就其尺寸而言相当危险。,translated,
de4d4fdb,modules/projectiles/guns/energy.dm,1090,desc,"The 'serpenta' is pistol typically seen in the hands of SOM officers and some NCOs, and is quite dangerous for it's size. This particular weapon appears to be a custom model with improved performance.",'蛇形'手枪通常见于火星之子军官和部分士官手中，以其尺寸而言威力相当可观。这把武器似乎是经过定制改造的增强型号。,translated,
d0c5a81c,modules/projectiles/guns/mounted.dm,339,name,"\improper \""Death incarnate\"" heavy machine gun",\improper '死亡化身'重机枪,translated,
480026db,modules/projectiles/guns/mounted.dm,650,desc,"The AGLS-37 automatic grenade launching system. It's too heavy to be wielded or operated without the tripod. On the back, it reads: \""Kauser is not obligated to buy you new body parts for you or your friends if you lose them.\""\nCan be deployed with Crtl-Click. Can be repaired with a blowtorch once deployed.",AGLS-37自动榴弹发射系统。它太重了，没有三脚架无法手持或操作。背面写着：'如果你或你的朋友失去了身体部件，Kauser没有义务为你购买新的。'\n可通过Ctrl+点击部署。部署后可用喷枪修复。,translated,
ca60ffe3,modules/projectiles/guns/pistols.dm,886,name,\improper M6 'Eclipse Raider' ballistic knife,\improper M6'月蚀掠夺者'弹道刀,translated,
63e18393,modules/projectiles/guns/pistols.dm,727,desc,"A 'riot control' weapon used by the protectors of colonies. Now adopted by the V.S.D, it is the standard side arm for all members. Firing armor piercing 9x19mm parabellum with a capacity of 15 rounds.",一款由殖民地守护者使用的'防暴'武器。现已被V.S.D采用，作为所有成员的标准配枪。发射9x19毫米帕拉贝鲁姆穿甲弹，弹容量15发。,translated,
9caa75ab,modules/projectiles/guns/pistols.dm,765,desc,"Intertech's one of a kind revolver. Fires custom incendiary .357 rounds, has firemode switch of single action and burst fire. Kicks like a fucking mule. You remember High Command saying: 'Don't let this get into enemy hands'.",Intertech的独家左轮手枪。发射定制的.357燃烧弹，拥有单动和连发两种射击模式。后坐力大得跟头骡子似的。你记得最高指挥部说过：'别让这玩意儿落入敌手'。,translated,
5db0feb7,modules/projectiles/guns/revolvers.dm,147,name,\improper R-24 'Mateba' autorevolver,\improper R-24'马特巴'自动左轮手枪,translated,
ebdb67ca,modules/projectiles/guns/rifles.dm,423,desc,"An \""Elite\"" modification of the PR-412 pulse rifle series, given to special operation units. It has been given a stock and a longer barrel with an integrated barrel charger, with a red skull stenciled on the body for some reason.",PR-412脉冲步枪系列的'精英'改装型，配发给特种作战单位。它配备了枪托和更长的枪管，集成了枪管充电器，枪身上不知为何印有一个红色骷髅图案。,translated,
2b59ca39,modules/projectiles/guns/rifles.dm,1898,desc,"A certified classic, this reproduction design was hailed as the first successful assault rifle concept, generally termed a 'storm rifle'. Has a higher than usual firerate for its class, but suffers in capacity. This version of it chambers 7.62x39mm.",一把经过认证的经典之作，这款复刻设计被誉为首个成功的突击步枪概念，通常被称为'风暴步枪'。其射速在同类武器中高于平均水平，但弹容量有所不足。此版本使用7.62x39毫米弹药。,translated,
038242e1,modules/projectiles/guns/rifles.dm,2020,desc,"Officially designated an Objective Individual Combat Weapon, the AR-55 features an upper bullpup 20mm grenade launcher designed to fire a variety of specialised rounds, and an underslung assault rifle using 10x24mm caseless ammunition. Somewhat cumbersome to use due to its size and weight. Requires a T49 scope for precision aiming.",正式命名为'目标单兵战斗武器'的AR-55，其上部采用无托结构，配备一门20毫米榴弹发射器，可发射多种专用弹头；下部挂载一支使用10x24毫米无壳弹药的突击步枪。由于其尺寸和重量，使用起来略显笨重。需要T49瞄准镜进行精确瞄准。,translated,
dabcd7df,modules/projectiles/guns/rifles.dm,2086,desc,"Officially designated an Objective Individual Combat Weapon, the AR-55 features an upper bullpup 20mm grenade launcher designed to fire a variety of specialised rounds, and an underslung assault rifle using 10x24mm caseless ammunition. Somewhat cumbersome to use due to its size and weight. Requires a T49 scope for precision aiming. This specific model was customized and tuned by MAGNUM freelancers, which made it ligher and allowed to use bigger mags of AR-12",正式命名为'目标单兵战斗武器'的AR-55，其上部采用无托结构，配备一门20毫米榴弹发射器，可发射多种专用弹头；下部挂载一支使用10x24毫米无壳弹药的突击步枪。由于尺寸和重量，使用起来略显笨重。需要T49瞄准镜进行精确瞄准。此特定型号由MAGNUM自由佣兵定制调校，使其更轻量化，并能使用AR-12的更大容量弹匣。,translated,
ef02b68c,modules/projectiles/guns/shotguns.dm,667,name,\improper Leicester Repeater,\improper 莱斯特连发枪,translated,
18279784,modules/projectiles/guns/shotguns.dm,456,desc,"A mosin nagant rifle, even just looking at it you can feel the cosmoline already. Commonly known by its slang, \""Moist Nugget\"", by downbrained colonists and outlaws.",一把莫辛-纳甘步枪，光是看着它你就能感受到那层厚厚的枪油。在那些头脑简单的殖民者和法外之徒口中，它通常被戏称为'湿乎乎的土豆'。,translated,
3cb51f10,modules/projectiles/guns/shotguns.dm,961,desc,"An in-built railgun designed to fire so called 'micro grenades'. By using railgun technology, the projectile does not need any propellant, helping greatly increase usable space for the payload.",一门内置的轨道炮，用于发射所谓的'微型手雷'。通过使用轨道炮技术，弹丸无需任何推进剂，从而极大地增加了有效载荷的可用空间。,translated,
fd88125b,modules/projectiles/guns/smgs.dm,352,name,\improper CZ-81 submachinegun,\improper CZ-81冲锋枪,translated,
e5248180,modules/projectiles/guns/smgs.dm,647,desc,"The L-40 is the primer ICCAF submachinegun, generally termed as a 'PDW' due to its armor-piercing high velocity round, while it has adequate ranged performance, it is mostly tuned for at close quarters combat. It uses 4.6mm high velocity caseless rounds.",L-40是ICCAF的主要冲锋枪，因其穿甲高速弹而通常被称为'PDW'，虽然具备足够的远程性能，但主要针对近距离战斗进行了调校。它使用4.6毫米高速无壳弹。,translated,
8a8dd5e5,modules/projectiles/guns/specialist.dm,448,name,\improper Modified MG-100 Vindicator Minigun,\improper 改装型 MG-100 复仇者转管机枪,translated,
925163f2,modules/projectiles/guns/specialist.dm,29,desc,"The SR-26 is an IFF capable sniper rifle which is mostly used by long range marksmen. It excels in long-range combat situations and support sniping. It has a laser designator installed, and the scope itself has IFF integrated into it. Uses specialized 10x28 caseless rounds made to work with the guns odd IFF-scope system.  \nIt has an integrated Target Marker and a Laser Targeting system.\n\""Peace Through Superior Firepower\"".",SR-26是一款具备敌我识别能力的狙击步枪，主要供远程射手使用。它在远距离作战和支援狙击方面表现出色。该枪装有激光指示器，瞄准镜本身集成了敌我识别功能。使用特制的10x28毫米无壳弹，专为配合该枪独特的敌我识别瞄准镜系统而设计。\n它集成了目标标记器和激光瞄准系统。\n'以优势火力换取和平'。,translated,
72604a08,modules/projectiles/magazines/energy.dm,167,to_chat,[warning]<b>Charge Remaining: [charge]/[maxcharge]</b>,[warning]<b>充能剩余：[charge]/[maxcharge]</b>,translated,
f2ad8da2,modules/projectiles/magazines/revolvers.dm,76,desc,"A revolver speed loader for the Judge, these rounds have a high velocity propellant, leading to next to no scatter and falloff.",一把用于'法官'左轮手枪的快速装弹器，这些子弹采用高速推进剂，几乎无散射和衰减。,translated,
f1b7f17b,modules/projectiles/magazines/revolvers.dm,85,desc,"A revolver speed loader for the Judge, this is filled with tiny pellets inside, with high scatter but large CQC damage.",一把用于'法官'左轮手枪的快速装弹器，内部装填微型弹丸，散布范围大但近战伤害高。,translated,
cd7abca4,modules/projectiles/magazines/shotguns.dm,140,desc,A box filled with high velocity shotgun slugs nicknamed 'Barrikada'. Rated to break through basically everything up to including tank engines. 6 Gauge.,一个装满高速霰弹枪独头弹的盒子，绰号'巴里卡达'。据称能击穿几乎所有东西，包括坦克引擎。6号口径。,translated,
eba6ebbc,modules/projectiles/magazines/smgs.dm,116,name,\improper CZ-81 magazine (.32ACP),\improper CZ-81 弹匣 (.32ACP),translated,
7c96d883,modules/projectiles/magazines/smgs.dm,248,name,\improper C17 drum mag (.45 ACP),\improper C17 弹鼓（.45 ACP）,translated,
e5535731,modules/projectiles/magazines/specialist.dm,131,name,\improper 84mm 'Unguided' high-explosive rocket,\improper 84毫米'无制导'高爆火箭,translated,
33e7861f,modules/projectiles/magazines/specialist.dm,151,name,\improper 84mm 'Unguided' white-phosphorus rocket,\improper 84毫米'无制导'白磷火箭,translated,
e9035926,modules/projectiles/magazines/specialist.dm,338,name,\improper 84mm HE 'Anti-Personnel' rocket,\improper 84毫米高爆'反人员'火箭,translated,
7c1781cf,modules/projectiles/magazines/specialist.dm,346,name,\improper 84mm Incendiary 'Anti-Personnel' rocket,\improper 84毫米燃烧'反人员'火箭,translated,
42701acc,modules/projectiles/magazines/specialist.dm,353,name,\improper 84mm Chemical-Warhead 'Anti-Personnel' rocket,\improper 84毫米化学弹头'反人员'火箭,translated,
d2ee953e,modules/projectiles/magazines/specialist.dm,132,desc,"A warhead for the RL-152 rocket launcher. Carries a bogstandard HE warhead that explodes. It is entirely unguided, and thus 'Dumb', this allows for a larger payload, and a skilled operator can hit longer ranged hits that a laser-guided rocket could not reach at all.  When empty, use this frame to deconstruct it.",RL-152火箭发射器使用的弹头。携带一枚标准的爆炸弹头，引爆后产生爆炸。它完全不具备制导能力，因此属于'无制导'类型，这使得它可以搭载更大的有效载荷，且熟练的操作者能够命中激光制导火箭完全无法触及的远距离目标。弹头耗尽后，可使用此框架将其拆解。,translated,
11fec292,modules/projectiles/magazines/specialist.dm,152,desc,"A highly destructive warhead that bursts into deadly flames on impact. It is entirely unguided, and thus 'Dumb', the benefit of this is a bigger overall payload, and a skilled operator can hit longer ranged hits that a laser-guided rocket could not reach at all. Use this in hand to deconstruct it.",一种极具破坏性的弹头，撞击时会爆发出致命的火焰。它完全无制导，因此是'哑弹'，其优势在于更大的整体有效载荷，熟练的操作员可以进行更远距离的打击，这是激光制导火箭完全无法企及的。手持使用以拆解它。,translated,
8ecc2b38,modules/projectiles/magazines/specialist.dm,383,desc,"A canister holding a tungsten projectile to be used inside a railgun. HVAP is written across the canister. This round has less punching power than other railgun canister types, but will leave a sizeable hole in the targets armor.",一个装有钨制弹丸的弹筒，用于导轨炮内。弹筒上标有HVAP字样。这种弹药的穿甲能力不如其他类型的导轨炮弹筒，但能在目标装甲上留下可观的破口。,translated,
e065e633,modules/projectiles/magazines/specialist.dm,390,desc,"A canister holding a tungsten projectile to be used inside a railgun. SAP is written across the canister. This round has poor punching power due to low velocity for the smart ammunition, but will leave a target significantly staggered and stunned due to the impact.",一个装有钨制弹丸的弹筒，用于导轨炮内。弹筒上标有SAP字样。这种弹药由于智能弹药的低初速而穿透力较差，但会因冲击力使目标显著踉跄并眩晕。,translated,
334651c1,modules/projectiles/mounted.dm,142,visible_message,"[icon2html(src, viewers(src))] [span_notice(""[human_user] mans [src]!"")]","[icon2html(src, viewers(src))] [span_notice(""[human_user] 操作 [src]！"")]",translated,
e724527b,modules/projectiles/mounted.dm,339,balloon_alert,"You begin [anchored ? ""unanchoring"" : ""anchoring""] [src]","你开始[anchored ? ""解除固定"" : ""固定""] \the [src]",translated,
2c2f6e6a,modules/projectiles/mounted.dm,347,balloon_alert,"You [anchored ? ""anchor"" : ""unanchor""] [src]","你将[src][anchored ? ""固定"" : ""解除固定""]",translated,
4b643015,modules/projectiles/projectile.dm,1361,to_chat,"[victim_feedback.Join("" "")]","[victim_feedback.Join("" "")]",translated,
263af07e,modules/projectiles/projectile.dm,1400,to_chat,"[victim_feedback.Join("" "")]","[victim_feedback.Join("" "")]",translated,
b9deba8b,modules/projectiles/sentries.dm,231,visible_message,"[user] [safe ? """" : ""de""]activates [src]'s safety lock.","[user] [safe ? """" : ""解""]除了[src]的保险锁。",translated,
58b286fd,modules/projectiles/sentries.dm,255,visible_message,"[user] [alert ? """" : ""de""]activates [src]'s alert notifications.","[user] [alert ? """" : ""关""]闭了[src]的警报通知。",translated,
df61dfe7,modules/projectiles/sentries.dm,257,say,"Alert notification system [alert ? ""initiated"" : ""deactivated""]","警报通知系统[alert ? ""已启动"" : ""已停用""]",translated,
e0c66eb7,modules/reagents/chemistry/machinery/chem_dispenser.dm,379,balloon_alert,"[CHECK_BITFIELD(machine_stat, PANEL_OPEN) ? ""opens"" : ""closes""] the battery compartment","[CHECK_BITFIELD(machine_stat, PANEL_OPEN) ? ""打开"" : ""关闭""]电池舱",translated,
a2a304c6,modules/reagents/chemistry/reagents.dm,135,to_chat,You feel like you took too much of [name]!,你感觉你吸食了太多[name]！,translated,
9a63eb53,modules/reagents/chemistry/reagents/drinks/glass_styles/mixed_alcohol.dm,456,desc,A new hit cocktail inspired by THE ARM Breweries will have you shouting Fuu ma'jin in no time!,一款源自THE ARM酿酒厂的全新热门鸡尾酒，让你瞬间高呼'Fuu ma'jin'！,translated,
491c8a42,modules/reagents/chemistry/reagents/drinks/glass_styles/mixed_alcohol.dm,536,desc,"If you can't mix a Sugar Rush, you can't tend bar.",要是连一杯'糖分冲刺'都调不出来，那你可不够格当酒保。,translated,
ec2c7674,modules/reagents/chemistry/reagents/drinks/glass_styles/sodas.dm,37,desc,Dr. Gibb. Not as dangerous as the container_name might imply.,吉布博士。并不像\the [container_name]所暗示的那样危险。,translated,
4d0cd2e5,modules/reagents/chemistry/reagents/medical.dm,959,to_chat,"[pick(""You could use another hit."", ""More of that would be nice."", ""Another dose would help."", ""One more dose wouldn't hurt"", ""Why not take one more?"")]","[pick(""再来一剂应该不错。"", ""多来点会更好。"", ""再打一针会有帮助。"", ""再来一剂也无妨"", ""何不再来一剂呢？"")]",translated,
b3e26c03,modules/reagents/chemistry/reagents/medical.dm,968,to_chat,"[pick(""It's just not the same without it."", ""You could use another hit."", ""You should take another."", ""Just one more."", ""Looks like you need another one."")]","[pick(""没有它感觉就是不一样。"", ""你可以再来一口。"", ""你应该再吸一次。"", ""就再来一次。"", ""看来你需要再来一次。"")]",translated,
51d7013f,modules/reagents/chemistry/reagents/medical.dm,979,to_chat,"[pick(""You need more."", ""It's hard to go on like this."", ""You want more. You need more."", ""Just take another hit. Now."", ""One more."")]","[pick(""你还想要更多。"", ""这样下去太难熬了。"", ""你想要更多。你需要更多。"", ""再来一口。就现在。"", ""再来一次。"")]",translated,
94ad6e0e,modules/reagents/chemistry/reagents/medical.dm,991,to_chat,"[pick(""You need another dose, now. NOW."", ""You can't stand it. You have to go back. You have to go back."", ""You need more. YOU NEED MORE."", ""MORE"", ""TAKE MORE."")]","[pick(""你需要再来一剂，现在。立刻。"", ""你无法忍受。你必须回去。你必须回去。"", ""你需要更多。你需要更多。"", ""更多"", ""再来点。"")]",translated,
c3637ad3,modules/reagents/reagent_containers/autoinjectors.dm,3,desc,"An autoinjector containing... table salt? <i>\""For any client assistance, please contact the coderbus\"" is written on the back.</i>",一支自动注射器，里面装着……食盐？<i>背面写着：'如需客户协助，请联系编码巴士'。</i>,translated,
aee235f3,modules/reagents/reagent_containers/cups/bottle.dm,327,name,\improper Nanotrasen 'Space-Aged' 60-Year Old Whiskey,\improper 纳米传讯'太空陈酿'60年威士忌,translated,
86b9311f,modules/reagents/reagent_containers/cups/bottle.dm,335,desc,"A black bottle with nothing but a note and a warning label on it. 'Drink this and you will die,' '600 proof,' and other such discouraging words are written upon it.",一个黑色瓶子，上面除了一张纸条和警告标签外别无他物。写着'喝下此物，你将死亡'、'600度酒精度'以及其他诸如此类的劝阻话语。,translated,
a3662bb9,modules/reagents/reagent_containers/cups/bottle.dm,349,desc,"The bottle reads, 'Ra Ra Red Star Man: Lover of the Finer Things.' Or at least that's what you assume....",瓶子上写着：'啦啦红明星人：精致事物的爱好者。'至少你是这么认为的……,translated,
f0ccbb91,modules/reagents/reagent_containers/cups/bottle.dm,363,desc,"An expensive whiskey with a distinct flavor. The bottle proudly proclaims that it's, 'A True Classic.'",一款价格不菲的威士忌，风味独特。瓶身自豪地宣称其为'真正的经典'。,translated,
817cd355,modules/reagents/reagent_containers/cups/bottle.dm,385,desc,"Named after the famed Captain 'Cuban' Pete, this rum is about as volatile as his final mission.",以著名的'古巴'皮特[相关术语: Captain=舰长]命名，这款朗姆酒和他最后一次任务一样不稳定。,translated,
17c71dc8,modules/reagents/reagent_containers/cups/bottle.dm,420,desc,"A sweet and strongly alchoholic drink, made after numerous distillations and years of maturing. You might as well not scream 'SHITCURITY' this time.",一种甘甜而烈性十足的饮品，经过多次蒸馏与多年陈酿制成。这次你或许不该再高喊'狗屎安保'了。,translated,
02586f5a,modules/reagents/reagent_containers/cups/drinkingglass.dm,81,name,"[length(reagents.reagent_list) ? ""filled "" : """"]shot glass","[length(reagents.reagent_list) ? ""已装满 "" : """"]烈酒杯",translated,
b11312f8,modules/reagents/reagent_containers/cups/drinkingglass.dm,122,name,"[pick(""half full"", ""half empty"")] glass of water","[pick(""half full"", ""half empty"")] 杯水",translated,
668afc4a,modules/reagents/reagent_containers/cups/glassbottle.dm,69,visible_message,Some of [name]'s contents are let loose!,[name] 的部分内容散落出来了！,translated,
33b2b253,modules/reagents/reagent_containers/cups/glassbottle.dm,150,desc,"Brewed with \""Pure Ice Asteroid Spring Water\"".",使用'纯冰小行星泉水'酿造。,translated,
c7d4d81b,modules/reagents/reagent_containers/cups/glassbottle.dm,200,desc,The label's written in Cyrillic. All you can make out is the name and a word that looks vaguely like 'Vodka'.,标签上写的是西里尔字母。你只能辨认出名字和一个看起来有点像'伏特加'的词。,translated,
07775603,modules/reagents/reagent_containers/cups/glassbottle.dm,266,desc,"A sweet and strongly alchoholic drink, made after numerous distillations and years of maturing. You might as well not scream 'SHITCURITY' this time.",一种甘甜而烈性十足的饮品，经过多次蒸馏与多年陈酿制成。这次你或许不该再高喊'狗屎安保'了。,translated,
2a969ffc,modules/reagents/reagent_containers/cups/glassbottle.dm,283,desc,A strong alcoholic drink brewed and distributed by,一种烈性酒精饮料，由,translated,
b70f534e,modules/reagents/reagent_containers/cups/soda.dm,188,desc,"The only drink with the PWR that true gamers crave. When a gamer talks about gamerfuel, this is what they're literally referring to.",唯一一款真正玩家渴望的PWR能量饮料。当玩家谈论'玩家燃料'时，他们指的就是这个。,translated,
6ec5aecf,modules/reagents/reagent_containers/food/cans.dm,15,to_chat,"You open the drink with [pick(""an audible"", ""a satisfying"")] pop!","你打开饮料，发出[pick(""一声清晰的"", ""一阵令人满足的"")]'噗'的声响！",translated,
fdfd91bb,modules/reagents/reagent_containers/food/cans.dm,33,name,\improper TGM Cola,\improper TGM 可乐,translated,
31df3bb1,modules/reagents/reagent_containers/food/cans.dm,90,name,\improper Space-Up,\improper 太空汽水,translated,
4699e849,modules/reagents/reagent_containers/food/cans.dm,146,name,\improper Cherry Souto,\improper 樱桃苏打,translated,
0d261265,modules/reagents/reagent_containers/food/cans.dm,167,name,\improper Lime Souto,\improper 青柠苏托,translated,
be6fc9dd,modules/reagents/reagent_containers/food/cans.dm,181,name,\improper Grape Souto,\improper 葡萄味索托,translated,
b675a2a4,modules/reagents/reagent_containers/food/cans.dm,41,desc,Overpriced 'Spring' water. Bottled by Nanotrasen.,纳米传讯瓶装的'春季'水，价格虚高。,translated,
c533dac3,modules/reagents/reagent_containers/food/drinks.dm,144,name,\improper Coffee,\improper 咖啡,translated,
e2bbbc6e,modules/reagents/reagent_containers/food/drinks.dm,151,name,\improper Cafe Latte,\improper 拿铁咖啡,translated,
253cd891,modules/reagents/reagent_containers/food/piecake.dm,325,desc,A quote on quote cake that is made with electronic boards and leaks acid...,一块所谓的'蛋糕'，由电子板制成，还会漏酸液……,translated,
e4adc49c,modules/reagents/reagent_containers/food/pizzapasta.dm,184,desc,"[desc] The box on top has a tag, it reads: '[toptag]'.",[desc] 顶部的盒子上有个标签，上面写着：'[toptag]'。,translated,
bc104d13,modules/reagents/reagent_containers/food/pizzapasta.dm,189,desc,"[desc] The box has a tag, it reads: '[boxtag]'.",[desc] 箱子上贴着一个标签，上面写着：'[boxtag]'。,translated,
dd444c7e,modules/reagents/reagent_containers/food/snacks.dm,80,to_chat,You cannot force any more of \the [src] to go down your throat.,你无法再强行咽下更多\the [src]了。,translated,
b793ff20,modules/reagents/reagent_containers/food/snacks.dm,1173,to_chat,You color \the [src] [clr],你将 \the [src] 染成[clr]色,translated,
c556ba9f,modules/reagents/reagent_containers/food/snacks.dm,1660,name,\improper Spicy-pocket,\improper 辣味口袋,translated,
3a3c3510,modules/reagents/reagent_containers/food/snacks.dm,1674,name,\improper Teriyaki-pocket,\improper 照烧口袋,translated,
866b98cc,modules/reagents/reagent_containers/food/snacks.dm,290,desc,Commander Riker's What-The-Crisps,指挥官瑞克的'什么鬼薯片',translated,
04357dd9,modules/reagents/reagent_containers/food/snacks.dm,1068,desc,It's just a salad of questionable 'herbs' with meatballs and fried potato slices. Nothing suspicious about it.,这只是一份可疑'香草'配上肉丸和炸土豆片的沙拉。没什么可疑的。,translated,
3a07ff98,modules/reagents/reagent_containers/food/snacks.dm,1461,desc,"A bar of \""The <b>CHUNK</b>\"" brand chocolate. <i>\""The densest chocolate permitted to exist according to federal law. We are legally required to ask you not to use this blunt object for anything other than nutrition.\""</i>",一块'<b>大块头</b>'牌巧克力。<i>'根据联邦法律允许存在的最致密巧克力。我们依法要求您不要将此钝器用于营养摄取以外的任何用途。'</i>,translated,
2256028e,modules/reagents/reagent_containers/food/snacks.dm,1516,desc,"A packaged [icon_state] from a Meal Ready-to-Eat, there is a lengthy list of [pick(""obscure"", ""arcane"", ""unintelligible"", ""revolutionary"", ""sophisticated"", ""unspellable"")] ingredients and addictives printed on the back.</i>","一份来自即食餐的包装[icon_state]，背面印着一长串[pick(""晦涩难懂"", ""神秘莫测"", ""无法理解"", ""革命性"", ""复杂精密"", ""难以拼写"")]的成分和添加剂。</i>",translated,
4c7610dc,modules/reagents/reagent_containers/food/snacks.dm,1717,desc,A relentlessly sweet donk-pocket first created for use in Operation Dessert Storm.,一种极其甜腻的甜甜圈口袋，最初为'甜点风暴'行动而创制。,translated,
ef7debcc,modules/reagents/reagent_containers/food/snacks/grown.dm,225,desc,Emblazoned upon the apple is the word 'Kallisti'.,苹果上刻着'卡利斯蒂'这个词。,translated,
3da98a5b,modules/reagents/reagent_containers/food/snacks/grown.dm,324,desc,"I say to-mah-to, you say tom-mae-to.",我说'番茄'，你说'西红柿'。,translated,
b33d933f,modules/reagents/reagent_containers/food/snacks/grown.dm,341,desc,"I say to-mah-to, you say tom-mae-to... OH GOD IT'S EATING MY LEGS!!",我说'番茄'，你说'番茄'……哦天哪它在啃我的腿！！,translated,
2fafd845,modules/reagents/reagent_containers/glass/bottle.dm,271,desc,"A small bottle. Contains Doctor's Delight - functions similar to tricordrazine, but is weaker and makes the patient hungry.",一个小瓶子。内含'医生之悦'——功能类似三氯二嗪，但效果较弱且会让患者感到饥饿。,translated,
bf7b3b06,modules/reagents/reagent_containers/hypospray.dm,244,balloon_alert,"Labeled \""[str]\"".",标记为'[str]'。,translated,
d5693fbb,modules/reagents/reagent_containers/hypospray.dm,254,balloon_alert,"You tag [src] as \""[str]\"".",你将 [src] 标记为'[str]'。,translated,
6f3eac73,modules/reagents/reagent_containers/jerrycan.dm,3,desc,A can filled with fuel to light things on fire. It has Absolut Jerry stamped in the side.,一个装满燃料的罐子，用于点燃物品。侧面印有'绝对杰瑞'字样。,translated,
8b174ce8,modules/reagents/reagent_containers/spray.dm,143,to_chat,"<span class = 'notice'>You switch the safety [safety ? ""on"" : ""off""].</span>","<span class = 'notice'>你将保险切换为[safety ? ""开启"" : ""关闭""]。</span>",translated,
71d3b73a,modules/reagents/reagent_containers/syringes.dm,241,visible_message,"[user] tries to stab [target] in \the [hit_area] with [src], but the attack is deflected by armor!",[user]试图用[src]刺向[target]的\the [hit_area]，但攻击被装甲弹开了！,translated,
2d3c0ee0,modules/reagents/reagent_containers/syringes.dm,246,visible_message,[user] stabs [target] in \the [hit_area] with [src]!,[user]用[src]刺中了[target]的\the [hit_area]！,translated,
164e588a,modules/recycling/conveyor2.dm,100,balloon_alert,"[conveyor_flags & CONVEYOR_INVERTED ? ""backwards"" : ""back to default""]","[conveyor_flags & CONVEYOR_INVERTED ? ""反向"" : ""恢复默认""]",translated,
347adb18,modules/recycling/sortingmachinery.dm,62,to_chat,"It has a note attached which reads, \""[examtext]\""",上面附着一张纸条，写着：'[examtext]',translated,
e65f4494,modules/recycling/sortingmachinery.dm,175,to_chat,"It has a note attached which reads, \""[examtext]\""",上面附着一张纸条，写着：'[examtext]',translated,
c4b2003c,modules/recycling/sortingmachinery.dm,117,visible_message,"\The [user] labels \the [src] with \a [I], scribbling down: \""[examtext]\""",\The [user] 给 \the [src] 贴上了 \a [I] 标签，草草写下：'[examtext]',translated,
4b51938e,modules/recycling/sortingmachinery.dm,226,visible_message,"\The [user] labels \the [src] with \a [I], scribbling down: \""[examtext]\""",\The [user] 给 \the [src] 贴上了 \a [I] 标签，草草写下：'[examtext]',translated,
ad1b36fd,modules/recycling/sortingmachinery.dm,280,visible_message,\The [user] wraps \a [target] with \a [src].,\The [user] 用 \a [src] 包裹住 \a [target]。,translated,
58eb6b40,modules/recycling/sortingmachinery.dm,291,visible_message,\The [user] wraps \a [target] with \a [src].,\The [user] 用 \a [src] 包裹住 \a [target]。,translated,
318fba3d,modules/remote_fob/actions_misc.dm,127,to_chat,"Will now [console.do_wiring ? ""do wiring"" : ""stop wiring""].","现在[console.do_wiring ? ""进行布线"" : ""停止布线""]。",translated,
9a16dfdd,modules/reqs/supplypacks/explosives_packs.dm,15,name,"M21 APRDS \""Minelayer\""",M21 APRDS'布雷器',translated,
8d1f6616,modules/reqs/supplypacks/factory_packs.dm,270,name,MG-100Y howitzer Tanglefoot shell assembly refill,MG-100Y榴弹炮'缠足'炮弹组装再装填,translated,
a5c102c7,modules/reqs/supplypacks/imports_packs.dm,229,name,Rebota' revolver speed loader,'弹巢'左轮快速装弹器,translated,
e4d382c4,modules/reqs/supplypacks/vehicles_packs.dm,50,name,"\""Skink\"" tiny unmanned vehicle",'石龙子'微型无人载具,translated,
f6582854,modules/reqs/supplypacks/vehicles_packs.dm,55,name,"\""Iguana\"" light unmanned vehicle",'鬣蜥'轻型无人载具,translated,
974c70e9,modules/reqs/supplypacks/vehicles_packs.dm,60,name,"\""Gecko\"" Mmedium unmanned vehicle",'壁虎'中型无人载具,translated,
5f8dff05,modules/reqs/supplypacks/vehicles_packs.dm,65,name,"\""Komodo\"" heavy unmanned vehicle",'科莫多'重型无人载具,translated,
b28f9b2c,modules/reqs/supplypacks/vehicles_packs.dm,179,name,Bushwhacker Autocannon High Explosive ammo box,灌木丛猎手自动炮高爆弹药箱,translated,
7967613d,modules/screen_alert/command_alert.dm,57,to_chat,"That message contained a word prohibited in IC chat! Consider reviewing the server rules.\n<span replaceRegex='show_filtered_ic_chat'>\""[text]\""</span>","该消息包含IC聊天中禁止使用的词语！请查阅服务器规则。\n<span replaceRegex='show_filtered_ic_chat'>\""[text]\""</span>",translated,
8982319f,modules/shuttle/computer.dm,78,to_chat,"NOTICE - [M.name] taking off towards [href_list[""move""]]","注意 - [M.name] 正前往 [href_list[""move""]]",translated,
eb706aed,modules/shuttle/marine_dropship.dm,877,desc,"The flight controls for the 'Normandy' Dropship. Named after a department in France, noteworthy for the famous naval invasion of Normandy on the 6th of June 1944, a bloody but decisive victory in World War II and the campaign for the Liberation of France.",'诺曼底'号空降艇的飞行控制系统。以法国的一个省份命名，因1944年6月6日著名的诺曼底登陆战而闻名，那是第二次世界大战中一场血腥但决定性的胜利，也是法国解放战役的关键一役。,translated,
f0a1efcd,modules/shuttle/marine_dropship.dm,1610,desc,"The remote controls for the 'Normandy' Dropship. Named after a department in France, noteworthy for the famous naval invasion of Normandy on the 6th of June 1944, a bloody but decisive victory in World War II and the campaign for the Liberation of France.","""诺曼底""号空降艇的遥控器。以法国的一个地区命名，因1944年6月6日著名的诺曼底登陆战而闻名，那是二战中一场血腥但决定性的胜利，也是解放法国战役的关键。",translated,
f81b9e68,modules/shuttle/marine_dropship.dm,1616,desc,The remote controls for the 'Canterbury' shuttle.,'坎特伯雷'号穿梭机的远程控制器。,translated,
34c13be5,modules/surgery/amputation.dm,27,visible_message,[user] is beginning to cut off [target]'s [affected.display_name] with \the [tool].,[user] 正开始用 \the [tool] 切除 [target] 的 [affected.display_name]。,translated,
c13459e2,modules/surgery/amputation.dm,34,visible_message,[user] cuts off [target]'s [affected.display_name] with \the [tool].,[user]用\the [tool]切断了[target]的[affected.display_name]。,translated,
0512a854,modules/surgery/amputation.dm,42,visible_message,"[user]'s hand slips, sawing through the bone in [target]'s [affected.display_name] with \the [tool]!",[user]的手滑了一下，用[tool]锯穿了[target]的[affected.display_name]里的骨头！,translated,
70a8128f,modules/surgery/bones.dm,28,visible_message,[user] starts applying medication to the damaged bones in [target]'s [affected.display_name] with \the [tool].,[user]开始使用\the [tool]为[target]的[affected.display_name]中受损的骨骼用药。,translated,
475c99d0,modules/surgery/bones.dm,60,visible_message,[user] is beginning to piece together [target]'s skull with \the [tool].,[user] 正开始用 \the [tool] 拼接 [target] 的头骨。,translated,
f338a0cf,modules/surgery/bones.dm,71,visible_message,[user] sets [target]'s skull with \the [tool].,[user]用\the [tool]固定了[target]的颅骨。,translated,
ab6317ad,modules/surgery/bones.dm,74,visible_message,[user] sets the bone in [target]'s [affected.display_name] in place with \the [tool].,[user] 用 \the [tool] 将 [target] 的 [affected.display_name] 处的骨头复位。,translated,
151672ba,modules/surgery/bones.dm,85,visible_message,"[user]'s hand slips, damaging [target]'s face with \the [tool]!",[user]的手滑了，用[tool]伤到了[target]的脸！,translated,
e8915d73,modules/surgery/bones.dm,93,visible_message,"[user]'s hand slips, damaging the bone in [target]'s [affected.display_name] with \the [tool]!",[user]的手滑了一下，用[tool]损伤了[target]的[affected.display_name]骨骼！,translated,
6d91ce97,modules/surgery/brainrepair.dm,47,visible_message,"[user]'s hand slips, jabbing \the [tool] in [target]'s brain!",[user]的手滑了一下，把 \the [tool] 戳进了[target]的大脑里！,translated,
5e735f52,modules/surgery/brainrepair.dm,66,visible_message,[user] starts mending hematoma in [target]'s brain with \the [tool].,[user]开始用\the [tool]治疗[target]脑部的血肿。,translated,
8be7def9,modules/surgery/brainrepair.dm,81,visible_message,"[user]'s hand slips, bruising [target]'s brain with \the [tool]!",[user]的手滑了一下，用\the [tool]挫伤了[target]的大脑！,translated,
7c223e8d,modules/surgery/encased.dm,28,visible_message,[user] begins to cut through [target]'s [affected.encased] with \the [tool].,[user]开始用[tool]切开[target]的[affected.encased]。,translated,
b2d94d74,modules/surgery/encased.dm,35,visible_message,[user] has cut [target]'s [affected.encased] open with \the [tool].,[user] 已用 \the [tool] 切开了 [target] 的 [affected.encased]。,translated,
fb5bf32c,modules/surgery/encased.dm,42,visible_message,"[user]'s hand slips, cracking [target]'s [affected.encased] with \the [tool]!",[user]的手滑了一下，用[tool]敲裂了[target]的[affected.encased]！,translated,
28b9ab39,modules/surgery/encased.dm,62,visible_message,[user] starts to force open the [affected.encased] in [target]'s [affected.display_name] with \the [tool].,[user]开始用\the [tool]强行打开[target]的[affected.display_name]中的[affected.encased]。,translated,
42b93877,modules/surgery/encased.dm,69,visible_message,[user] forces open [target]'s [affected.encased] with \the [tool].,[user] 用 \the [tool] 强行撬开了 [target] 的 [affected.encased]。,translated,
ee88248d,modules/surgery/encased.dm,101,visible_message,[user] starts bending [target]'s [affected.encased] back into place with \the [tool].,[user]开始用[tool]将[target]的[affected.encased]弯曲回原位。,translated,
1c77ad97,modules/surgery/encased.dm,108,visible_message,[user] bends [target]'s [affected.encased] back into place with \the [tool].,[user]用\the [tool]将[target]的[affected.encased]扳回原位。,translated,
2c1de097,modules/surgery/encased.dm,134,visible_message,[user] starts applying \the [tool] to [target]'s [affected.encased].,[user]开始将\the [tool]应用于[target]的[affected.encased]。,translated,
7cabdc96,modules/surgery/encased.dm,176,visible_message,[user] starts cutting away at [target]'s [affected.display_name] with \the [tool].,[user]开始用\the [tool]切除[target]的[affected.display_name]。,translated,
5c664ceb,modules/surgery/eye.dm,36,visible_message,[user] starts to separate the cornea on [target]'s eyes with \the [tool].,[user]开始用[tool]分离[target]眼睛上的角膜。,translated,
23434f1b,modules/surgery/eye.dm,52,visible_message,"[user]'s hand slips, slicing [target]'s eyes with \the [tool]!",[user]的手一滑，用\the [tool]划伤了[target]的眼睛！,translated,
9f0b0c90,modules/surgery/eye.dm,72,visible_message,[user] starts lifting the cornea from [target]'s eyes with \the [tool].,[user]开始用\the [tool]从[target]的眼睛上剥离角膜。,translated,
8191bdc5,modules/surgery/eye.dm,87,visible_message,"[user]'s hand slips, damaging [target]'s eyes with \the [tool]!",[user]的手滑了一下，用\the [tool]伤到了[target]的眼睛！,translated,
073ff698,modules/surgery/eye.dm,105,visible_message,[user] starts mending the nerves and lenses in [target]'s eyes with \the [tool].,[user]开始用\the [tool]修复[target]眼睛的神经和晶状体。,translated,
5acfeb30,modules/surgery/eye.dm,120,visible_message,"[user]'s hand slips, stabbing \the [tool] into [target]'s eye!",[user]的手一滑，将 \the [tool] 刺进了[target]的眼睛里！,translated,
81c15b25,modules/surgery/eye.dm,140,visible_message,[user] is beginning to cauterize the incision around [target]'s eyes with \the [tool].,[user]正开始用\the [tool]灼烧[target]眼睛周围的切口。,translated,
a7063e4a,modules/surgery/eye.dm,158,visible_message,"[user]'s hand slips, searing [target]'s eyes with \the [tool]!",[user]的手滑了一下，用[tool]灼伤了[target]的眼睛！,translated,
db3f1f95,modules/surgery/face.dm,33,visible_message,[user] starts to cut open [target]'s face and neck with \the [tool].,[user]开始用\the [tool]切开[target]的脸和脖子。,translated,
a9df1bbb,modules/surgery/face.dm,39,visible_message,[user] has cut open [target]'s face and neck with \the [tool].,[user] 用 \the [tool] 割开了 [target] 的脸和脖子。,translated,
bd6929d6,modules/surgery/face.dm,46,visible_message,"[user]'s hand slips, slicing [target]'s throat wth \the [tool]!",[user]的手一滑，用[tool]割开了[target]的喉咙！,translated,
d658e6ac,modules/surgery/face.dm,67,visible_message,[user] starts mending [target]'s vocal cords with \the [tool].,[user]开始用\the [tool]修复[target]的声带。,translated,
e41e58e5,modules/surgery/face.dm,73,visible_message,[user] mends [target]'s vocal cords with \the [tool].,[user]用\the [tool]修复了[target]的声带。,translated,
8814d13a,modules/surgery/face.dm,80,visible_message,"[user]'s hand slips, clamping [target]'s trachea shut for a moment with \the [tool]!",[user]的手滑了一下，用[tool]夹住了[target]的气管片刻！,translated,
fb99c8ec,modules/surgery/face.dm,99,visible_message,[user] starts pulling the skin on [target]'s face back in place with \the [tool].,[user]开始用\the [tool]将[target]脸上的皮肤拉回原位。,translated,
2069a162,modules/surgery/face.dm,112,visible_message,"[user]'s hand slips, tearing skin on [target]'s face with \the [tool]!",[user]的手一滑，用[tool]撕破了[target]脸上的皮肤！,translated,
858620f1,modules/surgery/face.dm,148,visible_message,"[user]'s hand slips, leaving a small burn on [target]'s face with \the [tool]!",[user]的手滑了一下，用\the [tool]在[target]脸上留下了一小块灼伤！,translated,
47c461a8,modules/surgery/generic.dm,35,visible_message,[user] starts to construct a prepared incision on and within [target]'s [affected.display_name] with \the [tool].,[user]开始用[tool]在[target]的[affected.display_name]上及内部构建预备切口。,translated,
f7552956,modules/surgery/generic.dm,57,visible_message,"[user]'s hand jolts as the system sparks, ripping a gruesome hole in [target]'s [affected.display_name] with \the [tool]!",[user]的手猛地一震，系统迸出火花，用[tool]在[target]的[affected.display_name]上撕开了一个可怕的窟窿！,translated,
ef11ff1f,modules/surgery/generic.dm,79,visible_message,[user] starts the bloodless incision on [target]'s [affected.display_name] with \the [tool].,[user]开始用\tool [tool]在[target]的[affected.display_name]上做无血切口。,translated,
a3357f27,modules/surgery/generic.dm,102,visible_message,"[user]'s hand slips as the blade sputters, searing a long gash in [target]'s [affected.display_name] with \the [tool]!",[user]的手一滑，刀刃噼啪作响，用\the [tool]在[target]的[affected.display_name]上划出了一道长长的灼伤！,translated,
83e98b69,modules/surgery/generic.dm,126,visible_message,[user] starts the incision on [target]'s [affected.display_name] with \the [tool].,[user]开始用\the [tool]在[target]的[affected.display_name]上做切口。,translated,
2e559798,modules/surgery/generic.dm,146,visible_message,"[user]'s hand slips, slicing open [target]'s [affected.display_name] in the wrong place with \the [tool]!",[user]的手滑了一下，用\the [tool]在错误的位置划开了[target]的[affected.display_name]！,translated,
b087458d,modules/surgery/generic.dm,171,visible_message,[user] starts clamping bleeders in [target]'s [affected.display_name] with \the [tool].,[user]开始用\the [tool]夹住[target]的[affected.display_name]中的出血点。,translated,
99ee7e7d,modules/surgery/generic.dm,178,visible_message,[user] clamps bleeders in [target]'s [affected.display_name] with \the [tool].,[user]用\the [tool]夹住了[target]的[affected.display_name]上的出血点。,translated,
e563b986,modules/surgery/generic.dm,186,visible_message,"[user]'s hand slips, tearing blood vessals and causing massive bleeding in [target]'s [affected.display_name] with \the [tool]!",[user]的手滑了一下，用[tool]撕裂了[target]的[affected.display_name]中的血管，造成了大量出血！,translated,
40d2ff30,modules/surgery/generic.dm,207,visible_message,[user] starts to pry open the incision and rearrange the organs in [target]'s lower abdomen with \the [tool].,[user]开始用\the [tool]撬开切口，重新排列[target]下腹部的器官。,translated,
f0758d53,modules/surgery/generic.dm,210,visible_message,[user] starts to pry open the incision on [target]'s [affected.display_name] with \the [tool].,[user]开始用\the [tool]撬开[target]的[affected.display_name]上的切口。,translated,
d6f80175,modules/surgery/generic.dm,232,visible_message,"[user]'s hand slips, damaging several organs in [target]'s torso with \the [tool]!",[user]的手滑了一下，用\the [tool]损伤了[target]躯干内的数个器官！,translated,
94269493,modules/surgery/generic.dm,235,visible_message,"[user]'s hand slips, damaging several organs in [target]'s lower abdomen with \the [tool]!",[user]的手滑了一下，用\the [tool]损伤了[target]下腹部的多个器官！,translated,
094d371f,modules/surgery/generic.dm,238,visible_message,"[user]'s hand slips, tearing the edges of the incision on [target]'s [affected.display_name] with \the [tool]!",[user]的手滑了一下，用[tool]撕裂了[target]的[affected.display_name]切口边缘！,translated,
e515cb77,modules/surgery/generic.dm,264,visible_message,[user] is beginning to cauterize the incision on [target]'s [affected.display_name] with \the [tool].,[user] 正开始用 \the [tool] 烧灼 [target] 的 [affected.display_name] 上的切口。,translated,
318ffba3,modules/surgery/generic.dm,271,visible_message,[user] cauterizes the incision on [target]'s [affected.display_name] with \the [tool].,[user]用\the [tool]烧灼了[target]的[affected.display_name]上的切口。,translated,
640f9de6,modules/surgery/generic.dm,280,visible_message,"[user]'s hand slips, leaving a small burn on [target]'s [affected.display_name] with \the [tool]!",[user]的手滑了一下，用[tool]在[target]的[affected.display_name]上留下了一个小灼伤！,translated,
aa59e8f5,modules/surgery/generic.dm,325,visible_message,"[user]'s hand slips, tearing through [target]'s skin with \the [tool]!",[user]的手一滑，用[tool]撕开了[target]的皮肤！,translated,
b3451137,modules/surgery/headreattach.dm,33,visible_message,[user] starts peeling back tattered flesh where [target]'s head used to be with \the [tool].,[user]开始用\the [tool]剥开[target]原本是头部位置的破烂皮肉。,translated,
81757780,modules/surgery/headreattach.dm,67,visible_message,[user] is beginning to reshape [target]'s esophagal and vocal region with \the [tool].,[user] 正开始用 \the [tool] 重塑 [target] 的食道和发声区域。,translated,
73809019,modules/surgery/headreattach.dm,100,visible_message,[user] is stapling and suturing flesh into place in [target]'s esophagal and vocal region with \the [tool].,[user]正在用\the [tool]将皮肉钉合缝合到[target]的食管和发声区域。,translated,
0f377f5b,modules/surgery/headreattach.dm,134,visible_message,[user] starts adjusting area around [target]'s neck with \the [tool].,[user]开始用\the [tool]调整[target]颈部的区域。,translated,
25b039ad,modules/surgery/headreattach.dm,140,visible_message,[user] has finished adjusting the area around [target]'s neck with \the [tool].,[user] 已经用 \the [tool] 完成了对 [target] 颈部区域的调整。,translated,
f0b8e405,modules/surgery/implant.dm,23,visible_message,[user] starts poking around inside the incision on [target]'s [affected.display_name] with \the [tool].,[user] 开始用 \the [tool] 在 [target] 的 [affected.display_name] 切口内探查。,translated,
49f4afc4,modules/surgery/implant.dm,53,visible_message,"[user]'s hand slips, scraping tissue inside [target]'s [affected.display_name] with \the [tool]!",[user]的手滑了一下，用[tool]刮伤了[target]的[affected.display_name]内部组织！,translated,
37076741,modules/surgery/internal_bleeding.dm,25,visible_message,[user] starts patching the damaged vein in [target]'s [affected.display_name] with \the [tool].,[user]开始用\the [tool]修补[target]的[affected.display_name]中受损的血管。,translated,
c667e30f,modules/surgery/necrosis.dm,33,visible_message,[user] starts cutting away necrotic tissue in [target]'s [affected.display_name] with \the [tool].,[user]开始用\the [tool]切除[target]的[affected.display_name]中的坏死组织。,translated,
afe7a315,modules/surgery/necrosis.dm,49,visible_message,"[user]'s hand slips, slicing an artery inside [target]'s [affected.display_name] with \the [tool]!",[user]的手滑了一下，用[tool]割开了[target]的[affected.display_name]内的动脉！,translated,
1c820941,modules/surgery/necrosis.dm,88,visible_message,"[user]'s hand slips, applying \the [tool] to the wrong place in [target]'s [affected.display_name]!",[user]的手滑了一下，把 \the [tool] 用在了[target]的[affected.display_name]错误位置！,translated,
2fd78143,modules/surgery/organs_internal.dm,36,visible_message,[user] starts to pull something out from [target]'s ribcage with \the [tool].,[user]开始用\the [tool]从[target]的胸腔里往外拽什么东西。,translated,
fa0b5326,modules/surgery/organs_internal.dm,107,visible_message,"[user]'s hand slips, getting messy and tearing the inside of [target]'s [affected.display_name] with \the [tool]!",[user]的手滑了一下，弄得一团糟，用[tool]撕裂了[target]的[affected.display_name]内部！,translated,
19a7e4ac,modules/surgery/organs_internal.dm,162,visible_message,"[user]'s hand slips, gumming up the mechanisms inside of [target]'s [affected.display_name] with \the [tool]!",[user]的手滑了一下，用[tool]把[target]的[affected.display_name]里面的机械结构给糊住了！,translated,
8fecdc15,modules/surgery/robolimbs.dm,35,visible_message,[user] starts cutting away flesh where [target]'s [affected.display_name] used to be with \the [tool].,[user]开始用\the [tool]切除[target]原本[affected.display_name]所在位置的皮肉。,translated,
a6cd04ed,modules/surgery/robolimbs.dm,41,visible_message,[user] cuts away flesh where [target]'s [affected.display_name] used to be with \the [tool].,[user]用\the [tool]切除了[target]原本[affected.display_name]所在位置的皮肉。,translated,
f615796c,modules/surgery/robolimbs.dm,104,visible_message,[user] starts adjusting the area around [target]'s [affected.display_name] with \the [tool].,[user]开始用[tool]调整[target]的[affected.display_name]周围区域。,translated,
8de472c5,modules/surgery/robolimbs.dm,110,visible_message,[user] has finished adjusting the area around [target]'s [affected.display_name] with \the [tool].,[user] 已经用 \the [tool] 完成了对 [target] 的 [affected.display_name] 周围区域的调整。,translated,
6a84178c,modules/transport/tram/tram_controller.dm,875,balloon_alert,"controls [cover_locked ? ""locked"" : ""unlocked""]","控制面板[cover_locked ? ""已锁定"" : ""已解锁""]",translated,
d000f10a,modules/transport/tram/tram_controller.dm,904,balloon_alert,"[machine_stat & PANEL_OPEN ? ""mounting bolts exposed"" : ""mounting bolts hidden""]","[machine_stat & PANEL_OPEN ? ""安装螺栓已暴露"" : ""安装螺栓已隐藏""]",translated,
4bf4f02c,modules/transport/tram/tram_displays.dm,65,balloon_alert,"[anchored ? ""un"" : """"]securing...","[anchored ? ""解除"" : """"]固定中...",translated,
2061bfae,modules/transport/tram/tram_displays.dm,69,balloon_alert,"[anchored ? ""un"" : """"]secured","[anchored ? ""未"" : """"]固定",translated,
620790e1,modules/transport/tram/tram_remote.dm,45,balloon_alert,"mode: [options ? ""fast"" : ""safe""]","模式：[options ? ""fast"" : ""safe""]",translated,
279d815f,modules/transport/tram/tram_structures.dm,460,to_chat,"You begin to weld \the [src], [locked ? ""repairing damage"" : ""preventing retraction""].","你开始焊接\the [src]，[locked ? ""修复损伤"" : ""防止收回""]。",translated,
750e6cef,modules/transport/tram/tram_structures.dm,464,visible_message,"[user] [locked ? ""welds \the [src] in place"" : ""repairs \the [src]""] with [tool].","[user]用[tool][locked ? ""将\the [src]焊接到位"" : ""修复了\the [src]""]。",translated,
92f1598c,modules/vehicles/armored/__armored.dm,692,balloon_alert,"equipment [weapons_safety ? ""safe"" : ""ready""]","装备 [weapons_safety ? ""safe"" : ""ready""]",translated,
4b261acd,modules/vehicles/armored/ammo_magazine.dm,69,name,Bushwhacker Autocannon APDS Box (30mm),灌木丛猎手机炮穿甲弹盒（30毫米）,translated,
1a28760a,modules/vehicles/armored/ammo_magazine.dm,79,name,Bushwhacker Autocannon High Explosive Box (30mm),灌木丛猎手自动炮高爆弹箱（30毫米）,translated,
74c8413c,modules/vehicles/armored/ammo_magazine.dm,183,name,EM-2600 'SARDEN' APDS Clip (30mm),EM-2600'萨登'穿甲脱壳弹夹（30毫米）,translated,
ca09208e,modules/vehicles/armored/ammo_magazine.dm,191,name,EM-2600 'SARDEN' High Explosive Clip (30mm),EM-2600'萨登'高爆弹匣（30毫米）,translated,
6786fb23,modules/vehicles/armored/armored_actions.dm,123,to_chat,"<font color='[chassis.zoom_mode?""blue"":""red""]'>Zoom mode [chassis.zoom_mode?""en"":""dis""]abled.</font>","<font color='[chassis.zoom_mode?""blue"":""red""]'>缩放模式[chassis.zoom_mode?""已启"":""已禁""]用。</font>",translated,
c9fab104,modules/vehicles/armored/armored_actions.dm,105,balloon_alert,"toggled lights [chassis.armored_flags & ARMORED_LIGHTS_ON ? ""on"":""off""]","已切换灯光 [chassis.armored_flags & ARMORED_LIGHTS_ON ? ""on"":""off""]",translated,
50aef4a2,modules/vehicles/armored/armored_actions.dm,172,balloon_alert,"Strafing mode [strafe?""on"":""off""].","扫射模式 [strafe?""开启"":""关闭""]。",translated,
2912082c,modules/vehicles/armored/armored_weapons.dm,364,desc,A Bushwhacker 30mm Autocannon for vehicular use.,"一门用于载具的""伏击者""30毫米自动炮。",translated,
f7aa97ff,modules/vehicles/armored/icc_armored_weapons.dm,4,desc,"A 30mm Autocannon for the LVRT 'Fallow'. A surprisingly powerful autocannon. Sadly, beltfeeding system was lost in the slew of budget cuts related to the system. It is loaded with 4 round clips.",LVRT'休耕地'的30毫米自动炮。一门威力惊人的自动炮。遗憾的是，由于该系统相关的预算削减浪潮，其弹链供弹系统已不复存在。它使用4发弹夹供弹。,translated,
4989f534,modules/vehicles/cargo_train.dm,24,desc,"A keyring with a small steel key, and a yellow fob reading \""Choo Choo!\"".",一把钥匙环，上面挂着一把小钢钥匙和一个黄色钥匙扣，上面写着'Choo Choo!'。,translated,
8b5bc5dc,modules/vehicles/mecha/_mecha.dm,407,balloon_alert,"equipment [weapons_safety ? ""safe"" : ""ready""]","装备 [weapons_safety ? ""safe"" : ""ready""]",translated,
c46f1d45,modules/vehicles/mecha/_mecha.dm,593,balloon_alert,not while [phasing]!,现在不行，[phasing]！,translated,
9abeeb47,modules/vehicles/mecha/combat/marauder.dm,61,to_chat,"[icon2html(chassis, owner)]<font color='[chassis.zoom_mode?""blue"":""red""]'>Zoom mode [chassis.zoom_mode?""en"":""dis""]abled.</font>","[icon2html(chassis, owner)]<font color='[chassis.zoom_mode?""blue"":""red""]'>缩放模式[chassis.zoom_mode?""已启"":""已禁""]用。</font>",translated,
602961af,modules/vehicles/mecha/combat/marauder.dm,92,desc,"Heavy-duty, combat exosuit, developed off of the existing Marauder model.",重型战斗外骨骼，基于现有'掠夺者'型号开发。,translated,
7f96a48c,modules/vehicles/mecha/combat/phazon.dm,59,balloon_alert,"[chassis.phasing ? ""enabled"" : ""disabled""] phasing","[chassis.phasing ? ""enabled"" : ""disabled""] 相位移动",translated,
b23cb3cf,modules/vehicles/mecha/combat/savannah_ivanov.dm,16,name,\improper Savannah-Ivanov,\improper 萨凡纳-伊万诺夫,translated,
060e4f8f,modules/vehicles/mecha/equipment/mecha_equipment.dm,44,to_chat,"[icon2html(src, chassis.occupants)][span_danger(""[src] is destroyed!"")]","[icon2html(src, chassis.occupants)][span_danger(""[src] 被摧毁了！"")]",translated,
bac992e6,modules/vehicles/mecha/equipment/tools/mining_tools.dm,82,to_chat,"[icon2html(src, user)][span_danger(""[src] is too durable to drill through."")]","[icon2html(src, user)][span_danger(""[src] 过于坚固，无法钻穿。"")]",translated,
8e83c348,modules/vehicles/mecha/equipment/tools/other_tools.dm,160,to_chat,"[icon2html(src, usr)][span_warning(""Power generation enabled."")]","[icon2html(src, usr)][span_warning(""电力生成已启用。"")]",translated,
633fa043,modules/vehicles/mecha/equipment/tools/other_tools.dm,164,to_chat,"[icon2html(src, usr)][span_warning(""Power generation disabled."")]","[icon2html(src, usr)][span_warning(""电力生成已禁用。"")]",translated,
a4a0eb94,modules/vehicles/mecha/equipment/tools/other_tools.dm,182,to_chat,"[icon2html(src, user)][span_notice(""[units] unit\s of [fuel] successfully loaded."")]","[icon2html(src, user)][span_notice(""成功装载 [units] 单位 [fuel]。"")]",translated,
8e8f99e1,modules/vehicles/mecha/equipment/tools/other_tools.dm,185,to_chat,"[icon2html(src, user)][span_notice(""Unit is full."")]","[icon2html(src, user)][span_notice(""单位已满。"")]",translated,
96702b1a,modules/vehicles/mecha/equipment/tools/other_tools.dm,188,to_chat,"[icon2html(src, user)][span_warning(""[fuel] traces in target minimal! [P] cannot be used as fuel."")]","[icon2html(src, user)][span_warning(""目标中[fuel]含量极低！[P]无法用作燃料。"")]",translated,
3a22c832,modules/vehicles/mecha/equipment/tools/other_tools.dm,198,to_chat,"[icon2html(src, chassis.occupants)][span_notice(""Fuel reserves depleted."")]","[icon2html(src, chassis.occupants)][span_notice(""燃料储备耗尽。"")]",translated,
4e737f37,modules/vehicles/mecha/equipment/tools/other_tools.dm,203,to_chat,"[icon2html(src, chassis.occupants)][span_notice(""No power cell detected."")]","[icon2html(src, chassis.occupants)][span_notice(""未检测到电源。"")]",translated,
f0c643ca,modules/vehicles/mecha/equipment/tools/work_tools.dm,54,to_chat,"[icon2html(src, source)][span_warning(""[target] is firmly secured!"")]","[icon2html(src, source)][span_warning(""[target] 被牢牢固定住了！"")]",translated,
d72836e0,modules/vehicles/mecha/equipment/tools/work_tools.dm,57,to_chat,"[icon2html(src, source)][span_warning(""Not enough room in cargo compartment!"")]","[icon2html(src, source)][span_warning(""货舱空间不足！"")]",translated,
38f93bc9,modules/vehicles/mecha/equipment/tools/work_tools.dm,70,to_chat,"[icon2html(src, source)][span_notice(""[target] successfully loaded."")]","[icon2html(src, source)][span_notice(""[target] 成功装填。"")]",translated,
b14924de,modules/vehicles/mecha/equipment/tools/work_tools.dm,85,to_chat,"[icon2html(src, source)][span_notice(""You push [target] out of the way."")]","[icon2html(src, source)][span_notice(""你将 [target] 推到了一边。"")]",translated,
79e7870e,modules/vehicles/mecha/equipment/weapons/greyscale_weapons.dm,520,to_chat,"[icon2html(src, chassis.occupants)][span_warning(""Unable to dash while in zoom mode!"")]","[icon2html(src, chassis.occupants)][span_warning(""缩放模式下无法冲刺！"")]",translated,
5b237c4c,modules/vehicles/mecha/equipment/weapons/greyscale_weapons.dm,523,to_chat,"[icon2html(src, chassis.occupants)][span_warning(""Already in use!"")]","[icon2html(src, chassis.occupants)][span_warning(""已被占用！"")]",translated,
19793126,modules/vehicles/mecha/equipment/weapons/greyscale_weapons.dm,299,desc,"Nothing says \""Go to hell\"" like a tank cannon mounted on a war robot. Packs a big punch despite needing a reload after each shot.",没有什么比装在战争机器人上的坦克炮更能表达'下地狱去吧'的意思了。尽管每发之后都需要重新装填，但威力巨大。,translated,
b32072f9,modules/vehicles/mecha/equipment/weapons/mecha_ammo.dm,111,desc,"A box of large rocket-assisted rifle bullets. it has \""DO NOT USE AS FIRECRACKERS\"" written on the side.",一盒大型火箭助推步枪子弹。侧面写着'请勿用作鞭炮'。,translated,
57b798ab,modules/vehicles/mecha/equipment/weapons/mecha_ammo.dm,118,desc,"A box of large rocket-assisted burstrifle bullets. it has \""DO NOT USE AS FIRECRACKERS\"" written on the side.",一盒大型火箭助推连发步枪弹道弹药。侧面写着'请勿用作鞭炮'。,translated,
e6f886d3,modules/vehicles/mecha/equipment/weapons/weapons.dm,387,name,"\improper FNX-99 \""Hades\"" Carbine",\improper FNX-99'冥府'卡宾枪,translated,
fd4464a1,modules/vehicles/mecha/equipment/weapons/weapons.dm,399,name,"\improper LBX AC 10 \""Scattershot\""",\improper LBX AC 10 '散射弹',translated,
8d642cd3,modules/vehicles/mecha/mecha_actions.dm,48,balloon_alert,"taking air from [chassis.use_internal_tank ? ""internal airtank"" : ""environment""]","从[chassis.use_internal_tank ? ""内部气罐"" : ""环境""]中获取空气",translated,
d3a77dcb,modules/vehicles/mecha/mecha_actions.dm,69,balloon_alert,"toggled lights [chassis.mecha_flags & LIGHTS_ON ? ""on"":""off""]","已切换灯光 [chassis.mecha_flags & LIGHTS_ON ? ""on"":""off""]",translated,
f33e5e43,modules/vehicles/mecha/mecha_actions.dm,115,balloon_alert,"Strafing mode [strafe?""on"":""off""].","扫射模式 [strafe?""开启"":""关闭""]。",translated,
15eb93ea,modules/vehicles/mecha/mecha_damage.dm,85,to_chat,"[icon2html(src, occupants)][span_boldnotice(""Life support system reactivated."")]","[icon2html(src, occupants)][span_boldnotice(""生命维持系统已重新激活。"")]",translated,
7af18ab3,modules/vehicles/mecha/mecha_damage.dm,87,to_chat,"[icon2html(src, occupants)][span_boldnotice(""Internal fire extinguished."")]","[icon2html(src, occupants)][span_boldnotice(""内部火灾已扑灭。"")]",translated,
5f3a2785,modules/vehicles/mecha/mecha_damage.dm,89,to_chat,"[icon2html(src, occupants)][span_boldnotice(""Damaged internal tank has been sealed."")]","[icon2html(src, occupants)][span_boldnotice(""受损的内部储罐已被密封。"")]",translated,
2e7c4229,modules/vehicles/mecha/mecha_defense.dm,36,to_chat,"[icon2html(src, occupants)][span_danger(""[gear] is critically damaged!"")]","[icon2html(src, occupants)][span_danger(""[gear] 严重受损！"")]",translated,
b6b1875b,modules/vehicles/mecha/mecha_defense.dm,49,to_chat,"[icon2html(src, occupants)][span_userdanger(""Taking damage!"")]","[icon2html(src, occupants)][span_userdanger(""正在受到伤害！"")]",translated,
83451baf,modules/vehicles/mecha/mecha_defense.dm,360,to_chat,"You add [amount_filled] [reload_box.ammo_type][amount_filled > 1?""s"":""""] to the [gun.name]","你将[amount_filled]发[reload_box.ammo_type][amount_filled > 1?""s"":""""]装填进[gun.name]",translated,
92920e50,modules/vehicles/mecha/mecha_defense.dm,265,visible_message,"[user] [hit_verb][plural_s(hit_verb)] [src] with [attacking_item][damage_taken ? ""."" : "", without leaving a mark!""]","[user]用[attacking_item][hit_verb][plural_s(hit_verb)]了[src][damage_taken ? ""。"" : ""，但没留下任何痕迹！""]",translated,
8e21a547,modules/vehicles/mecha/mecha_movement.dm,20,to_chat,"[icon2html(src, occupants)][span_warning(""Air port connection has been severed!"")]","[icon2html(src, occupants)][span_warning(""气闸连接已中断！"")]",translated,
faa9b785,modules/vehicles/mecha/mecha_movement.dm,47,to_chat,"[icon2html(src, occupants)][span_warning(""Unable to move while connected to the air system port!"")]","[icon2html(src, occupants)][span_warning(""连接到空气系统端口时无法移动！"")]",translated,
17adcb4d,modules/vehicles/mecha/mecha_movement.dm,52,to_chat,"[icon2html(src, occupants)][span_danger(""Maintenance protocols in effect."")]","[icon2html(src, occupants)][span_danger(""维护协议生效中。"")]",translated,
45f77bc9,modules/vehicles/mecha/mecha_movement.dm,58,to_chat,"[icon2html(src, occupants)][span_warning(""Unable to move while in zoom mode!"")]","[icon2html(src, occupants)][span_warning(""缩放模式下无法移动！"")]",translated,
8ac23839,modules/vehicles/mecha/mecha_movement.dm,63,to_chat,"[icon2html(src, occupants)][span_warning(""Missing power cell."")]","[icon2html(src, occupants)][span_warning(""缺少电源。"")]",translated,
41720d38,modules/vehicles/mecha/mecha_movement.dm,68,to_chat,"[icon2html(src, occupants)][span_warning(""Missing [scanmod? ""capacitor"" : ""scanning module""]."")]","[icon2html(src, occupants)][span_warning(""缺少[scanmod? ""电容器"" : ""扫描模块""]。"")]",translated,
4c2872a5,modules/vehicles/mecha/mecha_movement.dm,73,to_chat,"[icon2html(src, occupants)][span_warning(""Insufficient power to move!"")]","[icon2html(src, occupants)][span_warning(""电力不足，无法移动！"")]",translated,
84223051,modules/vehicles/mecha/mecha_movement.dm,124,to_chat,"[icon2html(src, occupants)][span_warning(""A dull, universal force is preventing you from [phasing] here!"")]","[icon2html(src, occupants)][span_warning(""一股沉闷的、无处不在的力量阻止你在此处[phasing]！"")]",translated,
1a13e311,modules/vehicles/mecha/mecha_parts.dm,180,name,\improper Clarke chassis,\improper 克拉克底盘,translated,
acbbfe93,modules/vehicles/mecha/mecha_parts.dm,193,name,\improper Clarke left arm,\improper 克拉克左臂,translated,
04d6acf2,modules/vehicles/mecha/mecha_parts.dm,198,name,\improper Clarke right arm,\improper 克拉克右臂,translated,
1c490153,modules/vehicles/mecha/mecha_parts.dm,133,desc,A set of armor plates designed for the Gygax. Designed to effectively deflect damage with a lightweight construction.,一套专为吉格斯机甲设计的装甲板。采用轻量化结构，旨在有效偏转伤害。,translated,
74343088,modules/vehicles/mecha/mecha_ui.dm,248,to_chat,"[icon2html(src, occupants)][span_notice(""You can't create a DNA lock with no DNA!."")]","[icon2html(src, occupants)][span_notice(""没有DNA无法创建DNA锁！"")]",translated,
96e68c5a,modules/vehicles/mecha/mecha_ui.dm,251,to_chat,"[icon2html(src, occupants)][span_notice(""You feel a prick as the needle takes your DNA sample."")]","[icon2html(src, occupants)][span_notice(""你感到一阵刺痛，针头采集了你的DNA样本。"")]",translated,
e629b865,modules/vehicles/mecha/mecha_ui.dm,266,to_chat,"[icon2html(src, occupants)][span_notice(""Disconnected from the air system port."")]","[icon2html(src, occupants)][span_notice(""已从空气系统端口断开连接。"")]",translated,
420758c3,modules/vehicles/mecha/mecha_ui.dm,269,to_chat,"[icon2html(src, occupants)][span_warning(""Unable to disconnect from the air system port!"")]","[icon2html(src, occupants)][span_warning(""无法从空气系统端口断开连接！"")]",translated,
d3a7697a,modules/vehicles/mecha/mecha_ui.dm,273,to_chat,"[icon2html(src, occupants)][span_notice(""Connected to the air system port."")]","[icon2html(src, occupants)][span_notice(""已连接到空气系统端口。"")]",translated,
f7021ec3,modules/vehicles/mecha/mecha_ui.dm,276,to_chat,"[icon2html(src, occupants)][span_warning(""Unable to connect with air system port!"")]","[icon2html(src, occupants)][span_warning(""无法连接到空气系统端口！"")]",translated,
19fc7a50,modules/vehicles/mecha/mecha_ui.dm,279,to_chat,"[icon2html(src, occupants)][span_danger(""Maintenance protocols in effect"")]","[icon2html(src, occupants)][span_danger(""维护协议生效中"")]",translated,
d9dde0fd,modules/vehicles/mecha/mecha_ui.dm,261,balloon_alert,"taking air from [use_internal_tank ? ""internal airtank"" : ""environment""]","从[use_internal_tank ? ""internal airtank"" : ""environment""]获取空气",translated,
216e28e5,modules/vehicles/mecha/working/ripley.dm,191,to_chat,"[icon2html(src,  miner.occupants)][span_notice(""You unload [crate]."")]","[icon2html(src,  miner.occupants)][span_notice(""你卸下了[crate]。"")]",translated,
958c4418,modules/vehicles/mecha/working/ripley.dm,3,name,"\improper APLU MK-I \""Ripley\""","\improper APLU MK-I \""雷普利\""",translated,
0d18f36e,modules/vehicles/mecha/working/ripley.dm,61,name,"\improper APLU MK-II \""Ripley\""",\improper APLU MK-II'雷普利',translated,
178d8a9e,modules/vehicles/mecha/working/ripley.dm,117,name,"\improper APLU \""Miner\""","\improper APLU \""矿工\""",translated,
d3f941ab,modules/vehicles/mecha/working/ripley.dm,138,name,"\improper APLU \""Big Bess\""","\improper APLU \""大贝丝\""",translated,
20080fd0,modules/vehicles/unmanned/unmanned_droid.dm,172,to_chat,"[icon2html(src, user)][span_notice(""[target] contains a living organism, cannot load."")]","[icon2html(src, user)][span_notice(""[target] 含有活体生物，无法装载。"")]",translated,
91d48b44,modules/vehicles/unmanned/unmanned_droid.dm,180,to_chat,"[icon2html(src, user)][span_notice(""[target] successfully loaded."")]","[icon2html(src, user)][span_notice(""[target] 装填成功。"")]",translated,
16583c6c,modules/vehicles/vehicle_attachments/weapon_attachments.dm,95,desc,"A pair of triple barreled 'light' gatling guns designed to be mounted in light vehicles such as SOM hover bikes. A smaller calibre round is used for optimal internal magazine capacity, but makes up for this with a ferocious rate of fire.",一套为轻型载具（如火星之子悬浮摩托）设计的三管'轻型'加特林机枪。采用较小口径弹药以优化内置弹匣容量，但以凶猛的射速弥补了这一不足。,translated,
87aed58e,modules/vehicles/vehicle_attachments/weapon_attachments.dm,137,desc,"A pair of triple barreled 'light' gatling guns designed to be mounted in light vehicles such as the SOM hover bikes. A smaller calibre round is used for optimal internal magazine capacity, but makes up for this with a ferocious rate of fire.",[相关术语：Fire=火焰、Magazine=弹匣]一套三联装'轻型'加特林机炮，专为安装在火星之子悬浮摩托等轻型载具上而设计。采用较小口径弹药以优化内置弹匣容量，但以凶猛的射速弥补了这一不足。,translated,
adc7be0a,modules/xenomorph/_xeno_structure.dm,107,balloon_alert,\The [xeno_attacker] tears down \the [src]!,\The [xeno_attacker] 撕毁了 \the [src]！,translated,
48d7def3,modules/xenomorph/silo.dm,42,name,"[siloprefix == ""Normal"" ? """" : ""[siloprefix] ""][name] [number_silo]","[siloprefix == ""Normal"" ? """" : ""[siloprefix] ""][name] [number_silo]",translated,
ec4f4c99,modules/xenomorph/tunnel.dm,153,visible_message,\The [M] begins crawling down into \the [src].,\The [M] 开始爬进 \the [src]。,translated,
